repository_path,category,bytes,sha256,source_relative_path,source_sha256,sanitization_notes
.gitignore,repository metadata,580,0fff0b4cbc376492bbf8698950e939d9a45a354b6fa4cf457e62988696190a46,,,
.venv/Lib/site-packages/_pytest/__init__.py,repository metadata,391,e087512619d6e571b62a568990ec67e7f4c2f56790e6d5c3485eed6dbe2f12ca,,,
.venv/Lib/site-packages/_pytest/_argcomplete.py,repository metadata,3776,821d299daebaa782d56f60fc493e39ebc586c6f7489c64f8de6eac95886a36a5,,,
.venv/Lib/site-packages/_pytest/_code/__init__.py,repository metadata,521,04a6e8c286100032a300999359d43c49240b6c106c874f9d663dd31a3b67eb23,,,
.venv/Lib/site-packages/_pytest/_code/code.py,repository metadata,55913,dd65e749e715745d53814ee845057a6f745f7ba5ee5cf356c6c29d6c10dea78d,,,
.venv/Lib/site-packages/_pytest/_code/source.py,repository metadata,7773,b6cb300ffd6b61df05ecff729683b53aa596118330dff9b967c1ebdd29c0ee91,,,
.venv/Lib/site-packages/_pytest/_io/__init__.py,repository metadata,190,a642c5dbd54416be8396bdde3ad24bf2c7f8ed12c5b7525fe17d436413e56267,,,
.venv/Lib/site-packages/_pytest/_io/pprint.py,repository metadata,19622,18b04a2fa7669d1afdd869d53243733242aac74f0ea7bb5d2527a1dc07b0a276,,,
.venv/Lib/site-packages/_pytest/_io/saferepr.py,repository metadata,4082,1e1c7917eef98b3d3785d93e58ef3a066cbd441b911ecb898fe614ce8cdfae0a,,,
.venv/Lib/site-packages/_pytest/_io/terminalwriter.py,repository metadata,8849,4faed984761221a38fdd1b5073110b927c8c6d59750ce67f6ee0cf1868802446,,,
.venv/Lib/site-packages/_pytest/_io/wcwidth.py,repository metadata,1289,714109ef8521c1e202c1b2af536aba9e865c3600f442504407d09f6a41986aa0,,,
.venv/Lib/site-packages/_pytest/_py/__init__.py,repository metadata,0,e3b0c44298fc1c149afbf4c8996fb92427ae41e4649b934ca495991b7852b855,,,
.venv/Lib/site-packages/_pytest/_py/error.py,repository metadata,3475,90643b17cfdf67a615061031faef669134014f1d2a231c6754c0b40a088e77bd,,,
.venv/Lib/site-packages/_pytest/_py/path.py,repository metadata,49220,3a7c6dce12bc7d38ae0dd3b548416078f78a36d715c7b47613a094d24d3c400a,,,
.venv/Lib/site-packages/_pytest/_version.py,repository metadata,511,eec1a404d513f4d188ecdbfe9d8da4ae32ce0a7e9427920da88f2078bb3ec493,,,
.venv/Lib/site-packages/_pytest/assertion/__init__.py,repository metadata,7120,3a39c99b88fa5478306232af5bc77e28579f8c474e48e345178cf5d28f6bede8,,,
.venv/Lib/site-packages/_pytest/assertion/rewrite.py,repository metadata,48636,f231048ab925ef8585f309a1022470438ae2c77ffab1de0e98693e65547c316c,,,
.venv/Lib/site-packages/_pytest/assertion/truncate.py,repository metadata,5437,5b82328464f47ea754c206532d69f0df8febe1a16bb48e0175a75c81bb3e56b8,,,
.venv/Lib/site-packages/_pytest/assertion/util.py,repository metadata,20713,ddf80fa6b54357bb82682e7ec89ea3bf1ce9d90a97c5eed3c5e925770b8997ed,,,
.venv/Lib/site-packages/_pytest/cacheprovider.py,repository metadata,22375,ae00499f39afb1f266423f8ab431b58269b30ae3f353da996dff9c62fbab6030,,,
.venv/Lib/site-packages/_pytest/capture.py,repository metadata,36829,92e96e989751747bbbce8a2c3abe257c747471ee8bb0eb616aef41cabc3cc55e,,,
.venv/Lib/site-packages/_pytest/compat.py,repository metadata,10336,04482355d566c966fb09bc219024aab19508589f0f8b6840180c8829e51d8232,,,
.venv/Lib/site-packages/_pytest/config/__init__.py,repository metadata,72712,9a0857d7dec27c5389986a98aecf61f5ab869e46e72dabb8e54695a4b9641eda,,,
.venv/Lib/site-packages/_pytest/config/argparsing.py,repository metadata,19064,9e65ea70024af8556ee78083cf7188b95f2b6a97c08cd692aa36cf4ca8656522,,,
.venv/Lib/site-packages/_pytest/config/compat.py,repository metadata,2947,7630edfd74cfc170c88279e8a6d8b6655aeab70ccee6115688c86053976020ce,,,
.venv/Lib/site-packages/_pytest/config/exceptions.py,repository metadata,288,9542a73ada51a8afaa34be897ce3fef2d46aa661d4df8095c60b91e72d107dbc,,,
.venv/Lib/site-packages/_pytest/config/findpaths.py,repository metadata,8404,e3bbb530cc5d160d60f88b177e2d8f6baed6db507c639af0d8ba0c42650a61be,,,
.venv/Lib/site-packages/_pytest/debugging.py,repository metadata,13947,26457b39bef0439dd3146910d136bdea300c606b9b81d5e212cdfd4fb14fcc74,,,
.venv/Lib/site-packages/_pytest/deprecated.py,repository metadata,3147,b0ef548aa11dcbd67e342bc3a18600d10b5a7d8a2001bee53f933d37f1e99da9,,,
.venv/Lib/site-packages/_pytest/doctest.py,repository metadata,26259,4cb4a02707763cfe7dbd2e16baed6153571a5fea33b170fd466aa3fac6f55df9,,,
.venv/Lib/site-packages/_pytest/faulthandler.py,repository metadata,3683,6e4854441dbef9131221c5a19b689fcdae3e1a5cc850fff9125bbb4fb7be2c3b,,,
.venv/Lib/site-packages/_pytest/fixtures.py,repository metadata,77729,53294ef0360702913417d5cb2cc7fcc52510ada81574aa0e0f7a911dddbfe5f0,,,
.venv/Lib/site-packages/_pytest/freeze_support.py,repository metadata,1300,5fde08c62a6a79b780fc7833261f1d6e3a869ebb44405b8c202e612bb486597c,,,
.venv/Lib/site-packages/_pytest/helpconfig.py,repository metadata,9386,2e53c2b4dfd8c8c55c7e19f60cab2d040f8dd8810c7ccc8fcd607edd156ed9c1,,,
.venv/Lib/site-packages/_pytest/hookspec.py,repository metadata,42849,ca5ce6d785970ed31a20bd5134bac4715892fcc8528eab2158276df93ef11e72,,,
.venv/Lib/site-packages/_pytest/junitxml.py,repository metadata,25441,51ea93fb20122b8aa5f2c412b9cf946b6daf719cde470f6ca2c50430bed4135d,,,
.venv/Lib/site-packages/_pytest/legacypath.py,repository metadata,16588,fe5eaff1a90d31f4dce53023bdb73a33efedd79ee9f5013afb5d7c58cd0346df,,,
.venv/Lib/site-packages/_pytest/logging.py,repository metadata,35234,4d9ebb2503ffdd896dd29d750f627af0bfe8b3d825b2e82032f79cd07963b5bf,,,
.venv/Lib/site-packages/_pytest/main.py,repository metadata,37689,1cfc8743fd192849d2309353de3eb8b42dcd83801e1d11b1169dbc75198333d7,,,
.venv/Lib/site-packages/_pytest/mark/__init__.py,repository metadata,9885,9c10b7314f9f297389f3f4042d39796323ad15cdfa79fff9f656ca5c3298ea2b,,,
.venv/Lib/site-packages/_pytest/mark/expression.py,repository metadata,10154,479294ca4b54891406267817a2cbe4b206e430b581998a842e149157fe9e5f1d,,,
.venv/Lib/site-packages/_pytest/mark/structures.py,repository metadata,22972,e3d48717cd5125017f48833f33d277eed0d3a8d04042f7fba6cd7d45f5544632,,,
.venv/Lib/site-packages/_pytest/monkeypatch.py,repository metadata,14625,9df03b926213009d706e3cbe451d22079d97c623da42982caa720419abadd5c5,,,
.venv/Lib/site-packages/_pytest/nodes.py,repository metadata,26533,5646501513534cd741a31a92fea2af1aadd3c2e24d7b70318aa83d9656792ba2,,,
.venv/Lib/site-packages/_pytest/outcomes.py,repository metadata,10502,0cf472a92cec467fb4c9c32f6f52cbee41282f56f134f739464e210bdc689abc,,,
.venv/Lib/site-packages/_pytest/pastebin.py,repository metadata,4155,a7ddb326d48dcfdfb10c4173a90df37a662081745a0e7c43e97e08ca2b5ebdb0,,,
.venv/Lib/site-packages/_pytest/pathlib.py,repository metadata,37622,8127808359baaa711775862b32bfbe0a7e5c16a2e8c9923d60ddd45f031b66fa,,,
.venv/Lib/site-packages/_pytest/py.typed,repository metadata,0,e3b0c44298fc1c149afbf4c8996fb92427ae41e4649b934ca495991b7852b855,,,
.venv/Lib/site-packages/_pytest/pytester.py,repository metadata,61960,cd662381ffb9e9a3e6ada74ef54838c2784b6ba4912f9681dcaff43bfbb2a217,,,
.venv/Lib/site-packages/_pytest/pytester_assertions.py,repository metadata,2253,c57fc76c53c1f91cff34d0edb53637f5fb7bff064bbcf81040155ebd209e5660,,,
.venv/Lib/site-packages/_pytest/python.py,repository metadata,66627,ebf31a8738065ad418c354ceeed99562926055587c664501e9f8d194e4078202,,,
.venv/Lib/site-packages/_pytest/python_api.py,repository metadata,30826,6e8cf4095ac8320602af5ae9f3a85fab40eab16d376118a8ad047da1a6b3802a,,,
.venv/Lib/site-packages/_pytest/raises.py,repository metadata,60194,fc9ba7545de69802649fa9fd0658335bf3d384f5c1b5694f5abf267c9adca6a5,,,
.venv/Lib/site-packages/_pytest/recwarn.py,repository metadata,13245,94d46cf8aade4cd06be47a1922a5a3e26e9544eeffd457fe81c061998860fe52,,,
.venv/Lib/site-packages/_pytest/reports.py,repository metadata,21406,ca2213f977ab6e01e8bbc0fb7527282fd62fa41af206575b262b574977d63910,,,
.venv/Lib/site-packages/_pytest/runner.py,repository metadata,19543,10f2433cca73efa0f9772c6cc190119a6e85d67f5ac61f181549c14e4e6438cf,,,
.venv/Lib/site-packages/_pytest/scope.py,repository metadata,2738,a41ee3b228acb61d7a3c115a715d58c5ddcf8f7600c767669529866c6e26c3a0,,,
.venv/Lib/site-packages/_pytest/setuponly.py,repository metadata,3167,06c46b0b81110d5af8dbed86fcbd00c61354e175706ccb32e52d253af2abf300,,,
.venv/Lib/site-packages/_pytest/setupplan.py,repository metadata,1184,97ec9c14dc4364fc98e76c21e1fef26aa87367b496d628d22a740b9aacc36560,,,
.venv/Lib/site-packages/_pytest/skipping.py,repository metadata,10623,93ccee856c3c5a5a251a905efdabf9d507da3e99e63986143ddf99ea1ba80160,,,
.venv/Lib/site-packages/_pytest/stash.py,repository metadata,3090,e69137903c78abce794d6f5a56f61376b9242a530353afb1897e25b8aa491202,,,
.venv/Lib/site-packages/_pytest/stepwise.py,repository metadata,7689,903f350eb9e19dc94a06631f6aec1099b78c6d852fbb0d3bc395a73649887444,,,
.venv/Lib/site-packages/_pytest/terminal.py,repository metadata,60352,f2028db07d2aecc3200c53fbdcc9ee62295500cc9db98030d73f29852ce21600,,,
.venv/Lib/site-packages/_pytest/threadexception.py,repository metadata,4953,85371ca73654aeb4240d1395140a87817c00538f3571ae0cab8080e1807b9b2e,,,
.venv/Lib/site-packages/_pytest/timing.py,repository metadata,3065,d3c7253f93c900be15cf34ea970f3f7f847d98bfcc9f336acfb262e7a2083ef0,,,
.venv/Lib/site-packages/_pytest/tmpdir.py,repository metadata,11263,236918c090160c1f6b935e162ff44ab273a700221d5f40ac15892be75e4503ee,,,
.venv/Lib/site-packages/_pytest/tracemalloc.py,repository metadata,778,942501fd85006fa475beaabf6fe2d26125f2f9389d6e7da6eed7f3996014ae39,,,
.venv/Lib/site-packages/_pytest/unittest.py,repository metadata,19249,fa27e8be64df87e4672c607573d50204fa60d2b1d031769a773d3c7d47ea1e47,,,
.venv/Lib/site-packages/_pytest/unraisableexception.py,repository metadata,5179,74d681a411e4381e293884a868c75abb6a23ac6a1cfe2e2ec7be835572cb4fec,,,
.venv/Lib/site-packages/_pytest/warning_types.py,repository metadata,4239,e1b3539b2c95bead67a62a54e19fe2ad28263d0ba628e88cca5bc09fb83c317f,,,
.venv/Lib/site-packages/_pytest/warnings.py,repository metadata,5237,6134f838964a4e033bc6a937e3cf8d1d930758298c927c70c3a6c3c226d1050b,,,
.venv/Lib/site-packages/colorama-0.4.6.dist-info/INSTALLER,repository metadata,4,ceebae7b8927a3227e5303cf5e0f1f7b34bb542ad7250ac03fbcde36ec2f1508,,,
.venv/Lib/site-packages/colorama-0.4.6.dist-info/METADATA,repository metadata,17158,7baed29eb50c3b29bdb33ff84e3177bf1bc05784f7685ecdcaa4471c7dd810cc,,,
.venv/Lib/site-packages/colorama-0.4.6.dist-info/RECORD,repository metadata,2174,24ecf55e9e177d90edaf7e688cc0d1944d32d35027e53f2c51d076cb9f4e103d,,,
.venv/Lib/site-packages/colorama-0.4.6.dist-info/WHEEL,repository metadata,105,71d705e056ddd053edc3610c20ec07fb7ad239351d4c278e49744c0f588b51bf,,,
.venv/Lib/site-packages/colorama-0.4.6.dist-info/licenses/LICENSE.txt,repository metadata,1491,cac35c02686e5d04a5a7140bfb3b36e73aed496656e891102e428886d7930318,,,
.venv/Lib/site-packages/colorama/__init__.py,repository metadata,266,c1e3d0038536d2d2a060047248b102d38eee70d5fe83ca512e9601ba21e52dbf,,,
.venv/Lib/site-packages/colorama/ansi.py,repository metadata,2522,4e8a7811e12e69074159db5e28c11c18e4de29e175f50f96a3febf0a3e643b34,,,
.venv/Lib/site-packages/colorama/ansitowin32.py,repository metadata,11128,bcf3586b73996f18dbb85c9a568d139a19b2d4567594a3160a74fba1d5e922d9,,,
.venv/Lib/site-packages/colorama/initialise.py,repository metadata,3325,fa1227cbce82957a37f62c61e624827d421ad9ffe1fdb80a4435bb82ab3e28b5,,,
.venv/Lib/site-packages/colorama/tests/__init__.py,repository metadata,75,32480f004cc641df91ab4c343d95d25f62da7515a150409c8ac258f254ab9b84,,,
.venv/Lib/site-packages/colorama/tests/ansi_test.py,repository metadata,2839,15e5620eb50834865caf9d393c0c6f5380235f3d5ab048802ecf465cc87045a1,,,
.venv/Lib/site-packages/colorama/tests/ansitowin32_test.py,repository metadata,10678,44dec0221309e44a83b186828d5a3ea38bbc2730c3e2e9096e67af58a4bbd2b6,,,
.venv/Lib/site-packages/colorama/tests/initialise_test.py,repository metadata,6741,05b3f2f977f21f027accaa33b903af36f419cecc7dbdd6ffd1b6179fb86c0537,,,
.venv/Lib/site-packages/colorama/tests/isatty_test.py,repository metadata,1866,3e0dba2d1a6fd3240307901cfacc605571bb86c035358bdaa45800a597d8cd98,,,
.venv/Lib/site-packages/colorama/tests/utils.py,repository metadata,1079,d48211ca51b7f73e7e773ab4f51fe782e7f1c8f67182574d6ebc4ac541b018a1,,,
.venv/Lib/site-packages/colorama/tests/winterm_test.py,repository metadata,3709,aa85853c48f29b9826d91b8cc297f7a4e8acddae6bfcf259142ccadb9e092fc0,,,
.venv/Lib/site-packages/colorama/win32.py,repository metadata,6181,61038ac0c4f0b4605bb18e1d2f91d84efc1378ff70210adae4cbcf35d769c59b,,,
.venv/Lib/site-packages/colorama/winterm.py,repository metadata,7134,5c24050c78cf8ba00760d759c32d2d034d87f89878f09a7e1ef0a378b78ba775,,,
.venv/Lib/site-packages/iniconfig-2.3.0.dist-info/INSTALLER,repository metadata,4,ceebae7b8927a3227e5303cf5e0f1f7b34bb542ad7250ac03fbcde36ec2f1508,,,
.venv/Lib/site-packages/iniconfig-2.3.0.dist-info/METADATA,repository metadata,2526,40d773f84e4e112f495bbf4f1be9cbd2d456c0aeb6ef5311f75d1bf322f2165b,,,
.venv/Lib/site-packages/iniconfig-2.3.0.dist-info/RECORD,repository metadata,1087,35ac7262caa2981ee781f2072c5052a0f729d4a59929e1dcf444b1e4fa3a6036,,,
.venv/Lib/site-packages/iniconfig-2.3.0.dist-info/WHEEL,repository metadata,91,ff309ddcdd65ebd02bc724dbf2bcc4a0ff53a5b61792a44548d383e4ebb19d3b,,,
.venv/Lib/site-packages/iniconfig-2.3.0.dist-info/licenses/LICENSE,repository metadata,1098,3409fa91f7ace557894632676656e32264fe5ef7581535725dc9a23774551bd4,,,
.venv/Lib/site-packages/iniconfig-2.3.0.dist-info/top_level.txt,repository metadata,10,eca7ccd1fba07654e88fd516ede9ca5e4d876002d00fca878b22ad8e14b380df,,,
.venv/Lib/site-packages/iniconfig/__init__.py,repository metadata,7497,5cbe5ea94623e26b2400ea2b6798df4408a726f2734c8f9f271a4fe317d7b5ac,,,
.venv/Lib/site-packages/iniconfig/_parse.py,repository metadata,5223,e6770197b30042268f367a51aecf45478b7a1ba0e480e52ce39f0e63fd42476f,,,
.venv/Lib/site-packages/iniconfig/_version.py,repository metadata,704,28d1587be56d76ded9fa81f297c8e60c043da97a0234c0045e2823e814754142,,,
.venv/Lib/site-packages/iniconfig/exceptions.py,repository metadata,399,9a2a50fda3310fd0af4af156375a135d8e10b919ca00c6757f7b027668c34d4d,,,
.venv/Lib/site-packages/iniconfig/py.typed,repository metadata,0,e3b0c44298fc1c149afbf4c8996fb92427ae41e4649b934ca495991b7852b855,,,
.venv/Lib/site-packages/packaging-26.3.dist-info/INSTALLER,repository metadata,4,ceebae7b8927a3227e5303cf5e0f1f7b34bb542ad7250ac03fbcde36ec2f1508,,,
.venv/Lib/site-packages/packaging-26.3.dist-info/METADATA,repository metadata,3544,70fdb89fc4d4a9a043bf7372b8972bcc883fddff34ab55e9cf80d73875384763,,,
.venv/Lib/site-packages/packaging-26.3.dist-info/RECORD,repository metadata,3581,a2cd431afc6ca596c9bf35faf2b902709cad9c48a55d264a71c71e70c6cb2e7a,,,
.venv/Lib/site-packages/packaging-26.3.dist-info/WHEEL,repository metadata,82,1b68144734c4b66791f27add5d425f3620775585718a03d0f9b110ba3a4d88db,,,
.venv/Lib/site-packages/packaging-26.3.dist-info/licenses/LICENSE,repository metadata,197,cad1ef5bd340d73e074ba614d26f7deaca5c7940c3d8c34852e65c4909686c48,,,
.venv/Lib/site-packages/packaging-26.3.dist-info/licenses/LICENSE.APACHE,repository metadata,10174,0d542e0c8804e39aa7f37eb00da5a762149dc682d7829451287e11b938e94594,,,
.venv/Lib/site-packages/packaging-26.3.dist-info/licenses/LICENSE.BSD,repository metadata,1344,b70e7e9b742f1cc6f948b34c16aa39ffece94196364bc88ff0d2180f0028fac5,,,
.venv/Lib/site-packages/packaging/__init__.py,repository metadata,494,6e758cdd0028b2cad74c739b9adc9c9f06f054932306280b878bfe59d39219b5,,,
.venv/Lib/site-packages/packaging/_elffile.py,repository metadata,3236,1f025f54c573f1a85740c4fbd908cc1d1fb0c177c14377ebf5f09d6cd5368780,,,
.venv/Lib/site-packages/packaging/_manylinux.py,repository metadata,10000,5b6e84324c42538ab4cdb148e2430fdba36f04427b0efda55bea083a35fa6136,,,
.venv/Lib/site-packages/packaging/_musllinux.py,repository metadata,2774,0328fb827b1170c77df4c107d49be8df8d37262103490a61e8acad8a2f9cadff,,,
.venv/Lib/site-packages/packaging/_parser.py,repository metadata,12639,88a348115209327497e453b635e5db099fd592f9335d710c7313b29cdb30c50c,,,
.venv/Lib/site-packages/packaging/_ranges.py,repository metadata,30850,b7b595f2e692aeb3697c545b85c24cbbcb4552f2adc6d9059aa82d0877e816b7,,,
.venv/Lib/site-packages/packaging/_structures.py,repository metadata,1109,eb48d16c5efca7ccf930a9cd77a700a6b80e69d0891d5d03966526441a8565cb,,,
.venv/Lib/site-packages/packaging/_tokenizer.py,repository metadata,5573,cc25e57c0d564c89e15073471d6e1c264299ca946fb17c0e1e4af54ef7713ee6,,,
.venv/Lib/site-packages/packaging/dependency_groups.py,repository metadata,11224,5309cc564ca3022dfb594816e9d593bb09cdf34208c1fb8c5ec9afb6c670278c,,,
.venv/Lib/site-packages/packaging/direct_url.py,repository metadata,11645,843baa95d04cbb49288de9d9fd77ee946e862cb603123e7e46a69e171fa7d06b,,,
.venv/Lib/site-packages/packaging/errors.py,repository metadata,2680,ea17c461701ff2ffc817ae7e94569d24e30889e04fdb120ab721178c6d67188b,,,
.venv/Lib/site-packages/packaging/licenses/__init__.py,repository metadata,7859,590d12eee73ddbec53b4e9ee5bfc64d9cb3aacb4940e8ebcba260757ce56740b,,,
.venv/Lib/site-packages/packaging/licenses/_spdx.py,repository metadata,51122,596ec35e2ca0ebcba9fd8343ff0a51625af548786257815f24b41f7e08613314,,,
.venv/Lib/site-packages/packaging/markers.py,repository metadata,20554,6cbe860d35d98d2b599e7f0ec73feab124e015711b30be9045e678c92940d9cc,,,
.venv/Lib/site-packages/packaging/metadata.py,repository metadata,42059,934149f420a5449e6f376aa61d6f26a0823eb82cc7c6a1c8cde5aa7be43d0f63,,,
.venv/Lib/site-packages/packaging/py.typed,repository metadata,0,e3b0c44298fc1c149afbf4c8996fb92427ae41e4649b934ca495991b7852b855,,,
.venv/Lib/site-packages/packaging/pylock.py,repository metadata,35232,1bce0a9fe63e42b87e8ced05da272baf16a68aa704b3718405e2735a6112467c,,,
.venv/Lib/site-packages/packaging/ranges.py,repository metadata,83054,b4781ce913e5dff9e07906f20585c54c3028e1f7ff56341828e79d522ddbfab6,,,
.venv/Lib/site-packages/packaging/requirements.py,repository metadata,7040,459476eb2107fe30e6b1310051a5bdb44c7d3b7f78e0e87bada268282cba62f5,,,
.venv/Lib/site-packages/packaging/specifiers.py,repository metadata,52798,661ad31ddf45ffb861d2626734f4e3d66966029b8fdb79586bb105825d8d9d59,,,
.venv/Lib/site-packages/packaging/tags.py,repository metadata,38302,0e717a082a79620d79cf0321b420df15593c4916fcda03c27cb9d82e07ef5d6e,,,
.venv/Lib/site-packages/packaging/utils.py,repository metadata,12215,a13742cd9994eeca5adfb0249d126408c478026eb1f48cb97afbf2fe9f28ecc6,,,
.venv/Lib/site-packages/packaging/version.py,repository metadata,39040,558b2fb50fd198c660a4c082f96b8919c565911b6b4b6e07f34b6b60c074be97,,,
.venv/Lib/site-packages/pip-25.0.1.dist-info/AUTHORS.txt,repository metadata,11018,1eace90552df4f5941b61a907e20e555e16483ae6127b650bef5a1a2af8102c0,,,
.venv/Lib/site-packages/pip-25.0.1.dist-info/INSTALLER,repository metadata,4,ceebae7b8927a3227e5303cf5e0f1f7b34bb542ad7250ac03fbcde36ec2f1508,,,
.venv/Lib/site-packages/pip-25.0.1.dist-info/LICENSE.txt,repository metadata,1093,634300a669d49aeae65b12c6c48c924c51a4cdf3d1ff086dc3456dc8bcaa2104,,,
.venv/Lib/site-packages/pip-25.0.1.dist-info/METADATA,repository metadata,3677,4fa7318cf30f979db7cec45c12cbbc2b4f88a15f12eefbf59a6291d0a03af926,,,
.venv/Lib/site-packages/pip-25.0.1.dist-info/RECORD,repository metadata,65740,d1f0e1063e1488308e1cddf713cb2fd91a2c15732e089ea89be3b864a4b883f6,,,
.venv/Lib/site-packages/pip-25.0.1.dist-info/REQUESTED,repository metadata,0,e3b0c44298fc1c149afbf4c8996fb92427ae41e4649b934ca495991b7852b855,,,
.venv/Lib/site-packages/pip-25.0.1.dist-info/WHEEL,repository metadata,91,227f454cdc5e3fad0a9d3906c3bc24ea624f61dfdd4128c46665dd05d30223ef,,,
.venv/Lib/site-packages/pip-25.0.1.dist-info/entry_points.txt,repository metadata,87,79e223bb37e77d1d8fae16e39dbcc553a327492ef49192f1c1a1c7aba33e6c3d,,,
.venv/Lib/site-packages/pip-25.0.1.dist-info/top_level.txt,repository metadata,4,ceebae7b8927a3227e5303cf5e0f1f7b34bb542ad7250ac03fbcde36ec2f1508,,,
.venv/Lib/site-packages/pip/__init__.py,repository metadata,357,68a8affec4deed46c4eea9ad0a29c9bad163a8dd0c9dd6506757ca2cdc0514b1,,,
.venv/Lib/site-packages/pip/__main__.py,repository metadata,854,5b36e11d74db484ea0058d7d98d37d9b8b39a3fdfae4b3af4d84a0aa06dd0611,,,
.venv/Lib/site-packages/pip/__pip-runner__.py,repository metadata,1450,70f3d6b89e8d2bf93e1b37ef95e8cb160c339985113a6a4047a402dd0faf9174,,,
.venv/Lib/site-packages/pip/_internal/__init__.py,repository metadata,513,31f7283a5b8367c40c08561a974e08a8e27daba9b657b6b468eb2723e58ec54a,,,
.venv/Lib/site-packages/pip/_internal/build_env.py,repository metadata,10700,0efe14082952838b8d69a97f84bfadae0e7ece5dc8b3d0ae203c640a10a45c5e,,,
.venv/Lib/site-packages/pip/_internal/cache.py,repository metadata,10369,25bebdf29e4f362811b695b9a36eb040d92452fe0c9d0f7899ce3bd702fadc0d,,,
.venv/Lib/site-packages/pip/_internal/cli/__init__.py,repository metadata,132,1641c1829c716fefe077aaf51639cd85f30ecc0518c97a17289e9a6e28df7055,,,
.venv/Lib/site-packages/pip/_internal/cli/autocompletion.py,repository metadata,6865,2e58b732be9a0cdbbb664249145bf00f6fa1171348e80bf3f0ec0cc92e5356bb,,,
.venv/Lib/site-packages/pip/_internal/cli/base_command.py,repository metadata,8625,3598a7e8a3335bd3526332a4e1373c8ac6ff4d060a47808a7798fd9929b8e8f2,,,
.venv/Lib/site-packages/pip/_internal/cli/cmdoptions.py,repository metadata,30116,577041db6178feffd1907699e689d69ecce16c1b63619bcd85b9fd33434ed072,,,
.venv/Lib/site-packages/pip/_internal/cli/command_context.py,repository metadata,774,4478083f0b4e6e1e4a84cadddd8653925f336d51bee8e92697b61b157e04860d,,,
.venv/Lib/site-packages/pip/_internal/cli/index_command.py,repository metadata,5677,8bfb203653e65c2e621d4698f9d9a6ac728a4e07393b8856ce2b2be40975aebd,,,
.venv/Lib/site-packages/pip/_internal/cli/main.py,repository metadata,2817,04365e7fe6d67bd83d269af8395b387437fef38e4726c2b0f37e53ec0a849c07,,,
.venv/Lib/site-packages/pip/_internal/cli/main_parser.py,repository metadata,4338,95a0e9b2e04397a9327f2c29f5e30c03db3ce237c7d932499febe62f4186f74c,,,
.venv/Lib/site-packages/pip/_internal/cli/parser.py,repository metadata,10825,54232d76ecc409457ceca68736efb127ec0b34bf36c93df1d7a5785c1c4e02a2,,,
.venv/Lib/site-packages/pip/_internal/cli/progress_bars.py,repository metadata,2717,f46720bac5adc1faa8bb6ce1010a755cd6d01c80ec96acb2cfd5302f3c3b2607,,,
.venv/Lib/site-packages/pip/_internal/cli/req_command.py,repository metadata,12250,0ea78586650cb3aa3a12ff2a6b001c3a860d74066c7f2292d0c648e63b096304,,,
.venv/Lib/site-packages/pip/_internal/cli/spinners.py,repository metadata,5118,84827cdc67ab74580509da1b200db726081eb5e825fee0b84a9e7cea7cc56cf1,,,
.venv/Lib/site-packages/pip/_internal/cli/status_codes.py,repository metadata,116,b0414751a5096eabfc880acbdc702d733b5666618e157d358537ac4b2b43121d,,,
.venv/Lib/site-packages/pip/_internal/commands/__init__.py,repository metadata,3882,e6844ef4eddd336bc6ba1d1b170e0739595eb6bcabcf91c732698f5b026b1fd5,,,
.venv/Lib/site-packages/pip/_internal/commands/cache.py,repository metadata,8107,20e7b34e27078c6139b16741c769f03d581b8ee247337b3e059124a592de9ae6,,,
.venv/Lib/site-packages/pip/_internal/commands/check.py,repository metadata,2268,1ebff87a231df5c8150e012f8ed21dc3dd793662fb44e2165bc7a792bf2c94f4,,,
.venv/Lib/site-packages/pip/_internal/commands/completion.py,repository metadata,4287,1d3e250f46e0b1f947ab62038187e211da7b2061ad13bb3a320237c67d15404c,,,
.venv/Lib/site-packages/pip/_internal/commands/configuration.py,repository metadata,9766,9fdf1e9f0a7acb46f91ba7e24508da668e3716524a62f7bf75a32137ee0144d7,,,
.venv/Lib/site-packages/pip/_internal/commands/debug.py,repository metadata,6797,0cd0d1804f58b0aadb633534b3754a8bcac7b4a1785f5dc227f6ebffc3d45ced,,,
.venv/Lib/site-packages/pip/_internal/commands/download.py,repository metadata,5273,d2a0749f2b3a6443eca20e39d650ec8cbe41c7b67deedf81f34a0564a869cca3,,,
.venv/Lib/site-packages/pip/_internal/commands/freeze.py,repository metadata,3203,d95b7bd816134a6f6bcee7ba77c74dcedf2277158ae036fa1ddf9a9eaec643cd,,,
.venv/Lib/site-packages/pip/_internal/commands/hash.py,repository metadata,1703,11554ebaf1ada0f11d162f1236799daa5090ae10b157e909b1dc2d75c0a75c64,,,
.venv/Lib/site-packages/pip/_internal/commands/help.py,repository metadata,1132,81c73a40391c80730eb809f9531699c004adb1106b9c64a7ff2c634b9ec92283,,,
.venv/Lib/site-packages/pip/_internal/commands/index.py,repository metadata,4731,4405f1989c058556f94b5058cdbe627d7dec9fd35af2fd8209563048c3fca5aa,,,
.venv/Lib/site-packages/pip/_internal/commands/inspect.py,repository metadata,3189,3c6ad8f53453442337cb9325f01764f0310e5eab9645fb1caf80d1a352ce4cf7,,,
.venv/Lib/site-packages/pip/_internal/commands/install.py,repository metadata,29390,af7c87414c6fc6dee00f98fd9facd10ec940bedc7d093ff084bb9025c92da7a3,,,
.venv/Lib/site-packages/pip/_internal/commands/list.py,repository metadata,12769,a222334a32cfebffddedd212dead176f9cb0b1a393841591a8cca38cace43dd3,,,
.venv/Lib/site-packages/pip/_internal/commands/search.py,repository metadata,5626,7d6914415c7f826f1e6db14094282ab712974fdacd6a1a49f8123fff71cd6698,,,
.venv/Lib/site-packages/pip/_internal/commands/show.py,repository metadata,7857,d180610a06b73c077cd6f4f797b5167e592d4a9079f9a62a41c2710553dacd53,,,
.venv/Lib/site-packages/pip/_internal/commands/uninstall.py,repository metadata,3892,ee9391ede9caefa8229b2c506f3c5c1b53acc8b5cbdc3bd7f77f7198cf05bed8,,,
.venv/Lib/site-packages/pip/_internal/commands/wheel.py,repository metadata,6414,789461affaa834dc5602491d24236240cec25dde04d7f632421b2a26704f1868,,,
.venv/Lib/site-packages/pip/_internal/configuration.py,repository metadata,14005,f8a3a893a8e1de11735cc3d014f275fc416306902c81ef914ab790b8b1cb9b3a,,,
.venv/Lib/site-packages/pip/_internal/distributions/__init__.py,repository metadata,858,1eaea4b7a8170608cd8ade614d358b03378234e2a807e374a46612a9e86b962f,,,
.venv/Lib/site-packages/pip/_internal/distributions/base.py,repository metadata,1783,41e07daaf2970c88cb74f0431397cc8297c6a8c302afe828be7ba84271ae885f,,,
.venv/Lib/site-packages/pip/_internal/distributions/installed.py,repository metadata,842,4229c715b58043ca04d296c3f0c1595a4c259df5354184dc700d6f9e1ae560e5,,,
.venv/Lib/site-packages/pip/_internal/distributions/sdist.py,repository metadata,6751,3e570fe1aebe47a73df179ce33e6fa2e46f7aecbe1f621b8a24f2c85a6a7af3b,,,
.venv/Lib/site-packages/pip/_internal/distributions/wheel.py,repository metadata,1317,4c70587e7bfb555b7c99884c614b47d774b513b143c2d0f20df994725f1a8b41,,,
.venv/Lib/site-packages/pip/_internal/exceptions.py,repository metadata,26481,dbf6f221222fde44a723ff53f84b1fc6bb742e74d181c507cb1bb4b70b078d06,,,
.venv/Lib/site-packages/pip/_internal/index/__init__.py,repository metadata,30,be9b7e25e4d979f87c6be142db665e0525c555bb817174868882e141925a3694,,,
.venv/Lib/site-packages/pip/_internal/index/collector.py,repository metadata,16265,45d3ced092c0966c8158f0166073f24681a3cf718d01e4e78023646c67b2fe61,,,
.venv/Lib/site-packages/pip/_internal/index/package_finder.py,repository metadata,38076,9891c0963947787b9c972bb1b63bc164ee83b68bca8ec66317fb4287fc2ec791,,,
.venv/Lib/site-packages/pip/_internal/index/sources.py,repository metadata,8632,94f04b2b95e2cbc43a210322a36e9697ba1c7d938a9201a494804dc94276ddf2,,,
.venv/Lib/site-packages/pip/_internal/locations/__init__.py,repository metadata,14925,51a031799fdff77172a2eb857f8a7b497605fb85acb57b84bdddcb6e63c2027a,,,
.venv/Lib/site-packages/pip/_internal/locations/_distutils.py,repository metadata,6013,c7a9f254b8fb5f5d58e2484875ffa6165c4c97615669db5512079bf2ea5cfd62,,,
.venv/Lib/site-packages/pip/_internal/locations/_sysconfig.py,repository metadata,7724,206cddb3ad2ab059de468802fa8781698edb121de53edfefe3b90c2428505ec5,,,
.venv/Lib/site-packages/pip/_internal/locations/base.py,repository metadata,2556,45088f8b5778155336071934e1d4215d9d8faa47a58c42f67d967d498a8843bf,,,
.venv/Lib/site-packages/pip/_internal/main.py,repository metadata,340,afe52751ef072e8e57149cfc8a74dc38e4e2bbfb313618076fa57094652594e2,,,
.venv/Lib/site-packages/pip/_internal/metadata/__init__.py,repository metadata,4337,094f232b54d9b28ee338b76bd2c5fdc438eb72ce62cbc77b2112be86f6883b96,,,
.venv/Lib/site-packages/pip/_internal/metadata/_json.py,repository metadata,2707,7b3ac861acc708834cd90524d5e03dc0400c8f769e19678356019a9605332a97,,,
.venv/Lib/site-packages/pip/_internal/metadata/base.py,repository metadata,25298,7edd0ae57360238113a999d1bf6f82b6f81888c38c01e18c033c53f9fe952c90,,,
.venv/Lib/site-packages/pip/_internal/metadata/importlib/__init__.py,repository metadata,135,8d4522768c671dc7c84c71da0161b51b68b97dd058925bffb89723a36c7b5581,,,
.venv/Lib/site-packages/pip/_internal/metadata/importlib/_compat.py,repository metadata,2796,73a6aff2c3fc0418c066e152268c358967f28145cd337c514c29f99eac3a07d3,,,
.venv/Lib/site-packages/pip/_internal/metadata/importlib/_dists.py,repository metadata,8279,7ed9988b27d41942239d5c2de96f888ec8a6cb9736f0a8265e5cb9439210d8fe,,,
.venv/Lib/site-packages/pip/_internal/metadata/importlib/_envs.py,repository metadata,7431,51407df345d2ac35ab329435fc6e398b4afc1ea960fed83720f43ade612a6cd7,,,
.venv/Lib/site-packages/pip/_internal/metadata/pkg_resources.py,repository metadata,10542,534ec44c020d4867924417d6506f77138b5965b696fdfecf1b312a64dd21ba57,,,
.venv/Lib/site-packages/pip/_internal/models/__init__.py,repository metadata,63,dc31d477fab1a4fa337f3a2ea2a6bd83db6cd42cebe6a6877c5c5b9f1ae27a93,,,
.venv/Lib/site-packages/pip/_internal/models/candidate.py,repository metadata,753,cf380546ec3f9163e32a91b0ecb0b4654303d8243611b7ab50862cf22ce37420,,,
.venv/Lib/site-packages/pip/_internal/models/direct_url.py,repository metadata,6578,b81b58d871dddd33bd70a4095a1d1386f139151afe3164580a1454e081bd1d91,,,
.venv/Lib/site-packages/pip/_internal/models/format_control.py,repository metadata,2486,c2db10a922bd1da522371404b81f82eb67958a6c3a1b8fd5405c55f7efca0c11,,,
.venv/Lib/site-packages/pip/_internal/models/index.py,repository metadata,1030,b589cbf28c468b8692356babd261bc0c03fbac2eb2ba16bf33024ef31c3472b2,,,
.venv/Lib/site-packages/pip/_internal/models/installation_report.py,repository metadata,2818,cd1559a1acfedafb2b7b38ff1f784b3a131908af5ced36f35a00be8ce6a50f4d,,,
.venv/Lib/site-packages/pip/_internal/models/link.py,repository metadata,21448,190f21abbc7e14314fbf6e4d6e7daf78833e32506b1990c62ddeda65e1785eb8,,,
.venv/Lib/site-packages/pip/_internal/models/scheme.py,repository metadata,575,3da9261c93377bc38e592645b5fcf5033edfd6678e3499e41ae431165b77c011,,,
.venv/Lib/site-packages/pip/_internal/models/search_scope.py,repository metadata,4531,ebb3449ec618f38efce12f8c33b7a442ea3d2972c7fbb333167b578daa6f028d,,,
.venv/Lib/site-packages/pip/_internal/models/selection_prefs.py,repository metadata,2015,a9a15f0ecddc8aaa173e0eb1c78e4dd633cba9c70b270e0dd2ce0fd0fc874d0f,,,
.venv/Lib/site-packages/pip/_internal/models/target_python.py,repository metadata,4271,d97687dab679645f8ae707096c4306125ed2aab4d3a030cd92bb50daffefffe4,,,
.venv/Lib/site-packages/pip/_internal/models/wheel.py,repository metadata,4539,1bb74d0ffb3879b3e410bed1275a8263442151458820ae809e35a04404c5e67a,,,
.venv/Lib/site-packages/pip/_internal/network/__init__.py,repository metadata,50,8dfe93b799d5ffbce401106b2a88c85c8b607a3be87a054954a51b8406b92287,,,
.venv/Lib/site-packages/pip/_internal/network/auth.py,repository metadata,20809,0f88004a352baa80c5952b7a810efaeca0008efe8f532254d29b839615cd5511,,,
.venv/Lib/site-packages/pip/_internal/network/cache.py,repository metadata,4614,d3218c03711eb79f710522ed6cf01e9ef239ddd976f6850e7aa67673440bd92b,,,
.venv/Lib/site-packages/pip/_internal/network/download.py,repository metadata,6048,14b38fdbd74f6040818808bb7848ef01b364cb368a36a6f28ce4f69bc1cf5bc5,,,
.venv/Lib/site-packages/pip/_internal/network/lazy_wheel.py,repository metadata,7622,3c176832835040803ce058609dedfc8d6179d96e31fcab6c1e3c60bf876444a0,,,
.venv/Lib/site-packages/pip/_internal/network/session.py,repository metadata,18771,9ac3387acd7a2e698d118364ad8ca0f1f4dcee00076ca165b5ac1f28fdbb2ce2,,,
.venv/Lib/site-packages/pip/_internal/network/utils.py,repository metadata,4088,2276b17a5f8dc41bb83d05a48f212b7677dec2c1427201e987b773475f856e86,,,
.venv/Lib/site-packages/pip/_internal/network/xmlrpc.py,repository metadata,1838,b00c7339a709f8dd4d5c63ef6a9f630b7cee6164a79efdc65ed811dbe13600f0,,,
.venv/Lib/site-packages/pip/_internal/operations/__init__.py,repository metadata,0,e3b0c44298fc1c149afbf4c8996fb92427ae41e4649b934ca495991b7852b855,,,
.venv/Lib/site-packages/pip/_internal/operations/build/__init__.py,repository metadata,0,e3b0c44298fc1c149afbf4c8996fb92427ae41e4649b934ca495991b7852b855,,,
.venv/Lib/site-packages/pip/_internal/operations/build/build_tracker.py,repository metadata,4774,f80456fd37231c2397ec3d8d50e1a7b41e0581ce9be1aa25b179002ba0562fbc,,,
.venv/Lib/site-packages/pip/_internal/operations/build/metadata.py,repository metadata,1422,f52d02503f14dd0a99797a7e672b7c1f1c14f74944e10ae760382ba990f30677,,,
.venv/Lib/site-packages/pip/_internal/operations/build/metadata_editable.py,repository metadata,1510,c6503070ff6affcfdf9afff7237f70f4467b49057d867259afd56e4ecab663af,,,
.venv/Lib/site-packages/pip/_internal/operations/build/metadata_legacy.py,repository metadata,2190,f22ea2d50657f66fe528f4ad105b0728cd0c4f86be083e34f093b0f7d75a2e6a,,,
.venv/Lib/site-packages/pip/_internal/operations/build/wheel.py,repository metadata,1075,b13d761412c0c430bac32ac3a2b87c92f719d631b9a889c2456cf33fe5242624,,,
.venv/Lib/site-packages/pip/_internal/operations/build/wheel_editable.py,repository metadata,1417,c8eb681face9024a0a60452dafc161ceb62790d1d0690063590d8761a7b53108,,,
.venv/Lib/site-packages/pip/_internal/operations/build/wheel_legacy.py,repository metadata,3045,2beea43619a3fb5c43178e67cb5ca178c7ab174ba2e04a1008bcc4a0787afad7,,,
.venv/Lib/site-packages/pip/_internal/operations/check.py,repository metadata,5912,2f6e2f44bf1559bcb2c1da1e02133cf5609df332d39e321b50b94a7a552021e7,,,
.venv/Lib/site-packages/pip/_internal/operations/freeze.py,repository metadata,9843,d7f33bf630102a70b15abf8a082987b955ce54519a5091e6a162df173821ecae,,,
.venv/Lib/site-packages/pip/_internal/operations/install/__init__.py,repository metadata,51,997ee1c83d863413b69851a8903437d2bfc65efed8fcf2ddb71714bf5e387beb,,,
.venv/Lib/site-packages/pip/_internal/operations/install/editable_legacy.py,repository metadata,1283,3e812c3443c66c8676c90a613ec9984ca2ce08cb3882fe4e7027735b5db835c0,,,
.venv/Lib/site-packages/pip/_internal/operations/install/wheel.py,repository metadata,27615,5f9233f72520e4b94ae55350f60da291ce9d711bbc10f8bf4948b98ae103460a,,,
.venv/Lib/site-packages/pip/_internal/operations/prepare.py,repository metadata,28118,8e8589c0f92ea86b1c42054d2262caef57bd8516a9c0abd108cf07725cac9af5,,,
.venv/Lib/site-packages/pip/_internal/pyproject.py,repository metadata,7286,18b27aad6452e7fda7a0a75a8e88682f20edcb9ed9ed05e17140188219939d67,,,
.venv/Lib/site-packages/pip/_internal/req/__init__.py,repository metadata,2653,1f1045b59cbf05b09c94b82bdbac1a32da7361d3b94f7bf178fbe91805d2b79b,,,
.venv/Lib/site-packages/pip/_internal/req/constructors.py,repository metadata,18430,bf5ab308dd66225770c7e9c2acf73c24ee25c649b716ff0ce515afb7c2c84a37,,,
.venv/Lib/site-packages/pip/_internal/req/req_file.py,repository metadata,20234,7b2b3cd8c72068808e1a27365194478c3ef6d2988a24fc2679261d5e55b097ac,,,
.venv/Lib/site-packages/pip/_internal/req/req_install.py,repository metadata,35786,04ca6dc47620dae1bf6feec714450b3dbde7bb0d053006ee79af334eadab13bc,,,
.venv/Lib/site-packages/pip/_internal/req/req_set.py,repository metadata,2858,8f77ac1b4b3a4b3a1545e5fdad69f8ae960db72113fdfc316f024f4629af471a,,,
.venv/Lib/site-packages/pip/_internal/req/req_uninstall.py,repository metadata,23853,ab30c8c49a3e3844d6a866a2b3bb523020dc59b013600053f9389dde2b72174b,,,
.venv/Lib/site-packages/pip/_internal/resolution/__init__.py,repository metadata,0,e3b0c44298fc1c149afbf4c8996fb92427ae41e4649b934ca495991b7852b855,,,
.venv/Lib/site-packages/pip/_internal/resolution/base.py,repository metadata,583,aa59a1df6e520557ef1ba31ef6073936c879b1dc07070cc706ae9a117b4ab0b0,,,
.venv/Lib/site-packages/pip/_internal/resolution/legacy/__init__.py,repository metadata,0,e3b0c44298fc1c149afbf4c8996fb92427ae41e4649b934ca495991b7852b855,,,
.venv/Lib/site-packages/pip/_internal/resolution/legacy/resolver.py,repository metadata,24068,dc766224145dd454cdea3429238a913bcf936cb61e21b5134ba3c5bd79d7b36c,,,
.venv/Lib/site-packages/pip/_internal/resolution/resolvelib/__init__.py,repository metadata,0,e3b0c44298fc1c149afbf4c8996fb92427ae41e4649b934ca495991b7852b855,,,
.venv/Lib/site-packages/pip/_internal/resolution/resolvelib/base.py,repository metadata,5023,0c27faebd16cab2418e6ea9779e3c31d06357b840efa9073587f0ed2cf7e2bde,,,
.venv/Lib/site-packages/pip/_internal/resolution/resolvelib/candidates.py,repository metadata,20001,e54675ba93679aab0ffa798465a0d8c5a0600a87a3c3f7b65951a6980bc1c577,,,
.venv/Lib/site-packages/pip/_internal/resolution/resolvelib/factory.py,repository metadata,32659,30938b499258f3fdbc3cf75cbada10ea08c9ff57810ede99d5e76d7d32724781,,,
.venv/Lib/site-packages/pip/_internal/resolution/resolvelib/found_candidates.py,repository metadata,6383,f61ad3c90a85be5f48ed38e2efd1750311efdfd421d6b909ffb75e48748c7d07,,,
.venv/Lib/site-packages/pip/_internal/resolution/resolvelib/provider.py,repository metadata,9935,6dcb059d8be59ad07cd1cc15756d5f23082897c64daf57f5547c914e4cf8ed23,,,
.venv/Lib/site-packages/pip/_internal/resolution/resolvelib/reporter.py,repository metadata,3168,d3426da171244e5c34fab97fb25e7877bd5abf03ac247b7d1861dcae3e52cdad,,,
.venv/Lib/site-packages/pip/_internal/resolution/resolvelib/requirements.py,repository metadata,8065,ec91b867bd9ee58938bd4d12e6e946bdba93cb814c406621639cd0857f734ed6,,,
.venv/Lib/site-packages/pip/_internal/resolution/resolvelib/resolver.py,repository metadata,12592,9cb24eb15304562da0414549a1414a31901ebb67fb19132318cbcd496cb3d017,,,
.venv/Lib/site-packages/pip/_internal/self_outdated_check.py,repository metadata,8318,d4f16db6dbcb01ec82551ded3e806adac3a53c3d0827e292a94e9b7351d493d7,,,
.venv/Lib/site-packages/pip/_internal/utils/__init__.py,repository metadata,0,e3b0c44298fc1c149afbf4c8996fb92427ae41e4649b934ca495991b7852b855,,,
.venv/Lib/site-packages/pip/_internal/utils/_jaraco_text.py,repository metadata,3350,335e6e50f221e4da4fd6d754181c516aeeaad59004b48f3e5f22c4113b1c15f1,,,
.venv/Lib/site-packages/pip/_internal/utils/_log.py,repository metadata,1015,fa31cb384fd31da673e4115c0a7a122fd11802d2749d77a6e3db3da1fe23bcac,,,
.venv/Lib/site-packages/pip/_internal/utils/appdirs.py,repository metadata,1665,b3081c4ca3a6ddd68b7974d6eafe41512d938b646f1271914181ffc835e4940a,,,
.venv/Lib/site-packages/pip/_internal/utils/compat.py,repository metadata,2399,724905bde0626108d15a390db1a8edfe858f4b9eed26f13c5f1a02e0e2188026,,,
.venv/Lib/site-packages/pip/_internal/utils/compatibility_tags.py,repository metadata,6272,396ab96b11e95be30410fced19dbe0003ae024f01c57d6bcf11c66e19f1506cf,,,
.venv/Lib/site-packages/pip/_internal/utils/datetime.py,repository metadata,242,9b6d58df002d41cfa38ba55e6fa93f33983a034672148e1e81c853767c21fa94,,,
.venv/Lib/site-packages/pip/_internal/utils/deprecation.py,repository metadata,3707,93b420fd404069a4ddcaaf3661501103a0fb4667064d71afedf9df7208a08f84,,,
.venv/Lib/site-packages/pip/_internal/utils/direct_url_helpers.py,repository metadata,3196,af6311b64543002bfd006a983830540bd0a3c20b6c514d6cebc86681f08932d0,,,
.venv/Lib/site-packages/pip/_internal/utils/egg_link.py,repository metadata,2463,d0578f6685182afe11190dadeb1ef0e59e36ef06c0fd4a375999c092b82cbaaa,,,
.venv/Lib/site-packages/pip/_internal/utils/entrypoints.py,repository metadata,3064,62584b4d1976a07040baa85cfb398bed4492ebb4cf5951c89a3780407ade6534,,,
.venv/Lib/site-packages/pip/_internal/utils/filesystem.py,repository metadata,4950,6a3bc0faae28725896f643e9f18aae87ee2fb2c5dbbbe50a6e8e4557d5785fae,,,
.venv/Lib/site-packages/pip/_internal/utils/filetypes.py,repository metadata,716,8bc5c04347850a8836e85c3dc95d186f5ca002a298075c3d0b3f67d1f8fc8195,,,
.venv/Lib/site-packages/pip/_internal/utils/glibc.py,repository metadata,3734,bd4916abfd6926ecdc60d70628b9509800685228ac2bc9e8618d7273c5aae30e,,,
.venv/Lib/site-packages/pip/_internal/utils/hashes.py,repository metadata,4972,5c618b2f4006f3e4615a7cb3f3bc45e8c159fbe04a69d1d4df90f8ede02908a2,,,
.venv/Lib/site-packages/pip/_internal/utils/logging.py,repository metadata,11845,38d7dbae1683db8f1a924a2c2bbf627fdee7db4100071c233b1a79744e510916,,,
.venv/Lib/site-packages/pip/_internal/utils/misc.py,repository metadata,23450,0d69d8c41508b63469ee1871120e2287a3fa6292abca433ce9d6e2fc4714f124,,,
.venv/Lib/site-packages/pip/_internal/utils/packaging.py,repository metadata,2142,726f97ff41d51d5fe3470515661e80b845aa4a2b737fc129689ed4bf6506bba0,,,
.venv/Lib/site-packages/pip/_internal/utils/retry.py,repository metadata,1392,9a115bca45e38539d97e0cdebb2faf97d73c9c40a7627fc232dc0d257dad6334,,,
.venv/Lib/site-packages/pip/_internal/utils/setuptools_build.py,repository metadata,4435,a2e5e9b9dfa3792f313f24cfb1727e9b7e0d3ef2b9a2ce39a2d03375257f2091,,,
.venv/Lib/site-packages/pip/_internal/utils/subprocess.py,repository metadata,8988,12cbea49189230717df13f13c66bba34b53753ef8ca534d08ed36028fd0ffbe3,,,
.venv/Lib/site-packages/pip/_internal/utils/temp_dir.py,repository metadata,9310,e6a3977bc33825e63abda15033cebb779ce4a756d2c0c67e293e63ca698fd198,,,
.venv/Lib/site-packages/pip/_internal/utils/unpacking.py,repository metadata,11967,fe055dcb34d10cc624b699d89639f83a8c6b653b4c09fe319274a6e2b2b459a0,,,
.venv/Lib/site-packages/pip/_internal/utils/urls.py,repository metadata,1599,a9c7923996f995b343ac736cbfbfd2e0be18b6cce36b93703ca50c9d91db6273,,,
.venv/Lib/site-packages/pip/_internal/utils/virtualenv.py,repository metadata,3456,4ba7fb72c628ad1a620fa72f9f78c849961cdc8f0f242e371f988c1694401035,,,
.venv/Lib/site-packages/pip/_internal/utils/wheel.py,repository metadata,4494,6f8e368e4c9d1478d7cc3cba70c47b329cd6049d50f36851e45df77267075778,,,
.venv/Lib/site-packages/pip/_internal/vcs/__init__.py,repository metadata,596,500aafce96e2d156d9a3751beac904799030fa8a08651fb35ff5a909bc720a85,,,
.venv/Lib/site-packages/pip/_internal/vcs/bazaar.py,repository metadata,3528,10a4ad71068aa4dbb434ae29e50d7439ce316f70d4c45c34db85eb272e346c54,,,
.venv/Lib/site-packages/pip/_internal/vcs/git.py,repository metadata,18177,deda5cf4b400fc9e08556e6be4dbd669a49e0f372624ead215937427cbc829f5,,,
.venv/Lib/site-packages/pip/_internal/vcs/mercurial.py,repository metadata,5249,a142ce8732765227bed3a775a2690bfbf19cea6786694932a20bea1bd642c8fb,,,
.venv/Lib/site-packages/pip/_internal/vcs/subversion.py,repository metadata,11735,75d4ee80706a1f357779b2a55394171cf378814aa5c976cec7cabc3605cabecf,,,
.venv/Lib/site-packages/pip/_internal/vcs/versioncontrol.py,repository metadata,22440,72f7fffa19d302340b5c9dddd7b14c36141f70ed4070a594175d2d7eb6323fe7,,,
.venv/Lib/site-packages/pip/_internal/wheel_builder.py,repository metadata,11799,0cbdc0f0b29e463fc00a9d75592e704a001280f16a7b201e5c929d5df99a5975,,,
.venv/Lib/site-packages/pip/_vendor/__init__.py,repository metadata,4873,258b805ef0a58489f122b036153a79a7ebae5952fb595ebebc4a53b38ebe421e,,,
.venv/Lib/site-packages/pip/_vendor/cachecontrol/__init__.py,repository metadata,677,2cc0b90817bde1944be71865cf0c8f0e61d7bc10f4a7b953e11dd9ef70fa6bf2,,,
.venv/Lib/site-packages/pip/_vendor/cachecontrol/_cmd.py,repository metadata,1737,8a2b2dd84a7326f0d5221300c57abc8859d306c89901dea2a65c5f98d6e83729,,,
.venv/Lib/site-packages/pip/_vendor/cachecontrol/adapter.py,repository metadata,6348,7de6e36382d5f3b8a20882b78dc97c887e7c89a480edbf56928bec0722032b46,,,
.venv/Lib/site-packages/pip/_vendor/cachecontrol/cache.py,repository metadata,1953,397c2fec59f60309ca3626a12479e3b6f68a2e776f54bbfffb33be96d955f6a2,,,
.venv/Lib/site-packages/pip/_vendor/cachecontrol/caches/__init__.py,repository metadata,303,76daebae82b90670034751968c2675f5a674b45b0c7ef141b4b410535b29fda8,,,
.venv/Lib/site-packages/pip/_vendor/cachecontrol/caches/file_cache.py,repository metadata,5399,6fba0c82c452a8f984b289d5270eae144614945803e8617c4f269c3861b5c773,,,
.venv/Lib/site-packages/pip/_vendor/cachecontrol/caches/redis_cache.py,repository metadata,1386,f6b9aac2d62efe58d5916ebfa0ba9b0bb11a5ff6bc613ff22ee9daf9e4b4760a,,,
.venv/Lib/site-packages/pip/_vendor/cachecontrol/controller.py,repository metadata,18576,8256cf8f6899946a9d060f33d3d0f60ed40ece83865e75afcbb2b62c4c81b044,,,
.venv/Lib/site-packages/pip/_vendor/cachecontrol/filewrapper.py,repository metadata,4291,da4b5734f1342aa9f2cc5db868eb0a080e7c1d0ab5c5e0ba97683aff3c238217,,,
.venv/Lib/site-packages/pip/_vendor/cachecontrol/heuristics.py,repository metadata,4881,82a31753cc34810b8442249dbb7620fb4bddf645bb9eb58a6cb71aef9ae17861,,,
.venv/Lib/site-packages/pip/_vendor/cachecontrol/py.typed,repository metadata,0,e3b0c44298fc1c149afbf4c8996fb92427ae41e4649b934ca495991b7852b855,,,
.venv/Lib/site-packages/pip/_vendor/cachecontrol/serialize.py,repository metadata,5163,1d0776225950d391f33e454b3174c5dae5f99a31108c3064c42a94254383a599,,,
.venv/Lib/site-packages/pip/_vendor/cachecontrol/wrapper.py,repository metadata,1417,86c19cee0f101904d3fb87fcb60cf700ce6ac12720e853b405274b491744be95,,,
.venv/Lib/site-packages/pip/_vendor/certifi/__init__.py,repository metadata,94,a7f19866b8d4c0f0548692e5099a066f49a2281292a83032642e43bc8baa6c74,,,
.venv/Lib/site-packages/pip/_vendor/certifi/__main__.py,repository metadata,255,d64dc2afde6f0b1c464460e58eb5b7c0c76965d2f73617f4bb59fe936a9db026,,,
.venv/Lib/site-packages/pip/_vendor/certifi/cacert.pem,repository metadata,299427,94edeb66e91774fcae93a05650914e29096259a5c7e871a1f65d461ab5201b47,,,
.venv/Lib/site-packages/pip/_vendor/certifi/core.py,repository metadata,4486,d92453e6b21c4028450db7b7ec141afa450bc40809f2a37a9758dfa93a781c8b,,,
.venv/Lib/site-packages/pip/_vendor/certifi/py.typed,repository metadata,0,e3b0c44298fc1c149afbf4c8996fb92427ae41e4649b934ca495991b7852b855,,,
.venv/Lib/site-packages/pip/_vendor/distlib/__init__.py,repository metadata,625,75cc2060660642a0046b00573c3b48c7cd033bfddc3a616ff074dcf093339274,,,
.venv/Lib/site-packages/pip/_vendor/distlib/compat.py,repository metadata,41467,da34528d1238a3ebe55de4cad8108621486473a7bd646852b1a711339a2c793c,,,
.venv/Lib/site-packages/pip/_vendor/distlib/database.py,repository metadata,51160,987cbf2f189722c21545bf93d3e89d06b54bc3715f8a3e6d7870a96e3989f585,,,
.venv/Lib/site-packages/pip/_vendor/distlib/index.py,repository metadata,20797,9536f0dbaf2b4618fc770d6c89bdd567fd048521a0a093b714a27348530e69e0,,,
.venv/Lib/site-packages/pip/_vendor/distlib/locators.py,repository metadata,51026,a0178066916e3d0498d3d3203672df4061805d7bd53bde8116967228cb8ae2d3,,,
.venv/Lib/site-packages/pip/_vendor/distlib/manifest.py,repository metadata,14168,dea7e6026570c51a94d68db70257d7ad0199ce1ea0fc61b34c03ff1dbf42e734,,,
.venv/Lib/site-packages/pip/_vendor/distlib/markers.py,repository metadata,5164,5fab03be41467184bc8145bc85fb16b8a10a02a85064027b89738c2f14588d89,,,
.venv/Lib/site-packages/pip/_vendor/distlib/metadata.py,repository metadata,38724,ce2977b20d8451f2d75628258d8d9dff4dc826df894acee75feef77c408c5f6b,,,
.venv/Lib/site-packages/pip/_vendor/distlib/resources.py,repository metadata,10820,2f06cf92c73403524c6e2e979ee3dd301527f375fb04fb85356a8f184288ebdf,,,
.venv/Lib/site-packages/pip/_vendor/distlib/scripts.py,repository metadata,18608,04996268301969507b580930a24802dc75f02c3da25a21da548e741fb0ba786f,,,
.venv/Lib/site-packages/pip/_vendor/distlib/t32.exe,repository metadata,97792,6b4195e640a85ac32eb6f9628822a622057df1e459df7c17a12f97aeabc9415b,,,
.venv/Lib/site-packages/pip/_vendor/distlib/t64-arm.exe,repository metadata,182784,ebc4c06b7d95e74e315419ee7e88e1d0f71e9e9477538c00a93a9ff8c66a6cfc,,,
.venv/Lib/site-packages/pip/_vendor/distlib/t64.exe,repository metadata,108032,81a618f21cb87db9076134e70388b6e9cb7c2106739011b6a51772d22cae06b7,,,
.venv/Lib/site-packages/pip/_vendor/distlib/util.py,repository metadata,66682,bcc3c6bec4b88fd845e98f64dd3ca89b569a1cb6f4ac5999004cb378075e97dc,,,
.venv/Lib/site-packages/pip/_vendor/distlib/version.py,repository metadata,23727,b39548b3cc019f47f1cc6c5633f680d99672c79db91dc65b32f713953c99dd18,,,
.venv/Lib/site-packages/pip/_vendor/distlib/w32.exe,repository metadata,91648,47872cc77f8e18cf642f868f23340a468e537e64521d9a3a416c8b84384d064b,,,
.venv/Lib/site-packages/pip/_vendor/distlib/w64-arm.exe,repository metadata,168448,c5dc9884a8f458371550e09bd396e5418bf375820a31b9899f6499bf391c7b2e,,,
.venv/Lib/site-packages/pip/_vendor/distlib/w64.exe,repository metadata,101888,7a319ffaba23a017d7b1e18ba726ba6c54c53d6446db55f92af53c279894f8ad,,,
.venv/Lib/site-packages/pip/_vendor/distlib/wheel.py,repository metadata,43979,0c521582e1101c27719d27403b475f16c80c72f5598ad83b6c23ae2f067b03fb,,,
.venv/Lib/site-packages/pip/_vendor/distro/__init__.py,repository metadata,981,d9f1e317e49f80fbe3c8d67588787fc23a96751fd8a393831f0642d232c13e17,,,
.venv/Lib/site-packages/pip/_vendor/distro/__main__.py,repository metadata,64,6eef5ddd389fa0a72264572a441bb2815dc64ae4e19d50ff9b620ae1ccfde95b,,,
.venv/Lib/site-packages/pip/_vendor/distro/distro.py,repository metadata,49430,5ea6de7da7008434f8cebfedae76c0d79798f2f74ae064e08609af506ac433fe,,,
.venv/Lib/site-packages/pip/_vendor/distro/py.typed,repository metadata,0,e3b0c44298fc1c149afbf4c8996fb92427ae41e4649b934ca495991b7852b855,,,
.venv/Lib/site-packages/pip/_vendor/idna/__init__.py,repository metadata,868,30fa8d0cb65b5ea19a35d5f1005862a853ca1105e3bb68cd42109ecbafb97893,,,
.venv/Lib/site-packages/pip/_vendor/idna/codec.py,repository metadata,3422,3c47b0dc8b70ce35b887299b6ac9edcb6376397bcd7201c1f898eb06ec473d86,,,
.venv/Lib/site-packages/pip/_vendor/idna/compat.py,repository metadata,316,4732f2e90402765f7bf3868585bd845fd10a1822638343f73e294675e5d7731f,,,
.venv/Lib/site-packages/pip/_vendor/idna/core.py,repository metadata,13239,60963200c9f089010f8d50b8f85aaefe9e0227ac8a2ae0c69a9a41350350a45b,,,
.venv/Lib/site-packages/pip/_vendor/idna/idnadata.py,repository metadata,78306,5b7d067081afb4e598c008d98f8663ba8b94bad0ba7df80dbb28c9cbb7d9fa5a,,,
.venv/Lib/site-packages/pip/_vendor/idna/intranges.py,repository metadata,1898,6a652d91d8587101bc66bf82a0c33f91545a731922bc2d568313756fadca29d5,,,
.venv/Lib/site-packages/pip/_vendor/idna/package_data.py,repository metadata,21,ab9f52dce5ec739548f23eaf483d2c18133293acd9e2f58544413cf3208960ab,,,
.venv/Lib/site-packages/pip/_vendor/idna/py.typed,repository metadata,0,e3b0c44298fc1c149afbf4c8996fb92427ae41e4649b934ca495991b7852b855,,,
.venv/Lib/site-packages/pip/_vendor/idna/uts46data.py,repository metadata,239289,aedf742bd278d20512c29a433c2ae18e08b9000ea958ceb974419149feab2213,,,
.venv/Lib/site-packages/pip/_vendor/msgpack/__init__.py,repository metadata,1109,ade45a88eb44cd28cf9ebed3a718e022f6df967e6957ae8586b89c02cd9e0be8,,,
.venv/Lib/site-packages/pip/_vendor/msgpack/exceptions.py,repository metadata,1081,7424d67a2f1da64accb100dc8d093be004e5f47b08047d326edf3338f36a3187,,,
.venv/Lib/site-packages/pip/_vendor/msgpack/ext.py,repository metadata,5726,92d789bf4de7f6d633779a28df1628a554e8e2f45a031a27050409857a21659a,,,
.venv/Lib/site-packages/pip/_vendor/msgpack/fallback.py,repository metadata,32390,d20d4fce9d2fb66044989e70f45decffe24c55444ff114b81b571ce5345a02c2,,,
.venv/Lib/site-packages/pip/_vendor/packaging/__init__.py,repository metadata,494,764e136bfbe67552716070dc7f286f40dc3c5773e0481a2628d5ea83e0f62436,,,
.venv/Lib/site-packages/pip/_vendor/packaging/_elffile.py,repository metadata,3306,71f940400904db9b738589aafda0a2ef641f6d3fed9fcf75b4fcdfa5b7873b01,,,
.venv/Lib/site-packages/pip/_vendor/packaging/_manylinux.py,repository metadata,9612,be5e4e0a8cf8931f341f9af05ca7975a397d58d2121a6af86604e94cff6553d7,,,
.venv/Lib/site-packages/pip/_vendor/packaging/_musllinux.py,repository metadata,2694,a7d66a35888e22d19e7bc29c64578717f61c76157018774aeabfbc9608b1bc64,,,
.venv/Lib/site-packages/pip/_vendor/packaging/_parser.py,repository metadata,10236,b3f4ef4ef0cd2b436b336401dd529385d58533835cd0fe899e439b925dcc8e93,,,
.venv/Lib/site-packages/pip/_vendor/packaging/_structures.py,repository metadata,1431,ab77953666d62461bf4b40e2b7f4b7028f2a42acffe4f6135c500a0597b9cabe,,,
.venv/Lib/site-packages/pip/_vendor/packaging/_tokenizer.py,repository metadata,5273,27abf91fb273bdbfa0f35c69ff640008ac0eecbc47400ea292bc8c53bcd7c0df,,,
.venv/Lib/site-packages/pip/_vendor/packaging/licenses/__init__.py,repository metadata,5727,035d7af85538f7f0f3e35eb6338cb5b8089937846075cf3717135df048e57ea2,,,
.venv/Lib/site-packages/pip/_vendor/packaging/licenses/_spdx.py,repository metadata,48398,a009b5ced3c5c25b2608a7bb94002cbff38839f4b57160eef5b34191ebbeda7b,,,
.venv/Lib/site-packages/pip/_vendor/packaging/markers.py,repository metadata,10561,73cf5337307b65d198864a2f9ba3d89aa1b21f15e561568b5b9f753c750d283f,,,
.venv/Lib/site-packages/pip/_vendor/packaging/metadata.py,repository metadata,34762,60989b33b1987b8adef3ed1adce9579864be5c38131283b8b6506ddaadb90678,,,
.venv/Lib/site-packages/pip/_vendor/packaging/py.typed,repository metadata,0,e3b0c44298fc1c149afbf4c8996fb92427ae41e4649b934ca495991b7852b855,,,
.venv/Lib/site-packages/pip/_vendor/packaging/requirements.py,repository metadata,2947,818c9148075bac8c8a0d8ebaba02035108d132fc641f600b8a84e65f7b672faa,,,
.venv/Lib/site-packages/pip/_vendor/packaging/specifiers.py,repository metadata,40098,84653a92e09defb6cbfa6b082fac8b0a9e8c353ef94523142990ee8eedba73c5,,,
.venv/Lib/site-packages/pip/_vendor/packaging/tags.py,repository metadata,21014,085aab2730337365cd19ec5eac7fff4fe639230abb59bb185ec88b1112d6c58d,,,
.venv/Lib/site-packages/pip/_vendor/packaging/utils.py,repository metadata,5050,d05dc787d385b9182b8538066549792b6d85bf560fdad665d73ff680eea42620,,,
.venv/Lib/site-packages/pip/_vendor/packaging/version.py,repository metadata,16688,a221eacd352ffe9d768698e0b0b0d571a179853ee90da48e56250d303e064d6d,,,
.venv/Lib/site-packages/pip/_vendor/pkg_resources/__init__.py,repository metadata,124463,8eb84345b3ae6cfef842e3d7c5ded4ecfa38d8f1f697e2d9d977dc3bb965a59e,,,
.venv/Lib/site-packages/pip/_vendor/platformdirs/__init__.py,repository metadata,22344,26e791d9c44b93163b8b08a4faa356242c0a3ab025060560719fc81d0cea18b1,,,
.venv/Lib/site-packages/pip/_vendor/platformdirs/__main__.py,repository metadata,1505,8c127ccdbecca71e5e6dca85f37c6ba4ef7831a782a4d18755ff5cbc337624b8,,,
.venv/Lib/site-packages/pip/_vendor/platformdirs/android.py,repository metadata,9007,915e682f75770d9e9664abbdc85890ba9bf5f32a7f8e5495d82847d5398f71db,,,
.venv/Lib/site-packages/pip/_vendor/platformdirs/api.py,repository metadata,9246,d9d7d40cd6c45de0e10ca6abaad479358ee852291467845986cde8cecb668414,,,
.venv/Lib/site-packages/pip/_vendor/platformdirs/macos.py,repository metadata,6154,5256f2159f11ceedf19dd0aa4041eb7ec613787c187456a9d48a33fb2c6f793e,,,
.venv/Lib/site-packages/pip/_vendor/platformdirs/py.typed,repository metadata,0,e3b0c44298fc1c149afbf4c8996fb92427ae41e4649b934ca495991b7852b855,,,
.venv/Lib/site-packages/pip/_vendor/platformdirs/unix.py,repository metadata,10393,b913c9591c9012dbfbc8e4af53de2b526b1b968e572832c0d52cc5839e646cad,,,
.venv/Lib/site-packages/pip/_vendor/platformdirs/version.py,repository metadata,411,a07e0a8137cae009256d3615715ff2ca7bc9f492c8de9caf0d56b2d2146c2c2b,,,
.venv/Lib/site-packages/pip/_vendor/platformdirs/windows.py,repository metadata,10125,205a62a21501c313ed0b39722b036dc725b8264f2169ae96f28e7d99fac35d5a,,,
.venv/Lib/site-packages/pip/_vendor/pygments/__init__.py,repository metadata,2983,ecdd6889a5ae970fe70ac4d8e04122c582f3d79a56639bb8b8f005162fa27a55,,,
.venv/Lib/site-packages/pip/_vendor/pygments/__main__.py,repository metadata,353,8ac2210712e0eb99cb957ba41b856432e3df35d77b805cd367f47fcf743c7626,,,
.venv/Lib/site-packages/pip/_vendor/pygments/cmdline.py,repository metadata,23656,2c8573980ba7964f6c449269e783b8291cbd18320de16bb5deff69f50cdf18f3,,,
.venv/Lib/site-packages/pip/_vendor/pygments/console.py,repository metadata,1718,ca13fd52c2c056658a5507f6e38e8925ec2403b0225de7937f821e8373a2d9f5,,,
.venv/Lib/site-packages/pip/_vendor/pygments/filter.py,repository metadata,1910,fc00cd3c2b240fcfc69a87478bafcba1580f537661df7e9a0424f970e79332cd,,,
.venv/Lib/site-packages/pip/_vendor/pygments/filters/__init__.py,repository metadata,40392,45d79d2b629629794ac11edcbe47ebdcd523f588994203208a544c1548368cf0,,,
.venv/Lib/site-packages/pip/_vendor/pygments/formatter.py,repository metadata,4390,8c35814e7765047d99e486191550e73f4aa7d426934234d6b7b8801ad0a72448,,,
.venv/Lib/site-packages/pip/_vendor/pygments/formatters/__init__.py,repository metadata,5385,f0da3e354b3cac14d2481248bf8852110b76334705078870013d2c9d57364061,,,
.venv/Lib/site-packages/pip/_vendor/pygments/formatters/_mapping.py,repository metadata,4176,d42c37ec5b9094d69c9f144a9ad94f5f89f22e85fdfedb64a39670b1c354659e,,,
.venv/Lib/site-packages/pip/_vendor/pygments/formatters/bbcode.py,repository metadata,3320,dc940b238e6d72b43f91150c8ee69be82ec76f45d4b1b556aaa6d29fd70c8e42,,,
.venv/Lib/site-packages/pip/_vendor/pygments/formatters/groff.py,repository metadata,5106,337f64d0f692499467c568ea05254f905d26bb5f95afb6e6e91b05becf8234de,,,
.venv/Lib/site-packages/pip/_vendor/pygments/formatters/html.py,repository metadata,35669,484da3737602a9b312deb656f440260e501485d571279da003876295e12f0865,,,
.venv/Lib/site-packages/pip/_vendor/pygments/formatters/img.py,repository metadata,23287,330038c563cb3b087a8fb61cea81f38eea923edd0cd5f879afee414c82147ec5,,,
.venv/Lib/site-packages/pip/_vendor/pygments/formatters/irc.py,repository metadata,4981,769d59d25fce6c9e4d161f4c86a2c6839a6d1b986026a79d4f6564badb7dbf43,,,
.venv/Lib/site-packages/pip/_vendor/pygments/formatters/latex.py,repository metadata,19306,5cc9a1382a94283050b46e66189340158c40a6a682e69ba8e5c3263df2b7f78e,,,
.venv/Lib/site-packages/pip/_vendor/pygments/formatters/other.py,repository metadata,5034,e7a3cc24e9628a7fab01476744cd22d70b15d467543ddfddbd0ab4fd43df17d7,,,
.venv/Lib/site-packages/pip/_vendor/pygments/formatters/pangomarkup.py,repository metadata,2218,cb5e94d34695618105a5e09f19795805231a706e36e426dfa06f2829b29e8088,,,
.venv/Lib/site-packages/pip/_vendor/pygments/formatters/rtf.py,repository metadata,11957,653f7476670ac896e8201d2602b84bec8844e3aec65d13741bb4005201b4dd3a,,,
.venv/Lib/site-packages/pip/_vendor/pygments/formatters/svg.py,repository metadata,7174,28ab22a2984fba91eec66d12a3e32c6d0116393e7820089217b8593e6c6d2971,,,
.venv/Lib/site-packages/pip/_vendor/pygments/formatters/terminal.py,repository metadata,4674,0288cd1b83252aad8be88b02fd59d71eee006c70819fd3ada20eaee395efc5e2,,,
.venv/Lib/site-packages/pip/_vendor/pygments/formatters/terminal256.py,repository metadata,11753,90690d515a37169c23cad2034b489fefd12e528ae8029adc5adde282b708a93d,,,
.venv/Lib/site-packages/pip/_vendor/pygments/lexer.py,repository metadata,35349,4d81c3b7ffff80d5b86b14e5db3bcf65f7fe5508bc7cf68887938a45c5528d43,,,
.venv/Lib/site-packages/pip/_vendor/pygments/lexers/__init__.py,repository metadata,12115,a48971c9026ebbfb3287d944d3cd1cabc71e55b11570aa74a2c0055397dac095,,,
.venv/Lib/site-packages/pip/_vendor/pygments/lexers/_mapping.py,repository metadata,76097,eb5fa1df3af5d379b4d4e4b9054abf01f5222fd608d3a55eb3d8a943b938bebe,,,
.venv/Lib/site-packages/pip/_vendor/pygments/lexers/python.py,repository metadata,53687,d89fd826b3d3aff03a7c963fa8a88abf41a980fc0732b94c49ea39f6a3777dee,,,
.venv/Lib/site-packages/pip/_vendor/pygments/modeline.py,repository metadata,1005,82d4586414be08a3820d71e1199a80a5ba0705a670187f20ce73773ba9eec63e,,,
.venv/Lib/site-packages/pip/_vendor/pygments/plugin.py,repository metadata,1891,8a8789dd07a827e510859a58f492fbbdbc6c4d5bb0c0cec10aef896fc9cdd005,,,
.venv/Lib/site-packages/pip/_vendor/pygments/regexopt.py,repository metadata,3072,1e4cb8101d77ac85c41d050d930982ad8aad2259d70de84d477333b5a7d9e37c,,,
.venv/Lib/site-packages/pip/_vendor/pygments/scanner.py,repository metadata,3092,343cb7a1f2bf7c74452b88480efc696a61bcef569ec2a72c21beac8138bb1619,,,
.venv/Lib/site-packages/pip/_vendor/pygments/sphinxext.py,repository metadata,7981,88ea6d24172a3863f0304276a7bd0fbf0a593c819dbdd67c771beaea4cf10e00,,,
.venv/Lib/site-packages/pip/_vendor/pygments/style.py,repository metadata,6420,ad2099585a60d7f0f014c5c35349c456601c047a6e4067fd471bce3cf42f28b4,,,
.venv/Lib/site-packages/pip/_vendor/pygments/styles/__init__.py,repository metadata,2042,a9493aff5cf92a64fc11d2456588044a61ba3ff1c917fdaf56b0c3ec74821986,,,
.venv/Lib/site-packages/pip/_vendor/pygments/styles/_mapping.py,repository metadata,3312,ea5a2f154136f6dcfa12c5775d8638860a3327bab524bedc7cedd43a58274bcc,,,
.venv/Lib/site-packages/pip/_vendor/pygments/token.py,repository metadata,6226,a99c13ecb48fcb96016372600e3badeb8d820b2ec9750cc07e6a83f4d993e63d,,,
.venv/Lib/site-packages/pip/_vendor/pygments/unistring.py,repository metadata,63208,a797358be1e1a088567a6cbd094b1a37da37f68a266073715e59745dfc3ab440,,,
.venv/Lib/site-packages/pip/_vendor/pygments/util.py,repository metadata,10031,dad8f69d2d57f7f3a972e4a37fc74e113d9b0d5661b3c70429dfee4faf85820f,,,
.venv/Lib/site-packages/pip/_vendor/pyproject_hooks/__init__.py,repository metadata,691,70f07f6bd2d7cf9c6fb116d7d68daac807632dab5925d43f2dce4c70d5fe5fb6,,,
.venv/Lib/site-packages/pip/_vendor/pyproject_hooks/_impl.py,repository metadata,14936,8d8fab6b19e6c91c81e7baee022b6b25153311ec6e021193a6033282ac7aed9e,,,
.venv/Lib/site-packages/pip/_vendor/pyproject_hooks/_in_process/__init__.py,repository metadata,557,30934fa5f23170ef85821c6905bc641b5ac58907fa1ce51b5785399aad07167b,,,
.venv/Lib/site-packages/pip/_vendor/pyproject_hooks/_in_process/_in_process.py,repository metadata,12216,a9c5cc866c7ffcc209ab5d201875b7980e1397c772f18cc731c7309cda0a970d,,,
.venv/Lib/site-packages/pip/_vendor/pyproject_hooks/py.typed,repository metadata,0,e3b0c44298fc1c149afbf4c8996fb92427ae41e4649b934ca495991b7852b855,,,
.venv/Lib/site-packages/pip/_vendor/requests/__init__.py,repository metadata,5057,1e507f1f386bcc6b5f0ff69a614c14875cd65cb67be7f6022f28adef9774573f,,,
.venv/Lib/site-packages/pip/_vendor/requests/__version__.py,repository metadata,435,1557e09606663509e660f5e93a8843539f05e4451bffe5674936807ac4b5f3b8,,,
.venv/Lib/site-packages/pip/_vendor/requests/_internal_utils.py,repository metadata,1495,9cc4329abe21b37d93a95a3901b0ab99c24486f3d487bc57965bb2ab0b252e24,,,
.venv/Lib/site-packages/pip/_vendor/requests/adapters.py,repository metadata,27607,27b55e571281bdac1bb655f60c4455a34e49f415d371660b30735dd4169af9b9,,,
.venv/Lib/site-packages/pip/_vendor/requests/api.py,repository metadata,6449,fd96fd39aeedcd5222cd32b016b3e30c463d7a3b66fce9d2444467003c46b10b,,,
.venv/Lib/site-packages/pip/_vendor/requests/auth.py,repository metadata,10186,905ef9b6a9cb72d67d31ffe19bd4d9223e1c4169cde6ec51cfca16b31e70991d,,,
.venv/Lib/site-packages/pip/_vendor/requests/certs.py,repository metadata,441,9070e590afdb7ae1d778c3dce63b5adb0825f2074a7945ade5fda74c356bbedf,,,
.venv/Lib/site-packages/pip/_vendor/requests/compat.py,repository metadata,1485,328f5ff7166979fa1df199be9fdfd2b497154e6c12ba45d1da9dc8432c955ef5,,,
.venv/Lib/site-packages/pip/_vendor/requests/cookies.py,repository metadata,18590,6cd8be8aa123e0d3d9d34fa86feac7bf392f39bccdde5129830de0ea9692dd7c,,,
.venv/Lib/site-packages/pip/_vendor/requests/exceptions.py,repository metadata,4272,0f5c2acd85a77b5992dab538ded3fd09e3751bb400cbb7aa2fda3582877a123c,,,
.venv/Lib/site-packages/pip/_vendor/requests/help.py,repository metadata,3813,85129a7fdbb41bb7ddc2ba8c1ed177a06d7a44a92d45fe8a8b0b52ab6168d7fd,,,
.venv/Lib/site-packages/pip/_vendor/requests/hooks.py,repository metadata,733,0a2bb2b221c0dfd57951f702057148c7cdc8ac3a6ec1f37d45c4d482fdbc7ed4,,,
.venv/Lib/site-packages/pip/_vendor/requests/models.py,repository metadata,35483,c782b80a61fe942d25d8a6fe88f7cc3787515f11c471b39a11604bfe2d3d0302,,,
.venv/Lib/site-packages/pip/_vendor/requests/packages.py,repository metadata,1057,fd94030894c9f123f79155ae9d2a81b1164d3f38f673558556a6ddaf4f29cf75,,,
.venv/Lib/site-packages/pip/_vendor/requests/sessions.py,repository metadata,30495,ca44c8f145864a5b4e7c7d3b1caa25947ee44c11b0e168620556901a67244f0e,,,
.venv/Lib/site-packages/pip/_vendor/requests/status_codes.py,repository metadata,4322,889500780db96da4ddc3ee8f7c3d1e178aa1a48343251248fb268cab1b382c42,,,
.venv/Lib/site-packages/pip/_vendor/requests/structures.py,repository metadata,2912,f886e6855cf4e92fb968f499b94b6167afba0fd5ce8d1b935c739a6d8d38d573,,,
.venv/Lib/site-packages/pip/_vendor/requests/utils.py,repository metadata,33631,2fbf6f9c56f32774852cab49c29a167b8d53a338b746566ff78a58d53148ca8c,,,
.venv/Lib/site-packages/pip/_vendor/resolvelib/__init__.py,repository metadata,537,879d3d4dd11ca5be7ee382689da5377b1d93335e465412e333d08d08fc274d3b,,,
.venv/Lib/site-packages/pip/_vendor/resolvelib/compat/__init__.py,repository metadata,0,e3b0c44298fc1c149afbf4c8996fb92427ae41e4649b934ca495991b7852b855,,,
.venv/Lib/site-packages/pip/_vendor/resolvelib/compat/collections_abc.py,repository metadata,156,bb2f31519f8d0c4c3dd7ab6e8145e6f0783008688c3b47fe45c767a647d77ceb,,,
.venv/Lib/site-packages/pip/_vendor/resolvelib/providers.py,repository metadata,5871,7eebaf56b09eb6ee60b313c1e37111ca37cef1a45e4b7ac5407a4382222d6ece,,,
.venv/Lib/site-packages/pip/_vendor/resolvelib/py.typed,repository metadata,0,e3b0c44298fc1c149afbf4c8996fb92427ae41e4649b934ca495991b7852b855,,,
.venv/Lib/site-packages/pip/_vendor/resolvelib/reporters.py,repository metadata,1601,4d26d1996cd3736eb0d2082c5756f15697960c1f10348adeeadc1897b1886411,,,
.venv/Lib/site-packages/pip/_vendor/resolvelib/resolvers.py,repository metadata,20511,1bcaec2d94aaeb883956622afa507b51c209d608c0c48409993178444665790d,,,
.venv/Lib/site-packages/pip/_vendor/resolvelib/structs.py,repository metadata,4963,d3fd7f5cef33fc22e17a03f75697fd549df325c7cb9b434e1d133e8b4624cf7a,,,
.venv/Lib/site-packages/pip/_vendor/rich/__init__.py,repository metadata,6090,751c6320bf926c5558d2adc88d232b7e00531eb9b52d90e02ceca0541c226197,,,
.venv/Lib/site-packages/pip/_vendor/rich/__main__.py,repository metadata,8477,78eec2abc267ae01bccd5a1e226880b3ddaade15cd3087e9d30e6532c3bb4366,,,
.venv/Lib/site-packages/pip/_vendor/rich/_cell_widths.py,repository metadata,10209,7db99ec9eb447478f313f571da5d6e2bbb673ce84cb365f59497cedefb0a0e90,,,
.venv/Lib/site-packages/pip/_vendor/rich/_emoji_codes.py,repository metadata,140235,86ed552fd9db55da6926b5688a356c85195c4517bfbf7763bb7326776b0a65d6,,,
.venv/Lib/site-packages/pip/_vendor/rich/_emoji_replace.py,repository metadata,1064,9fe91c7adb04531d99526850adf78c35cfad79e1a1a6e490e45f153c1b32bc3a,,,
.venv/Lib/site-packages/pip/_vendor/rich/_export_format.py,repository metadata,2128,448d3ca52ae6e6d052ccf32f9db4ea6c3f5621a95a3a837977833545398bab56,,,
.venv/Lib/site-packages/pip/_vendor/rich/_extension.py,repository metadata,265,5ede3b41a7022b062bbb38c38be80e06aef6e0945e0e3f429bdc548b97ebfb7e,,,
.venv/Lib/site-packages/pip/_vendor/rich/_fileno.py,repository metadata,799,1d66713f90b66a331b1ebcaf01066c79f9557d0a06cec28e1f3286b0b0fcca74,,,
.venv/Lib/site-packages/pip/_vendor/rich/_inspect.py,repository metadata,9655,40cd399441671684da16aa676f1fb304423a93ca082ab0f772f8c43903612a28,,,
.venv/Lib/site-packages/pip/_vendor/rich/_log_render.py,repository metadata,3225,d41c88d0f035669c5963708624e2b9e218e5ab85fe073fdba088c8a8277c2a7b,,,
.venv/Lib/site-packages/pip/_vendor/rich/_loop.py,repository metadata,1236,855ffa08b7683e6d2f6b6d96a70e332aa334458b33dd36715e3d0fa12fbd7834,,,
.venv/Lib/site-packages/pip/_vendor/rich/_null_file.py,repository metadata,1394,00318aa75cadfa4ef414c295ead9ea0aa79c07ead2273a7e590b03ecb3cbfa48,,,
.venv/Lib/site-packages/pip/_vendor/rich/_palettes.py,repository metadata,7063,71d7afd4940a67426f960b95f62a478339d3767be52335050c16f422dd8fce32,,,
.venv/Lib/site-packages/pip/_vendor/rich/_pick.py,repository metadata,423,7af0edf10378945e428b0ad421794e2429ed8ad0423ac23764b3c42005512c95,,,
.venv/Lib/site-packages/pip/_vendor/rich/_ratio.py,repository metadata,5471,66de7c6a9b3323a84001c5cfa607562a9bb7737d5405679b39e47899bca9b6f5,,,
.venv/Lib/site-packages/pip/_vendor/rich/_spinners.py,repository metadata,19919,536af5fe0ff5cd28ec8e251d00449cda200c7378b8ae2fd2f0f60fea4439cf52,,,
.venv/Lib/site-packages/pip/_vendor/rich/_stack.py,repository metadata,351,f82f0e2bbaf19f7b0851d570c59041a5e1e12335f4788f9533731e9987da5e6d,,,
.venv/Lib/site-packages/pip/_vendor/rich/_timer.py,repository metadata,417,cde9716d3ea83c566736bc163e973592d51e013f957387ee15c4592d018bb4c2,,,
.venv/Lib/site-packages/pip/_vendor/rich/_win32_console.py,repository metadata,22755,05268344833004b2139ff9b499344b3ea304e6afaab8675232e60ca587982707,,,
.venv/Lib/site-packages/pip/_vendor/rich/_windows.py,repository metadata,1925,681c1a0ff4b9e926e0a2922f6b2566a64d18dbcbb06360b905a6f5c25dc1a7e2,,,
.venv/Lib/site-packages/pip/_vendor/rich/_windows_renderer.py,repository metadata,2783,b7be192f7c6e0c23f79e64e9f691f52f92e223671a909b9045095e1c225eae59,,,
.venv/Lib/site-packages/pip/_vendor/rich/_wrap.py,repository metadata,3404,1654aca26e445f42d5900dca5b2df8c879c27cbb6a5fe6487a95ca87eef4ae97,,,
.venv/Lib/site-packages/pip/_vendor/rich/abc.py,repository metadata,890,38df84f99a924a1799f3c56b297d8cdcf5e915b18451464f31afc07f497ee1fd,,,
.venv/Lib/site-packages/pip/_vendor/rich/align.py,repository metadata,10469,461fb769d9c368dd40a34ec48d1d8f86013ad8f18b3e03bc48cc09064bb5bab4,,,
.venv/Lib/site-packages/pip/_vendor/rich/ansi.py,repository metadata,6921,02fb352c76d275cc8ebc339da442d952850b7018987b063be9e341a7ab85061b,,,
.venv/Lib/site-packages/pip/_vendor/rich/bar.py,repository metadata,3263,95d6d51cecca24e9df95536ebf5c52ee0e9d2d7d84df03275e474f6e9cc94dcb,,,
.venv/Lib/site-packages/pip/_vendor/rich/box.py,repository metadata,10831,9ebe5f608520841fe250212aeb2d19dcb9424fc8053c3af337dbb6927eed265e,,,
.venv/Lib/site-packages/pip/_vendor/rich/cells.py,repository metadata,5130,2ab4248f9f8b821082a492d23502320198e775ce1b9c4a8e1268b962e67d5026,,,
.venv/Lib/site-packages/pip/_vendor/rich/color.py,repository metadata,18211,dc74942d50e3eea4245d47455afefc24e8926737f2e72d6791c6219dadbde95d,,,
.venv/Lib/site-packages/pip/_vendor/rich/color_triplet.py,repository metadata,1054,de585091d25bbd63e82c33be0276089805a626f579765818342559f7b39168de,,,
.venv/Lib/site-packages/pip/_vendor/rich/columns.py,repository metadata,7131,1d45f429c326f5db0a362d757d36e233f876883b65f3248269573195a944ceaf,,,
.venv/Lib/site-packages/pip/_vendor/rich/console.py,repository metadata,100156,9ca8eb131ffbc72f0a1a60d54fe060348234479866d5c7b18401c3c1dc0d56a8,,,
.venv/Lib/site-packages/pip/_vendor/rich/constrain.py,repository metadata,1288,d5520fb82f0082d296adc9dc42b8c1758a80dc9556cacbba8d9a35aeb87b73b4,,,
.venv/Lib/site-packages/pip/_vendor/rich/containers.py,repository metadata,5502,73fe7a4f171e74662a0dea4704c4ee65d5088a38ad010827a31f9075ed19d6aa,,,
.venv/Lib/site-packages/pip/_vendor/rich/control.py,repository metadata,6630,0d29074d440ba2b7d211100a13fa1300450579f667669e1b41be2af2b1db2b0b,,,
.venv/Lib/site-packages/pip/_vendor/rich/default_styles.py,repository metadata,8159,759c606920fd554cbb49741284edf768b622016b290abdac0906455ff24ad63e,,,
.venv/Lib/site-packages/pip/_vendor/rich/diagnose.py,repository metadata,972,6a7eaea2ec2128f025bd0858a4d3691aaf44272b1f3083afbc26cede84a8476e,,,
.venv/Lib/site-packages/pip/_vendor/rich/emoji.py,repository metadata,2501,a264c5f5ab1a027b0ce322d8f78791ffd7604514a6d651d4b335f6d03d726024,,,
.venv/Lib/site-packages/pip/_vendor/rich/errors.py,repository metadata,642,e693f729ce5de1027f734285b31adfca18e23d57bb275ccea9215b140cdc57e6,,,
.venv/Lib/site-packages/pip/_vendor/rich/file_proxy.py,repository metadata,1683,4e5f531cc0d9f8f9395a6f2c23580683f5390e1bac9b10fe159d1f51b714d16d,,,
.venv/Lib/site-packages/pip/_vendor/rich/filesize.py,repository metadata,2484,fe2cfd948a5182f5bb30d49e0999cb83e1f0cdb3f81844e0e78dd6a83f1216cd,,,
.venv/Lib/site-packages/pip/_vendor/rich/highlighter.py,repository metadata,9586,1bfb27fbc0ca8ccd6c1232c6fe8738a2f9169a25295af8fc6d78b4c9e7762e76,,,
.venv/Lib/site-packages/pip/_vendor/rich/json.py,repository metadata,5031,bd512829d6b0a094630056b23f05e43013cbcbb4524ecf9fe38c124034769c9d,,,
.venv/Lib/site-packages/pip/_vendor/rich/jupyter.py,repository metadata,3252,432a0aa04ffc21d09baed8921e9f53b1348dc931d8d053b9c2113b8ce4ddf541,,,
.venv/Lib/site-packages/pip/_vendor/rich/layout.py,repository metadata,14004,6a3912140b4456ff44153705b3ec38b997dfb7b9c45e13732fb655760ad3e6b2,,,
.venv/Lib/site-packages/pip/_vendor/rich/live.py,repository metadata,14270,0e1cc03c49e34f142eabdff4636c61d8c53041c3ff6863e47a72df2844ec9703,,,
.venv/Lib/site-packages/pip/_vendor/rich/live_render.py,repository metadata,3666,cc9b41e3bd631b3881b44c31739e31d76c0442d1f806e42bd5203cbfd914f36c,,,
.venv/Lib/site-packages/pip/_vendor/rich/logging.py,repository metadata,12458,660a4a30c058fc1b8c008fc1633a3e52d5da93ab79a07f552bc9bd4362e6d1fe,,,
.venv/Lib/site-packages/pip/_vendor/rich/markup.py,repository metadata,8451,ddeb8628fe6ce353424306928d39c9c6eb398993078f1a483345ba7c2c6b6b7f,,,
.venv/Lib/site-packages/pip/_vendor/rich/measure.py,repository metadata,5305,1e6ac8257f2c5914c76e087c33111acbff37564a8d5bfef4b3c68a3f965c608f,,,
.venv/Lib/site-packages/pip/_vendor/rich/padding.py,repository metadata,4908,295108ded3b0a3db202b560d4ae1fffccd7f8d45a62d9c11555fca98eb55cf23,,,
.venv/Lib/site-packages/pip/_vendor/rich/pager.py,repository metadata,828,48efc44c114a6e0de7fc080ecd79b8d52bf7e98c57032237fd1f8a398dbfb927,,,
.venv/Lib/site-packages/pip/_vendor/rich/palette.py,repository metadata,3396,9489ef4753830d3d9fdd464c7cbd60aeaedd63fa4374a1f0e1b75480e19a3386,,,
.venv/Lib/site-packages/pip/_vendor/rich/panel.py,repository metadata,11235,7c544772f897bd6864dd5df3c796709ac6ff44bf4a2777ac0feb14d0d604572c,,,
.venv/Lib/site-packages/pip/_vendor/rich/pretty.py,repository metadata,36391,832dd2ef6bb8151836cada28ecdd590d60c8bc1e2e9dbcdde625067609bef1f7,,,
.venv/Lib/site-packages/pip/_vendor/rich/progress.py,repository metadata,60357,32d9828d3939cd853f5ed447c511d30041c6ea117d3de17b10c59b10f95e202d,,,
.venv/Lib/site-packages/pip/_vendor/rich/progress_bar.py,repository metadata,8162,9994cfa4953071f71d8100934f3de4c98f9f73bf5d74bc2dc7a1a18717e8d3ae,,,
.venv/Lib/site-packages/pip/_vendor/rich/prompt.py,repository metadata,12447,974461414fb45154d5f5ed3cc56d416c88f426ad885f20a15f8942d2514dcede,,,
.venv/Lib/site-packages/pip/_vendor/rich/protocol.py,repository metadata,1391,e611c70c3347724764f22587e7311b8becee215485e616d4da3228e3b47b9531,,,
.venv/Lib/site-packages/pip/_vendor/rich/py.typed,repository metadata,0,e3b0c44298fc1c149afbf4c8996fb92427ae41e4649b934ca495991b7852b855,,,
.venv/Lib/site-packages/pip/_vendor/rich/region.py,repository metadata,166,acd4fdc59ad56536085d90b43589f8d42250c1835b47e29e70f3b14e042f07c6,,,
.venv/Lib/site-packages/pip/_vendor/rich/repr.py,repository metadata,4431,e4c64966638d802ea4b9df905befe6d68917c0bd9a47abbacbea54714089cf6f,,,
.venv/Lib/site-packages/pip/_vendor/rich/rule.py,repository metadata,4602,d1f35a4bf68445add43117374f958ca4dfecba6b43c5f6a8af6cb7a1fd5fb419,,,
.venv/Lib/site-packages/pip/_vendor/rich/scope.py,repository metadata,2843,4cc514f2aa35eed872a9008faa30cb62983f514d64e6a55df96c2226f9c955ab,,,
.venv/Lib/site-packages/pip/_vendor/rich/screen.py,repository metadata,1591,628791784494871ef882ba9bd264926fd960861cac5a6147621b1b3154235cef,,,
.venv/Lib/site-packages/pip/_vendor/rich/segment.py,repository metadata,24743,a2d9ca78a18457e591950568b1f2557850dc0f100a1e9bc9fe12f34aee65ba63,,,
.venv/Lib/site-packages/pip/_vendor/rich/spinner.py,repository metadata,4364,3d3e6a8173c6dd9a6a463ee7dc4650e8d5b9ea6c7795d66a64253b804332664e,,,
.venv/Lib/site-packages/pip/_vendor/rich/status.py,repository metadata,4424,9243e987761e019068f97fb8c0fa7c813a99c94e3ae8d2f06410383d94d37b0a,,,
.venv/Lib/site-packages/pip/_vendor/rich/style.py,repository metadata,27067,692a1435b5607cfd4f02776e02a81b6e5e00310cbaebcaacd92d45130af73aab,,,
.venv/Lib/site-packages/pip/_vendor/rich/styled.py,repository metadata,1258,799367cc6ac8e248bfe78a606373a3d13fb1de5c5d5d3621e3faf20c1db8c015,,,
.venv/Lib/site-packages/pip/_vendor/rich/syntax.py,repository metadata,35763,aaa0271146782b9ecfa3cd7fe510719ecb94e0a47349dbc33c084ac3c99aff71,,,
.venv/Lib/site-packages/pip/_vendor/rich/table.py,repository metadata,40103,c97614af462c3e91b8eba379d07080c366e96f9654baecdd73e1bae9993ea137,,,
.venv/Lib/site-packages/pip/_vendor/rich/terminal_theme.py,repository metadata,3370,d63e7eb9f25f9ef940a3942c8bf0026625c39b0317cea826141c8e6d3f7ec896,,,
.venv/Lib/site-packages/pip/_vendor/rich/text.py,repository metadata,47552,00eec93c2cfafa068dd6d8552d73019ed1260cf55816014d1b5a0ceb5fec6a75,,,
.venv/Lib/site-packages/pip/_vendor/rich/theme.py,repository metadata,3771,a0dca15e119a82d0e56c3c9eded56eddeb16396934bcd92ec45c3efee9e568ad,,,
.venv/Lib/site-packages/pip/_vendor/rich/themes.py,repository metadata,102,d318132e8cdf69b79b62d709b43742e50917e4855411abe2a83509261e185459,,,
.venv/Lib/site-packages/pip/_vendor/rich/traceback.py,repository metadata,31797,cfc52837b35b4d0296e980c3515c0e87b17cb2765fea0627516b4eacab0b135c,,,
.venv/Lib/site-packages/pip/_vendor/rich/tree.py,repository metadata,9451,c969d0eab02f446277a991aa06bc52d925b64ca05336b3f449d63c4313853eec,,,
.venv/Lib/site-packages/pip/_vendor/tomli/__init__.py,repository metadata,314,3e1370fdec8b81d9fb31c27a9eb00df32226ddd5c2ef9bebd6c546555c034a90,,,
.venv/Lib/site-packages/pip/_vendor/tomli/_parser.py,repository metadata,25591,f70f0b1b48c1edfc26659581d2f5576de7a30c7725e00348271076b1c1270e50,,,
.venv/Lib/site-packages/pip/_vendor/tomli/_re.py,repository metadata,3171,b21e2c0434603bde0a259c0d22b81d73257fa906acb79d18bf3380506a510ca0,,,
.venv/Lib/site-packages/pip/_vendor/tomli/_types.py,repository metadata,254,f864c6d9552a929c7032ace654ee05ef26ca75d21b027b801d77e65907138b74,,,
.venv/Lib/site-packages/pip/_vendor/tomli/py.typed,repository metadata,26,f0f8f2675695a10a5156fb7bd66bafbaae6a13e8d315990af862c792175e6e67,,,
.venv/Lib/site-packages/pip/_vendor/truststore/__init__.py,repository metadata,1264,5880decb35a6ec4557e38837e78336e6fa515db798d65b0f1fa12650951cab8a,,,
.venv/Lib/site-packages/pip/_vendor/truststore/_api.py,repository metadata,10555,19e5d13539713d9de489fe2436887a258d28138411cd319c817afa97f5ff1a4d,,,
.venv/Lib/site-packages/pip/_vendor/truststore/_macos.py,repository metadata,20503,9d994b90e9accd413483aaf2470055198e423b33f2b9d72c889b4359aacce4b4,,,
.venv/Lib/site-packages/pip/_vendor/truststore/_openssl.py,repository metadata,2324,2cb519ed919a8a8fa2e5da4a2a328249e4ae7e69fa4fca62f650dc167bd2caad,,,
.venv/Lib/site-packages/pip/_vendor/truststore/_ssl_constants.py,repository metadata,1130,3540f87d529d483d36ae2efe75bd2d9ced15a8b3fd687bb3992b5c5bbb40974f,,,
.venv/Lib/site-packages/pip/_vendor/truststore/_windows.py,repository metadata,17993,ac01f22980fc33bb7e6d77c6f1580e55add3a5f85585bb78ad94253b8e58b8ff,,,
.venv/Lib/site-packages/pip/_vendor/truststore/py.typed,repository metadata,0,e3b0c44298fc1c149afbf4c8996fb92427ae41e4649b934ca495991b7852b855,,,
.venv/Lib/site-packages/pip/_vendor/typing_extensions.py,repository metadata,134499,efc8459741e90d8fb29475150a759d5399d31f150fdbe4bedf011993a09098b9,,,
.venv/Lib/site-packages/pip/_vendor/urllib3/__init__.py,repository metadata,3333,8972dc6222724a7d0635b58e3990c30298012f52603f8e0467c8b5efad12f0c7,,,
.venv/Lib/site-packages/pip/_vendor/urllib3/_collections.py,repository metadata,11372,a72012249856ef074ea6a263f50240f05c8645fafc13cb94521a94be1174ef6f,,,
.venv/Lib/site-packages/pip/_vendor/urllib3/_version.py,repository metadata,64,b7dc0607aa283935d782263ae8ad66e81652d422725c7014f04a160d37ba4a19,,,
.venv/Lib/site-packages/pip/_vendor/urllib3/connection.py,repository metadata,20314,b6d200f74f41adb4d4cf092a11efd3cd9561e0938e8fb83ad58b1e8b69abc068,,,
.venv/Lib/site-packages/pip/_vendor/urllib3/connectionpool.py,repository metadata,40408,7b67a203035b14d08ac63e1bc0328d2bec3b1c8752cf73a633153f4c8b7e7af4,,,
.venv/Lib/site-packages/pip/_vendor/urllib3/contrib/__init__.py,repository metadata,0,e3b0c44298fc1c149afbf4c8996fb92427ae41e4649b934ca495991b7852b855,,,
.venv/Lib/site-packages/pip/_vendor/urllib3/contrib/_appengine_environ.py,repository metadata,957,6c36f2384856d8228b25c42a00a032ac41cdf9a925b321c52aaeaf17c645b269,,,
.venv/Lib/site-packages/pip/_vendor/urllib3/contrib/_securetransport/__init__.py,repository metadata,0,e3b0c44298fc1c149afbf4c8996fb92427ae41e4649b934ca495991b7852b855,,,
.venv/Lib/site-packages/pip/_vendor/urllib3/contrib/_securetransport/bindings.py,repository metadata,17632,e1793ae2a2243c1b74f40e6af9120552e0e135cf665e29556a99bb5a7627cd1c,,,
.venv/Lib/site-packages/pip/_vendor/urllib3/contrib/_securetransport/low_level.py,repository metadata,13922,076241076fcd44fd36c4ae8309ad4f6bd22ec6b3f0c730f365b8b14246fb53d3,,,
.venv/Lib/site-packages/pip/_vendor/urllib3/contrib/appengine.py,repository metadata,11036,551ebc780544d77ee5c53823043c029dae5488165338a6b4d408fffb905a0b3e,,,
.venv/Lib/site-packages/pip/_vendor/urllib3/contrib/ntlmpool.py,repository metadata,4528,3657e45bb58c756f338aab9da298c7a16dbdf688350535a2d0878889baae1709,,,
.venv/Lib/site-packages/pip/_vendor/urllib3/contrib/pyopenssl.py,repository metadata,17081,843261e0c87263fa7ea0a9457187106954110efe86326046b96f728f1c9e7a33,,,
.venv/Lib/site-packages/pip/_vendor/urllib3/contrib/securetransport.py,repository metadata,34446,15e7f5208514147aa97afcd78833db20690329c858d8554a79578b191d50ab78,,,
.venv/Lib/site-packages/pip/_vendor/urllib3/contrib/socks.py,repository metadata,7097,6918bd7965e8f5911bf795d4c5e7f8676d421659e78db122028f473ac7a832de,,,
.venv/Lib/site-packages/pip/_vendor/urllib3/exceptions.py,repository metadata,8217,d0c9e7a372874cd7d745f63beb7f0db9f38f9146fa9973a6f8baa3fb8c76c3c0,,,
.venv/Lib/site-packages/pip/_vendor/urllib3/fields.py,repository metadata,8579,92f2c30a0fc9987d652e3514118fc52d2f14858ee106f0cfb951136d8f2676b3,,,
.venv/Lib/site-packages/pip/_vendor/urllib3/filepost.py,repository metadata,2440,e5bfeaaa04475652fbb8bb5d018073061f861e653901f255b7fd8dd174b73de6,,,
.venv/Lib/site-packages/pip/_vendor/urllib3/packages/__init__.py,repository metadata,0,e3b0c44298fc1c149afbf4c8996fb92427ae41e4649b934ca495991b7852b855,,,
.venv/Lib/site-packages/pip/_vendor/urllib3/packages/backports/__init__.py,repository metadata,0,e3b0c44298fc1c149afbf4c8996fb92427ae41e4649b934ca495991b7852b855,,,
.venv/Lib/site-packages/pip/_vendor/urllib3/packages/backports/makefile.py,repository metadata,1417,9dbcedde2d1a80f54fd3b8eaaa08e16988cc9ae022fd6e44d04cb0662bd53bc1,,,
.venv/Lib/site-packages/pip/_vendor/urllib3/packages/backports/weakref_finalize.py,repository metadata,5343,b5109a97938084d491c9bd03847a7edfc02d2250ac44ff01c45dcd5feeaba880,,,
.venv/Lib/site-packages/pip/_vendor/urllib3/packages/six.py,repository metadata,34665,6fd2ccd30057bfb13b4ab6c28c09b8c3037e86b1fe88dc6fd7c2e058d30c28fa,,,
.venv/Lib/site-packages/pip/_vendor/urllib3/poolmanager.py,repository metadata,19990,696ca15d1b4d3b82549c249556a29329077c1174ef526d5537da60b366dc38da,,,
.venv/Lib/site-packages/pip/_vendor/urllib3/request.py,repository metadata,6691,61358536bed023087b1355bd75d7bd2ccefbbf65564c9e55efc5ee4d3c3b0f50,,,
.venv/Lib/site-packages/pip/_vendor/urllib3/response.py,repository metadata,30641,7e60c9005906ef5b854e7fac5524e1d88c345a6717418aa46d18e286fc018d4f,,,
.venv/Lib/site-packages/pip/_vendor/urllib3/util/__init__.py,repository metadata,1155,2449929a6aaa2f26b0f0fe75814226661f06c20f62d7349ef83a2a022b67da77,,,
.venv/Lib/site-packages/pip/_vendor/urllib3/util/connection.py,repository metadata,4901,e4bc760753d6dbd2b1067d93d3190dd420604416b780654904aa10a11a201159,,,
.venv/Lib/site-packages/pip/_vendor/urllib3/util/proxy.py,repository metadata,1605,cd4bcf3c226ba7a74e17437818055b39c97aa3ee2e5ca4ab1a24e492be6f512e,,,
.venv/Lib/site-packages/pip/_vendor/urllib3/util/queue.py,repository metadata,498,9d1817f3f797fbf564bf1a17d3de905a8cfc3ecd101d4004c482c263fecf9dc3,,,
.venv/Lib/site-packages/pip/_vendor/urllib3/util/request.py,repository metadata,3997,0b4394b76b5c53a2d189027b61834ff46bcfad2be5ef388805e910fb99e50599,,,
.venv/Lib/site-packages/pip/_vendor/urllib3/util/response.py,repository metadata,3510,189a60dc4822f6a6895d1c01879c2ff8c36e4566a7e4122ee34a117a8c563f6f,,,
.venv/Lib/site-packages/pip/_vendor/urllib3/util/retry.py,repository metadata,22050,e8436f399f0f043ce1f24822c69aa5f6522b6f67711fe93b66605a9c9176360e,,,
.venv/Lib/site-packages/pip/_vendor/urllib3/util/ssl_.py,repository metadata,17460,403bae4f13d20a3d6b62d678c690fb531fabdb44c3e74687caa2b2850ec1ab80,,,
.venv/Lib/site-packages/pip/_vendor/urllib3/util/ssl_match_hostname.py,repository metadata,5758,22be1c65512398093c8140081d64a2ef0b4e3bcdd4098001636c450f5425fd60,,,
.venv/Lib/site-packages/pip/_vendor/urllib3/util/ssltransport.py,repository metadata,6895,340faee6b313ac3143142f10cd129410a306d39eb584e0f8a814ebdd9e29bfa1,,,
.venv/Lib/site-packages/pip/_vendor/urllib3/util/timeout.py,repository metadata,10168,730ab874c93cee624748192d2b59a2609fbce46fb74f74664f6d2fed2142a67a,,,
.venv/Lib/site-packages/pip/_vendor/urllib3/util/url.py,repository metadata,14296,942004ecce66c80f040dd5b4b09bb2c9985507d2bf8f7f258d684702715a5a81,,,
.venv/Lib/site-packages/pip/_vendor/urllib3/util/wait.py,repository metadata,5403,7ce5f4fdf6a8cc6d8fee25688d0a04d666f277078dc93726fa15c47c5ad3b4b2,,,
.venv/Lib/site-packages/pip/_vendor/vendor.txt,repository metadata,333,116f84ddc1395c402d545cc62278a402b38c0f118fd032d45b35e96384597c56,,,
.venv/Lib/site-packages/pip/py.typed,repository metadata,286,10156fbcf4539ff788a73e5ee50ced48276b317ed0c1ded53fddd14a82256762,,,
.venv/Lib/site-packages/pluggy-1.6.0.dist-info/INSTALLER,repository metadata,4,ceebae7b8927a3227e5303cf5e0f1f7b34bb542ad7250ac03fbcde36ec2f1508,,,
.venv/Lib/site-packages/pluggy-1.6.0.dist-info/METADATA,repository metadata,4811,7438c35ee25a095eb7416f84b461c2d74425c5e734ad54c3912453c65244e01c,,,
.venv/Lib/site-packages/pluggy-1.6.0.dist-info/RECORD,repository metadata,1530,6bb7a9d0ece8e716b9b2d61c5656639449d6408e413e5ba2526119bfc4f629f6,,,
.venv/Lib/site-packages/pluggy-1.6.0.dist-info/WHEEL,repository metadata,91,370dfa0e3ba1ff9543ba42b41fbf10cce5fefc5404a3a577ee6de7926f7a82d5,,,
.venv/Lib/site-packages/pluggy-1.6.0.dist-info/licenses/LICENSE,repository metadata,1110,d6b65e6c213a5d0b577911d34d6e5949b9f59d76c238c5071a2f3fc16cfb2606,,,
.venv/Lib/site-packages/pluggy-1.6.0.dist-info/top_level.txt,repository metadata,7,c4a4824616a2faff4c724bccb96a8dcf5e9cd6d6ec98e820a0c4b04e07296071,,,
.venv/Lib/site-packages/pluggy/__init__.py,repository metadata,811,0fa769d609840e3b43a7c840c1073eaab81aba59cbe2296daea90b0ddfa0f6d8,,,
.venv/Lib/site-packages/pluggy/_callers.py,repository metadata,5991,804665946692615b2c676526a4d7e6602d1b755821da361b0057982afb913236,,,
.venv/Lib/site-packages/pluggy/_hooks.py,repository metadata,25218,13a7f79d8708e9d6c4b8ed069b2eb5a3380653fe7dfdeebd902d3c6b4e8406ea,,,
.venv/Lib/site-packages/pluggy/_manager.py,repository metadata,20219,2b8229fe99048ef4f6a0e21f40fa7c0b0016a1756710d81045ccbdb651a28b4a,,,
.venv/Lib/site-packages/pluggy/_result.py,repository metadata,3098,dd77f2ec3ae35db61bee9b91aaec98d956e274858daba3e9ed09ee12531d8fc4,,,
.venv/Lib/site-packages/pluggy/_tracing.py,repository metadata,2073,9d777604298381ff2327157e1cedcfab147e595e777969c5f01e001759c91a0a,,,
.venv/Lib/site-packages/pluggy/_version.py,repository metadata,511,e45189369f4b924f6e3b17828d7a68086045efd02be8b18f391efe6ad06a6ffe,,,
.venv/Lib/site-packages/pluggy/_warnings.py,repository metadata,828,b5dd00bd90697da9ab8820b73aab0bc31321f92cc03237e399ce7c4f9bcfde5c,,,
.venv/Lib/site-packages/pluggy/py.typed,repository metadata,0,e3b0c44298fc1c149afbf4c8996fb92427ae41e4649b934ca495991b7852b855,,,
.venv/Lib/site-packages/py.py,repository metadata,329,b71675b5d9845ba0814e9e88767f88dac3b3cc0d3128da028bd45edbb523e871,,,
.venv/Lib/site-packages/pygments-2.20.0.dist-info/INSTALLER,repository metadata,4,ceebae7b8927a3227e5303cf5e0f1f7b34bb542ad7250ac03fbcde36ec2f1508,,,
.venv/Lib/site-packages/pygments-2.20.0.dist-info/METADATA,repository metadata,2476,e0528f51b30427fae94723662ba622f8d8db2a4d8d3f1365698d67a52450a845,,,
.venv/Lib/site-packages/pygments-2.20.0.dist-info/RECORD,repository metadata,47571,d99f8923da279fd5669b4c5d10c7749ff233c7bc0569f71c6a8c1fd6b3a31692,,,
.venv/Lib/site-packages/pygments-2.20.0.dist-info/WHEEL,repository metadata,87,41c708c5adba6e097513ab8ccb9f1d7865a2fb469e22491a9e01dcc64da459fc,,,
.venv/Lib/site-packages/pygments-2.20.0.dist-info/entry_points.txt,repository metadata,53,b945f0f9784c281117e2959c0ada6e4d39cf84bde1ece104da35a2e75550b1af,,,
.venv/Lib/site-packages/pygments-2.20.0.dist-info/licenses/AUTHORS,repository metadata,10873,0db603a5f4499f690c4425477ff664c166da325d3acc3b5a8d4de3db072443d0,,,
.venv/Lib/site-packages/pygments-2.20.0.dist-info/licenses/LICENSE,repository metadata,1331,a9d66f1d526df02e29dce73436d34e56e8632f46c275bbdffc70569e882f9f17,,,
.venv/Lib/site-packages/pygments/__init__.py,repository metadata,2962,673a675e9be7bf473baff3884bc87b51e6844aa60d28ccbffe957b2828965f1c,,,
.venv/Lib/site-packages/pygments/__main__.py,repository metadata,351,4195a3d13e934d1b2aafec3ed18bd520ba350f202fcf3c9d18244e370744ceaa,,,
.venv/Lib/site-packages/pygments/cmdline.py,repository metadata,23542,fdd3a7aed6bfd8621ef0983ed58d296f9bd68bc2fa413889cf2a13b87ad8adb3,,,
.venv/Lib/site-packages/pygments/console.py,repository metadata,1721,0b5f3d240c210b5421d002a0b21cdbd70543cc5a819efd55678e644c40c83b7d,,,
.venv/Lib/site-packages/pygments/filter.py,repository metadata,1913,d5d9db92ad80742dc0907b770da5f09ce91304b0a1975911ea76922f09ebfed7,,,
.venv/Lib/site-packages/pygments/filters/__init__.py,repository metadata,40349,d37658748626c6758287b80d5c3ee5110f3af437f89331e7386338e222716a7f,,,
.venv/Lib/site-packages/pygments/formatter.py,repository metadata,4369,3d30674d6d041e47b6bf39402aebc72648f7fbf08c8fc76e231fb7c955227bea,,,
.venv/Lib/site-packages/pygments/formatters/__init__.py,repository metadata,5352,a8f1b8ab972e69944606096610954b3f8483bf8dd0237b4052c923df433e98e6,,,
.venv/Lib/site-packages/pygments/formatters/_mapping.py,repository metadata,4176,d42c37ec5b9094d69c9f144a9ad94f5f89f22e85fdfedb64a39670b1c354659e,,,
.venv/Lib/site-packages/pygments/formatters/bbcode.py,repository metadata,3299,96f1b5444649bf4a4ce9531ef90c0b4aea34625d516bf5f9d7087dddf5bc0369,,,
.venv/Lib/site-packages/pygments/formatters/groff.py,repository metadata,5085,6a71777cd6c3630c0e969a4e528293660e05cf33db66b1388dc24231de3dff58,,,
.venv/Lib/site-packages/pygments/formatters/html.py,repository metadata,36053,a9ee0feaa215e3ad87919a2f4bcb39c4a2b26173d042f523cfa5a3ec75f50b16,,,
.venv/Lib/site-packages/pygments/formatters/img.py,repository metadata,23304,e35b92634a4a83d56628962b1ee6af095820d33fa683cd69dbc404324b707f5a,,,
.venv/Lib/site-packages/pygments/formatters/irc.py,repository metadata,4907,85d3aa02f174d9b23c098f3fb6eb67529b4166958404bcd502a4b8fd8034b5ec,,,
.venv/Lib/site-packages/pygments/formatters/latex.py,repository metadata,19261,710984d4d8f813dab93745d0241aa973a74bb6ee5434eb58ab7a653f2097d479,,,
.venv/Lib/site-packages/pygments/formatters/other.py,repository metadata,4989,1eaeaa6383ce059fe5940591af583348ef54a1e60f38d94b3012bad11916e1b8,,,
.venv/Lib/site-packages/pygments/formatters/pangomarkup.py,repository metadata,2209,2f88d4ea83b5f14a8432a5de3791643ed922b17ad7b97abdc1c79c832ffa773a,,,
.venv/Lib/site-packages/pygments/formatters/rtf.py,repository metadata,11924,610616f0d4eb0785df3a32db433badc83e23df94e2985359d13dfd7444fd0cea,,,
.venv/Lib/site-packages/pygments/formatters/svg.py,repository metadata,7141,a24b174fe6674c70ec9f55ad5a006cf55eea98a16cc002b1ee3577eed6f6b586,,,
.venv/Lib/site-packages/pygments/formatters/terminal.py,repository metadata,4629,abb8cb2da9e57b7dde099903af80a81c037e7470457f50c1862e0570143cff51,,,
.venv/Lib/site-packages/pygments/formatters/terminal256.py,repository metadata,11717,3e903fa004c70a28775138eb6df2aa21151cbecca9fd3781686c379292317810,,,
.venv/Lib/site-packages/pygments/lexer.py,repository metadata,35154,80d318ce675291337259faa22c9dfba147752ab37f74c5edb0fc9a5f6fa7f440,,,
.venv/Lib/site-packages/pygments/lexers/__init__.py,repository metadata,12070,1b876da84e5030402aa1a683d6bc126597aea8a84cc92e2eb65333d6cce4ad38,,,
.venv/Lib/site-packages/pygments/lexers/_ada_builtins.py,repository metadata,1546,7596fe96876c48ce8be5e98b9602e0fab0a59b61ee9af9c72bbd827ad9d245d0,,,
.venv/Lib/site-packages/pygments/lexers/_asy_builtins.py,repository metadata,27290,ce0e787c6860cd65d0524ebea99e8e5b91932fd7783ab9c1f12250923ac3d31b,,,
.venv/Lib/site-packages/pygments/lexers/_cl_builtins.py,repository metadata,13997,a01174d19909c83d782e462e47ad371031483328ad9337b5d9a4fb5330d82d8b,,,
.venv/Lib/site-packages/pygments/lexers/_cocoa_builtins.py,repository metadata,105176,69beacabe8b2e4b6a913570d63297c3c95cb83a108357c7e94c45bc0445d298b,,,
.venv/Lib/site-packages/pygments/lexers/_csound_builtins.py,repository metadata,18417,c2e5a2423984321695bec57c6ff79fb1e6e053460a228302d040a939abd30883,,,
.venv/Lib/site-packages/pygments/lexers/_css_builtins.py,repository metadata,12449,aa1982e2d4461b9df3bf3310135aa7efde0bbdb54e0d1b5569cc5608fde42240,,,
.venv/Lib/site-packages/pygments/lexers/_googlesql_builtins.py,repository metadata,16135,9867ce1ae28a8d9a071c0019aba1e973af31d2a2b2731f925ffc060d27123982,,,
.venv/Lib/site-packages/pygments/lexers/_julia_builtins.py,repository metadata,11886,bbabf4c80cd98ea504363888439a8c7dcb28d6bffa111a866e3dda1f0167caa0,,,
.venv/Lib/site-packages/pygments/lexers/_lasso_builtins.py,repository metadata,134513,60efdcfdfd39668c6ca47c42477a16402a5985b00953304906156ebb04e3af97,,,
.venv/Lib/site-packages/pygments/lexers/_lilypond_builtins.py,repository metadata,115114,fbfe22e20a600e07051ef6993092f6b35ac8f5d48d636642eaf3baba5ec79a5d,,,
.venv/Lib/site-packages/pygments/lexers/_lua_builtins.py,repository metadata,8111,32c0d5f6c11b26780aa17499bb4c576b01af77a5e315fd76e67b9704da1f7dd5,,,
.venv/Lib/site-packages/pygments/lexers/_luau_builtins.py,repository metadata,958,60b523d9b719d026f448190894d5d61c518350592975d389c7eba4ad9c7570c7,,,
.venv/Lib/site-packages/pygments/lexers/_mapping.py,repository metadata,70758,61b4090757aa78693ba25e4d80c30f2eb0f7546753c204029774ef2f0b71c310,,,
.venv/Lib/site-packages/pygments/lexers/_mql_builtins.py,repository metadata,24716,0a472f3321d8878539ac6815e808128714674cebf4b66a846ce8957696852eab,,,
.venv/Lib/site-packages/pygments/lexers/_mysql_builtins.py,repository metadata,26876,4aa895615562aed9cde254a0b5f7913f1b55a5cba68d4bef52af67f0939bb90e,,,
.venv/Lib/site-packages/pygments/lexers/_openedge_builtins.py,repository metadata,49401,033175a3a78090c73abe7be6795a8d9d46545628f36cd6248f3ad476d0907b73,,,
.venv/Lib/site-packages/pygments/lexers/_php_builtins.py,repository metadata,108054,f60f962d3dea6d21a8950241ff83d2e855bfafb1d55c15af239396c4ab5bc289,,,
.venv/Lib/site-packages/pygments/lexers/_postgres_builtins.py,repository metadata,13346,4068369814d3860bf82dd5e3166e70aca68a9c253d0ee6e6262ea55c1ef2d8c8,,,
.venv/Lib/site-packages/pygments/lexers/_qlik_builtins.py,repository metadata,12598,dd99024838edc52c570c8f5eae28164cb49472dfdaa7f5b42ea7d98c578a4182,,,
.venv/Lib/site-packages/pygments/lexers/_scheme_builtins.py,repository metadata,32567,3b7051b6de6cb931126d9fdb491790e83d2bd06fd2abf8b8c0271491d52b752d,,,
.venv/Lib/site-packages/pygments/lexers/_scilab_builtins.py,repository metadata,52414,137dd1d2692735cfb9799f5482eeeeec0bffbd4c40690a0c4ed771dcc71ecb15,,,
.venv/Lib/site-packages/pygments/lexers/_sourcemod_builtins.py,repository metadata,26780,f2ab292f108bb1f37d27b37449665136cd00faa24e20644100968d31e59a3814,,,
.venv/Lib/site-packages/pygments/lexers/_sql_builtins.py,repository metadata,6770,7cba61a2707ac2fe8e8adf336a7262131811a0bbd9a055b897d94d1fe3d362fc,,,
.venv/Lib/site-packages/pygments/lexers/_stan_builtins.py,repository metadata,16623,b08a0e360e138cb90637b01bd2d641d4733bb50d3bd7f676738d67f655d9974e,,,
.venv/Lib/site-packages/pygments/lexers/_stata_builtins.py,repository metadata,27230,ca687c1b111c6ba7920a01e7aac2eab22f4eadf46a627b793bcc817a29c9ec31,,,
.venv/Lib/site-packages/pygments/lexers/_tsql_builtins.py,repository metadata,15463,330e949cc0728eed14f8e0604fc69fdc0e2eb5fad2d344e7e650e76b106d8fd7,,,
.venv/Lib/site-packages/pygments/lexers/_usd_builtins.py,repository metadata,1661,486a7f78f7f656e92dac5579f6ae9d7f8993cb1655ec0658b344c91525a80402,,,
.venv/Lib/site-packages/pygments/lexers/_vbscript_builtins.py,repository metadata,4228,4c5b72735d72be90ff3a536bac56dc08e26851891632adc47871c2a70ff324d7,,,
.venv/Lib/site-packages/pygments/lexers/_vim_builtins.py,repository metadata,57069,6c1ea474b14cdf7ba863eb00b6c46e5193a871c69ae200c0b1d160e16004b285,,,
.venv/Lib/site-packages/pygments/lexers/actionscript.py,repository metadata,11737,91b1e1a0397b26357344432fd54bb160144968faf11c39261000b908e98e215c,,,
.venv/Lib/site-packages/pygments/lexers/ada.py,repository metadata,5356,9b63bb758cc955cde2b9281a0be4e2f86877086f899a9662b7f0cf669bb52083,,,
.venv/Lib/site-packages/pygments/lexers/agile.py,repository metadata,899,0eefaf8e719910f1ee138d17c5330ef972ede7aa5870868a200c48c1c607147d,,,
.venv/Lib/site-packages/pygments/lexers/algebra.py,repository metadata,10032,da24121b17d5b815c11c025dcdb6cfbeda6f44e6137f17cc8af0da824f727e1f,,,
.venv/Lib/site-packages/pygments/lexers/ambient.py,repository metadata,2608,f0d93c597e2aac877dce3ff3823241b854f8d324171b6397c45861177474d20f,,,
.venv/Lib/site-packages/pygments/lexers/amdgpu.py,repository metadata,1726,28c0cb75bfb568af5125a36c4a43f2894dc3404fc7763045d296b0ff28893110,,,
.venv/Lib/site-packages/pygments/lexers/ampl.py,repository metadata,4179,20ab8c544e9a5ec6b84baaa9b9cfc3bc4b09989a722833606b4f413c52ef6310,,,
.venv/Lib/site-packages/pygments/lexers/apdlexer.py,repository metadata,30803,a6e4a92c159ebdc89273c1b4c20d98ff2408a0682a3deb345019291489aabcee,,,
.venv/Lib/site-packages/pygments/lexers/apl.py,repository metadata,3407,fa384f62c0554f87242fb0999ae90864d8bab5f68925b064dafbad95ddfbdabb,,,
.venv/Lib/site-packages/pygments/lexers/archetype.py,repository metadata,11577,6ee847d961edc41a30cbf283e523e6e6f807a662e828c755f6d80cb3f6c4e315,,,
.venv/Lib/site-packages/pygments/lexers/arrow.py,repository metadata,3567,7ba99bdc8c788cbed3306354a64f2245b272fd517b558d89d155249e5a3512f0,,,
.venv/Lib/site-packages/pygments/lexers/arturo.py,repository metadata,11417,1a492539a8842533b3f04d3377177f85dd735f0bfb958829f08265eee875de18,,,
.venv/Lib/site-packages/pygments/lexers/asc.py,repository metadata,1696,0af1528bb1580d6e9ebbee6888a19cd0c377685d575590e8148e7ede61e90439,,,
.venv/Lib/site-packages/pygments/lexers/asm.py,repository metadata,42219,8c7277083b6f1e0bb8857e2456fbc9c9c8852d633a1406050cf1bfce3053cab7,,,
.venv/Lib/site-packages/pygments/lexers/asn1.py,repository metadata,4267,30b6a439e04591d84a2abe36787173a27a46213109c51fc6a1df2faa358fbdae,,,
.venv/Lib/site-packages/pygments/lexers/automation.py,repository metadata,19834,81d498b25916f6c6e50dcbcc78ad5acb5e6b6fdbd1b8ae7aa4f389cddc6522f8,,,
.venv/Lib/site-packages/pygments/lexers/bare.py,repository metadata,3023,01da8bf59db49ddd1b84d19689e94b8401de8fa57cffc9b539652408ead2071f,,,
.venv/Lib/site-packages/pygments/lexers/basic.py,repository metadata,27992,36a37121e1e18c152d7a7c02749f3c596104dcdedad7a0c0f60d7f0f599d985d,,,
.venv/Lib/site-packages/pygments/lexers/bdd.py,repository metadata,1644,29eb8ecd704b251c71336815eda32e62c755fda2451f206e17ca6d0695b10f93,,,
.venv/Lib/site-packages/pygments/lexers/berry.py,repository metadata,3212,bc87d3e2c06d9ba6a8eb859d364253549992d3406215d116bdbde86c15c1797f,,,
.venv/Lib/site-packages/pygments/lexers/bibtex.py,repository metadata,4814,b207c5a97c8dc82c5138721ef02d20adeebdaf36c00c02e7a43b536aa1df49ab,,,
.venv/Lib/site-packages/pygments/lexers/blueprint.py,repository metadata,6191,756f8be5b148896c513c36ac85e7b610e6265c8447770b82675cb788df9aebfd,,,
.venv/Lib/site-packages/pygments/lexers/boa.py,repository metadata,3924,56a605d5883f5dd0c0e6d2bf122ba8d6bafb79d881b0a513a41eb1cdafc1e5de,,,
.venv/Lib/site-packages/pygments/lexers/bqn.py,repository metadata,3674,b1ee16d973ec3624f7eb3d009bd5f9178c8d2eb42f308e57f26898e91f5210cf,,,
.venv/Lib/site-packages/pygments/lexers/business.py,repository metadata,28348,3176289a342261a4e69d482343b2d4c63714d62da25438d97573d37aa3a50e33,,,
.venv/Lib/site-packages/pygments/lexers/c_cpp.py,repository metadata,18321,d95890a0b636d98eb17735c39b0cf7d2b31c8a3ec47a636ae2fa5312c7e5eec8,,,
.venv/Lib/site-packages/pygments/lexers/c_like.py,repository metadata,32024,ada7cb350a9c11b7fef7b5690ed48841949299d88c0f8a0161e12cec36720728,,,
.venv/Lib/site-packages/pygments/lexers/capnproto.py,repository metadata,2177,91cdeb4fde4691e426ad6d4b78fe473156fb364f2ca97916e8e26491620761b0,,,
.venv/Lib/site-packages/pygments/lexers/carbon.py,repository metadata,3214,fccfb461ba1f8d932b2486a25caa13eb0a64777ffa7c5abe39d499ed5f7ad48e,,,
.venv/Lib/site-packages/pygments/lexers/cddl.py,repository metadata,5079,ed6ae2daadb229ec56a34083eecd9cec0a0200c6ebc32104e9ffe0cf907ac756,,,
.venv/Lib/site-packages/pygments/lexers/chapel.py,repository metadata,5159,4af6573498a35b482b7854e80c7650d327a8e3fde78b24f1df5233ff22dcb5c9,,,
.venv/Lib/site-packages/pygments/lexers/clean.py,repository metadata,6421,fe85774db9aba65dd2d6984f312ea0c8c5b21991a3e96cb4abc69da5fe6fba76,,,
.venv/Lib/site-packages/pygments/lexers/codeql.py,repository metadata,2579,8405f9d6e59e1b9664f498574a73b13cc6b39c53a9697e199d91d9da4aeb3c69,,,
.venv/Lib/site-packages/pygments/lexers/comal.py,repository metadata,3182,d1f713c95e61dfaccf971a103d65867addb26988b91125e2169c7a11bb2a3f4d,,,
.venv/Lib/site-packages/pygments/lexers/compiled.py,repository metadata,1429,3d18a6cbb79bdb078fed7e9b12e933d496922ee4001133b7e0aee66872c66f10,,,
.venv/Lib/site-packages/pygments/lexers/configs.py,repository metadata,50925,603048595fd1d928916f409bc6897e4bc45189e0df020fd871385cd41999f742,,,
.venv/Lib/site-packages/pygments/lexers/console.py,repository metadata,4183,32b4c89170d843bd73d320dea706e93bd5b05cf4113c700500ebedfe782c7315,,,
.venv/Lib/site-packages/pygments/lexers/cplint.py,repository metadata,1392,c0fb3f661d0e276fd451e17dfe6bbfafe5ffeb90c94963024ca3a63b28d62f3f,,,
.venv/Lib/site-packages/pygments/lexers/crystal.py,repository metadata,15757,93c5f2f13a5f18a4cfbec3f55a293120b49c20b0fc897679a9c78b668a6c2d81,,,
.venv/Lib/site-packages/pygments/lexers/csound.py,repository metadata,17001,eca1e826ff30b6e21ef5daae7ace261459102d42dc190db776067f2817747ff9,,,
.venv/Lib/site-packages/pygments/lexers/css.py,repository metadata,26439,3958ec7742a7f69347ea296d4b88a48f2f679e294f942571f95019dba9f7509f,,,
.venv/Lib/site-packages/pygments/lexers/d.py,repository metadata,9923,79ee682263f505c1d867ddd4c17a07233c3a073b604775820afde4b2ed89fa8d,,,
.venv/Lib/site-packages/pygments/lexers/dalvik.py,repository metadata,4609,d1fe66079cbc834975203da5889ff9a8cd8d8f247f481b3b724b880de35b6e3f,,,
.venv/Lib/site-packages/pygments/lexers/data.py,repository metadata,27049,3212d7a195d831916698a96a2fc455e73a7e794c156f4c85ceccb35d8ae92a2c,,,
.venv/Lib/site-packages/pygments/lexers/dax.py,repository metadata,8101,37ee5fc6e9017c5b45093d8b268ca0d5526c7e57561f15ca2d8dd93cb9cfae28,,,
.venv/Lib/site-packages/pygments/lexers/devicetree.py,repository metadata,4826,4e283eb534aba661b36c6c4dda46b830c4e20b7e38ae86aff40e21a1cf68fe4c,,,
.venv/Lib/site-packages/pygments/lexers/diff.py,repository metadata,5385,fbadbb966b98a49dae51550cfe8ad51a05c91972011925476e696a7e508479a3,,,
.venv/Lib/site-packages/pygments/lexers/dns.py,repository metadata,3894,125cd2377204a11b3583a896327cd5215f07d31f56484175c018e6d9ad01cb11,,,
.venv/Lib/site-packages/pygments/lexers/dotnet.py,repository metadata,39444,1a6a1a3b14a821391874051a549d19d5141ae8cbdc471875810dd7c6012ce17f,,,
.venv/Lib/site-packages/pygments/lexers/dsls.py,repository metadata,36753,6ba25dbf7c35685defa5026b9c5df630d1c097aa4466491e181d5c62ffb1d87c,,,
.venv/Lib/site-packages/pygments/lexers/dylan.py,repository metadata,10412,7e2f264b29e2e1d9c63f9c7572b13a04a36a2d626ce1d0d676692eafe4db6cd7,,,
.venv/Lib/site-packages/pygments/lexers/ecl.py,repository metadata,6374,5c9eba3d4f448e45c9c00e1fd4e7c2d1175f3f8f6ff0deb64595e715554060da,,,
.venv/Lib/site-packages/pygments/lexers/eiffel.py,repository metadata,2693,9b67953c31bd27e55789e09e3b2d12ef31cf8e2147401f45e9b388cbe2b73034,,,
.venv/Lib/site-packages/pygments/lexers/elm.py,repository metadata,3155,5e3dc795b51312411417085e9b8342ba3c79e6d4364d2eb5fca71fe8108f1c02,,,
.venv/Lib/site-packages/pygments/lexers/elpi.py,repository metadata,7904,459a805737717c0fc1a819ad3078fc013c397fd7b6e1228bf9078ed7842e2a4e,,,
.venv/Lib/site-packages/pygments/lexers/email.py,repository metadata,4807,34f9467362fa177296583a29dd93891a950ce8b0e7384a8a663d58246def3f63,,,
.venv/Lib/site-packages/pygments/lexers/erlang.py,repository metadata,19150,d9a525541545b50751d90212b0378a4ce3e31ab57baf5724c972f5eca268b7d7,,,
.venv/Lib/site-packages/pygments/lexers/esoteric.py,repository metadata,10503,b6627d3dad7062d62047ac83aa0a77cc362e5cf1735f0ed22d31ce1ff784de9d,,,
.venv/Lib/site-packages/pygments/lexers/ezhil.py,repository metadata,3275,b5b198b469ea64007c7df9f23dd78c3091ed29827b38072250546b47ff10a573,,,
.venv/Lib/site-packages/pygments/lexers/factor.py,repository metadata,19533,1c152a35cc1de15a65630df449cb82f1881d8a9140622aa34605acc93d2ce314,,,
.venv/Lib/site-packages/pygments/lexers/fantom.py,repository metadata,10234,c3d214d71eb50a875decec6fe43a6f5659153e7fdb7ef54b88ff007b7ebad333,,,
.venv/Lib/site-packages/pygments/lexers/felix.py,repository metadata,9658,0ef3ceb3f126e9f16d5014026995961d6827bc015e06b0def7b0b2f57c90f29b,,,
.venv/Lib/site-packages/pygments/lexers/fift.py,repository metadata,1647,43d38b262be9e2782a16ca3b00f0af5fce61fa085d6e9f59aa93fc18a1f0b353,,,
.venv/Lib/site-packages/pygments/lexers/floscript.py,repository metadata,2670,4dccae0a2bfd6c06fcf71d7feff66aea7521b1db07005d833ec299ea6d56d4d5,,,
.venv/Lib/site-packages/pygments/lexers/forth.py,repository metadata,7196,e1ed0e09f24670496442b1c89e640cb9cbec23d7658ee3f1e05620dfc7728e7a,,,
.venv/Lib/site-packages/pygments/lexers/fortran.py,repository metadata,10385,a2ebce1dd31b8f9ea3e3436b8f6d560917f8acd2a9bb0a61c66b65515b27ce17,,,
.venv/Lib/site-packages/pygments/lexers/foxpro.py,repository metadata,26298,9d5f32c844b7f50a0599336533cc65dccb5e3acbe6b7ac95d65eb1eb19d7a885,,,
.venv/Lib/site-packages/pygments/lexers/freefem.py,repository metadata,26916,66664b2182d7b422b6916a86cc19ab929ef27213b2eef81f6a8ada7d49149752,,,
.venv/Lib/site-packages/pygments/lexers/func.py,repository metadata,3703,66339eae3de78c971a1a71d673f9e95a3c5be03e4efae7710512bb44b1c489b5,,,
.venv/Lib/site-packages/pygments/lexers/functional.py,repository metadata,697,e26f499409dfa57c52910408acd3a86f6553c229fa84f2c0a96ba1bfd6959008,,,
.venv/Lib/site-packages/pygments/lexers/futhark.py,repository metadata,3746,982536caf968245e4b37bb9113ff2b095a80f07008367cb4e075d5c634a23388,,,
.venv/Lib/site-packages/pygments/lexers/gcodelexer.py,repository metadata,877,b7c24c59a6838d66707468911b0ae9b18b5f8ca4e689bc2547238b0a2259f2ac,,,
.venv/Lib/site-packages/pygments/lexers/gdscript.py,repository metadata,7569,54d3b077b29c0d112fa0101fc3ae868f1c50ca03ec1c7d9a91dcd16cf34aaa84,,,
.venv/Lib/site-packages/pygments/lexers/gleam.py,repository metadata,2395,271e8b9d4a5657da668dd4982d432dd7a73751a999fafe57e8272e1215b17fef,,,
.venv/Lib/site-packages/pygments/lexers/go.py,repository metadata,3786,ca71d54adc365d42459548934b852a63ae5f2e4bdc24130dce862d48d4a5fc15,,,
.venv/Lib/site-packages/pygments/lexers/grammar_notation.py,repository metadata,8046,64661cc214af3a8970d49edc03d3dcee1569708b1e95a0a0c70b2f01fe724607,,,
.venv/Lib/site-packages/pygments/lexers/graph.py,repository metadata,4111,5ff22c763c57667e69f43ab870b5f2ab0a380bc7a671803c34fe9567d65305a5,,,
.venv/Lib/site-packages/pygments/lexers/graphics.py,repository metadata,39148,21eaeec6f1104755acbbe6322e90239149e2b0b0f352b93671dd315eb0c26e3c,,,
.venv/Lib/site-packages/pygments/lexers/graphql.py,repository metadata,5604,45613f91f5540c4027bfff926323a2f4825492ceb536f39a92651f58e968af3a,,,
.venv/Lib/site-packages/pygments/lexers/graphviz.py,repository metadata,1937,0d1356c1eb4459ab090ed88b91daa42ac4070ebc89e56f34c140f63c4ea8282b,,,
.venv/Lib/site-packages/pygments/lexers/gsql.py,repository metadata,3993,a734a3e4f778bed34b112fa921dc5a1b4bce553a94584f54b8e530d11ad8fa87,,,
.venv/Lib/site-packages/pygments/lexers/hare.py,repository metadata,2652,782ad13f072cc172fe6474d6365844d40d391bdaf1cd2db4fc8a9275dbf633d6,,,
.venv/Lib/site-packages/pygments/lexers/haskell.py,repository metadata,33323,b2be60ab753bc6dd03d818b8d71753b016a9a275faa2d3f5a8fc91302bb133b1,,,
.venv/Lib/site-packages/pygments/lexers/haxe.py,repository metadata,31169,fcccd02535b1d7c903f5b3ffb27881b2129bb4e643466e0e66789f68e830fda6,,,
.venv/Lib/site-packages/pygments/lexers/hdl.py,repository metadata,22741,da3617ddf45667d98067f404475587e7c4af25a39d610b743a63b1a375f624ad,,,
.venv/Lib/site-packages/pygments/lexers/hexdump.py,repository metadata,3656,56f629fcd4da13ee8d52e486e0531ecf0723c5b3e7033d1f396333af76361a6e,,,
.venv/Lib/site-packages/pygments/lexers/html.py,repository metadata,21999,3baaa4a723b2947da7d598b5ab396606c2045b7d517efcc19fb8ca4da011d8b4,,,
.venv/Lib/site-packages/pygments/lexers/idl.py,repository metadata,15452,5b64111f58fd2cc68dbc2e636fa3243f874b628fce414ea5425080950bde147e,,,
.venv/Lib/site-packages/pygments/lexers/igor.py,repository metadata,31636,4afe4418125e2b2d143b297af8617794179ea1602b55c30326d42d976457458a,,,
.venv/Lib/site-packages/pygments/lexers/inferno.py,repository metadata,3138,72354cc8e83a8e127a9d85f7df767a29a082792d293551efe164f1c85198f138,,,
.venv/Lib/site-packages/pygments/lexers/installers.py,repository metadata,14494,8a82b62543d2264f6f72ca1edcd012bccb7ea5a5ddd7f367ddef1699aa89ec21,,,
.venv/Lib/site-packages/pygments/lexers/int_fiction.py,repository metadata,56547,0548ef5e29548ae305f9eb971100f3419b38e639ff68bb35ede4ca71f129b6b2,,,
.venv/Lib/site-packages/pygments/lexers/iolang.py,repository metadata,1908,90c50152a56f747941efd7b3d291593d17f43608840b649db585307639db13dd,,,
.venv/Lib/site-packages/pygments/lexers/j.py,repository metadata,4856,e7aa946ecd42ef029d67af96a4d9f11e7b4daacc56ae8aa23bb91e236ca8475a,,,
.venv/Lib/site-packages/pygments/lexers/javascript.py,repository metadata,63246,9aec82559400b176e14fb207664a2a0242399b2851687cdee89300478cc82cdb,,,
.venv/Lib/site-packages/pygments/lexers/jmespath.py,repository metadata,2085,ef6e8f0e946bd60d8acbfc79a5939185b5e87d7c647ebe475d0f1e1cc857e718,,,
.venv/Lib/site-packages/pygments/lexers/jslt.py,repository metadata,3703,50e570d49dee2be855456a26a052b68cc4bfc9eba8e62aa06be2e15d4248ebad,,,
.venv/Lib/site-packages/pygments/lexers/json5.py,repository metadata,2505,1b2799e7c0312a42498a21fb26e3e66a40d95eba296ba6c3905460b891e27ea5,,,
.venv/Lib/site-packages/pygments/lexers/jsonnet.py,repository metadata,5639,fd3ed8d7ab16ee716e028185bb2594282ad4c89002e054d6655a1e4add264d79,,,
.venv/Lib/site-packages/pygments/lexers/jsx.py,repository metadata,2696,3b47af1e2a32b9db562e156601746b21f9047792918a89201eef25f7f2a7f2c3,,,
.venv/Lib/site-packages/pygments/lexers/julia.py,repository metadata,11713,174b70320d222c134375e76ca091b8467e4ba0c72256ef5cb9fc9455dc4a40f6,,,
.venv/Lib/site-packages/pygments/lexers/jvm.py,repository metadata,72936,71fe55ecd38b22f076b3b44cf708211126110a8083cab1a346e3e663c6df180c,,,
.venv/Lib/site-packages/pygments/lexers/kuin.py,repository metadata,11408,9f694c8a76bc4ac9297c0d8a6cf6101705493921e0358bb5d14e69cf96226a31,,,
.venv/Lib/site-packages/pygments/lexers/kusto.py,repository metadata,3480,a7251f58b7fd434430aaeef80f23c06d1876d2590f0cb8719c4c43d45565f19e,,,
.venv/Lib/site-packages/pygments/lexers/ldap.py,repository metadata,6554,ff26b8fc89e7488463f9162319a816159243cb535d810528710cd55a3891a7af,,,
.venv/Lib/site-packages/pygments/lexers/lean.py,repository metadata,8588,a8ffe2c1443b3096750b9b37298056f16bbafaeb958f83c01b76b61a18e9f7d5,,,
.venv/Lib/site-packages/pygments/lexers/lilypond.py,repository metadata,9755,a36eb8a2f19916b731f19c292915fe82350408ad70e53f13d27e8ba138cff765,,,
.venv/Lib/site-packages/pygments/lexers/lisp.py,repository metadata,157903,6b9306726b6b59369e123ff952ff1830e0ebddd555eacd6fd7f48c061fc287d4,,,
.venv/Lib/site-packages/pygments/lexers/macaulay2.py,repository metadata,34139,84b343b354ddb9bb9dbeaaa8bd837a6b835ef498e753816f344e8413684f9fc4,,,
.venv/Lib/site-packages/pygments/lexers/make.py,repository metadata,7834,c005742914574c014c9622df00a5c38a1408136540554bd68c567ecae33b6b4f,,,
.venv/Lib/site-packages/pygments/lexers/maple.py,repository metadata,7963,3818ce0cd2e0a9a9f2c39db6084ee7f6d85972d5a2e3b52e6b684f05f8fb285e,,,
.venv/Lib/site-packages/pygments/lexers/markup.py,repository metadata,65264,e133117ee8d7bce13dc625b04e24ff7ead656aee1d292a1761a73585630b611b,,,
.venv/Lib/site-packages/pygments/lexers/math.py,repository metadata,698,36ca65e8866d0b287d7a089851a85ba164a6cb8709095654071c959c2b85d5a8,,,
.venv/Lib/site-packages/pygments/lexers/matlab.py,repository metadata,133030,418541740f8844d72e5a080124d0bd969ab78e05ffd70f46430a6ff74ed57d93,,,
.venv/Lib/site-packages/pygments/lexers/maxima.py,repository metadata,2718,85af9ff89cc692382002be64c6656aeffb894c27291ecb505a7b0b1d82213705,,,
.venv/Lib/site-packages/pygments/lexers/meson.py,repository metadata,4345,669355a7b9521f0247123ee9c17946732f4b7ed75ce8c3202623a86364e77ccf,,,
.venv/Lib/site-packages/pygments/lexers/mime.py,repository metadata,7585,97906c16469ddda809e8a0e0fc81c8ea7534028d18f447308d8a183fcbd00fe8,,,
.venv/Lib/site-packages/pygments/lexers/minecraft.py,repository metadata,13701,6c16cc6eabec5604df3bb081c5fd37a063ffa8e020af0d3a3d2cc7d5017bb71b,,,
.venv/Lib/site-packages/pygments/lexers/mips.py,repository metadata,4659,429801a0c3f3b24d6df747081745bf115f9067c2f08136a94be7d2212c597057,,,
.venv/Lib/site-packages/pygments/lexers/ml.py,repository metadata,35393,b210cf8160114f34c48460de6e557b656da3eb2644781898ab1db3db84833fb0,,,
.venv/Lib/site-packages/pygments/lexers/modeling.py,repository metadata,13764,dbfb9c545cbb678ca82b1f7413df80488f6de2dd4b228790df21daae1821cfe7,,,
.venv/Lib/site-packages/pygments/lexers/modula2.py,repository metadata,53075,7575b428d16edc44e0001b0f32c2217492340ca17e296b53f37d452accf6557c,,,
.venv/Lib/site-packages/pygments/lexers/mojo.py,repository metadata,24236,8a63a583c9900a82b08bfaecb8c8a27d9af3b00b12a93d8a7240acfcc579b951,,,
.venv/Lib/site-packages/pygments/lexers/monte.py,repository metadata,6292,253c7e8d2ac52a5591c00d6ace13ddeb8ec44c648497084fe1832556b7d7c97f,,,
.venv/Lib/site-packages/pygments/lexers/mosel.py,repository metadata,9300,1c460e9998803617bd55d913a41b7b9a13e2fed3c6054915b27cd38761d57552,,,
.venv/Lib/site-packages/pygments/lexers/ncl.py,repository metadata,64002,4595e4c4e2be887b292d7fec1554f4c1ce47eaffa96b890a8213fbf5f24640f4,,,
.venv/Lib/site-packages/pygments/lexers/nimrod.py,repository metadata,6416,2fc5b0e4251a3fea23cb0a106579e30b4f26e417bae1f0729d27f969618868fc,,,
.venv/Lib/site-packages/pygments/lexers/nit.py,repository metadata,2728,c70bb63f8f47bbc63110bee6829579596170e8e605d62260f4356773b1f54979,,,
.venv/Lib/site-packages/pygments/lexers/nix.py,repository metadata,4424,33613e93ef85ee99deb8c00e69ef5a838b2b26c2a1589d5fd5f46e78ee8fb4a3,,,
.venv/Lib/site-packages/pygments/lexers/numbair.py,repository metadata,1761,2993b0f7a4e3ec6972f9ff45f0d03eb5d19de77488b795206e9a2466c7e7cd63,,,
.venv/Lib/site-packages/pygments/lexers/oberon.py,repository metadata,4216,b87d4590f79709f75dd0843ffbe4bc48750d69fd9d9e3890663b484fe8f1bb80,,,
.venv/Lib/site-packages/pygments/lexers/objective.py,repository metadata,23300,28c13e27450bd87258024d9f1cd85fec0a507b85c5f061faa863af600d703d2e,,,
.venv/Lib/site-packages/pygments/lexers/ooc.py,repository metadata,3005,1c48d61dd403564eed45bfd3b846f5fc2e6a8bea5e270c3260154085fe3d312d,,,
.venv/Lib/site-packages/pygments/lexers/openscad.py,repository metadata,3703,b5eda22fc5647d7ba5fcf617973f142b7fd0b4c8dd98d82dd181c2604bdd12d3,,,
.venv/Lib/site-packages/pygments/lexers/other.py,repository metadata,1766,380957cecad50d4c7831adb97f21bdf14e4b681107cadf8b259d881ef3092566,,,
.venv/Lib/site-packages/pygments/lexers/parasail.py,repository metadata,2722,a0f72cedf4583645748ac3d2466c3ed9c3df320cd3b4d3e2e9b24e9bbbeafbda,,,
.venv/Lib/site-packages/pygments/lexers/parsers.py,repository metadata,26598,838b55bdfdfaca14ff687fdbef7ee8d28d63a288dc7fe5dc903d8774da0d6ec4,,,
.venv/Lib/site-packages/pygments/lexers/pascal.py,repository metadata,30992,e1d7b05e4c1cd767ff8a231f74d0ea6f16ffa2a0045f6742cdbe55219eb6579e,,,
.venv/Lib/site-packages/pygments/lexers/pawn.py,repository metadata,8256,69db1afbbb0fb8f93b98eee5074f1ab9a6c4a5e65d35ec15a93060e854bc9829,,,
.venv/Lib/site-packages/pygments/lexers/pddl.py,repository metadata,2992,6bc03691e085f6a350bd56508ab8015797c7e2eddc8ebb5af3e79927cb6cc666,,,
.venv/Lib/site-packages/pygments/lexers/perl.py,repository metadata,39195,b98323e9a9993dac0b7fe2a320283d2cb539f800cacea1182aa8bb5579ef9b49,,,
.venv/Lib/site-packages/pygments/lexers/phix.py,repository metadata,23252,9c4596b79f8ea080daa70e0827f70d2f5f5387c66db7a3884207aea2055e775d,,,
.venv/Lib/site-packages/pygments/lexers/php.py,repository metadata,13171,53ac26c4f33ea52f92635377a9dbf479b5030712c7ebe10520571ab54be0ef8c,,,
.venv/Lib/site-packages/pygments/lexers/pointless.py,repository metadata,1977,80d72e861398f5c12920fc86163321d8322d341d540fc0a68dc79790344ca1d1,,,
.venv/Lib/site-packages/pygments/lexers/pony.py,repository metadata,3282,1caa9fe409e050e75737537556f4a0d234e3dcd500cc604e3dd5f04856a6be63,,,
.venv/Lib/site-packages/pygments/lexers/praat.py,repository metadata,12679,b1f54077bcdf46c23e4dc0a8bae60c5a5714f04071030278c2487466e36c677e,,,
.venv/Lib/site-packages/pygments/lexers/procfile.py,repository metadata,1158,7e1453b6c73230c3dc3dbbf38f156d5e2c759989693bee09b9650bec36f810d2,,,
.venv/Lib/site-packages/pygments/lexers/prolog.py,repository metadata,12869,e18bcf65b0052d635931b661bed22e95689bd0f40b03f4c1f7782390dcb01510,,,
.venv/Lib/site-packages/pygments/lexers/promql.py,repository metadata,4741,d387d2fd1e8705686928d7b758fa7f417808745bc9af9a7a2b14ad658c3bc875,,,
.venv/Lib/site-packages/pygments/lexers/prql.py,repository metadata,8750,5c985df1da4458f0482a6417c7fd3dfb3d4dca8b4b5c8b24a6ecd7dfa1f2907a,,,
.venv/Lib/site-packages/pygments/lexers/ptx.py,repository metadata,4504,74468d4917808c0ca623054cfcc9db758e217779ae2bbf6adb4d2163037bd9cc,,,
.venv/Lib/site-packages/pygments/lexers/python.py,repository metadata,54202,efd03fc89aa3547a7f65e4b5ad8f0f71ce1cc19ffbfb323659691e52666052b0,,,
.venv/Lib/site-packages/pygments/lexers/q.py,repository metadata,6939,d826c962046ef2ecfcc0e4a9e4532bd3ce8a082ec88d246620e0d5634b8aac20,,,
.venv/Lib/site-packages/pygments/lexers/qlik.py,repository metadata,3696,f5be90fba8d779eada211716b6c2ac61608e94185f9a337320de3da54bcc47e2,,,
.venv/Lib/site-packages/pygments/lexers/qvt.py,repository metadata,6106,ae94f9a03e1ac0428cb37b8109b365cd8d730b3ec055ea8cf818a42d3407a3c9,,,
.venv/Lib/site-packages/pygments/lexers/r.py,repository metadata,6477,873814507f600acaaac131bd782b7525531df515b4772e8863f8d3bd19ed17e5,,,
.venv/Lib/site-packages/pygments/lexers/rdf.py,repository metadata,16063,14cd79e1f0759717cea52a5e5ba6d639595de64241804b98c93f6e76df8470ad,,,
.venv/Lib/site-packages/pygments/lexers/rebol.py,repository metadata,18262,090de931a033eb850caa2415ad8a111273a08d4e503de17f1f769a1cd755442f,,,
.venv/Lib/site-packages/pygments/lexers/rego.py,repository metadata,1751,622d06e2c79c4d638bec25212cb0b327d800e922730c9a4f24d8a3de15e2c42d,,,
.venv/Lib/site-packages/pygments/lexers/rell.py,repository metadata,2487,d20652b48f79dda16314cc8c557fd429fc199b3577ba3dd39e5ff9176d013f1d,,,
.venv/Lib/site-packages/pygments/lexers/resource.py,repository metadata,2930,443118ee24afda1810dd5f88d4378e2953ae98d2a016a6d5d8c7bff58db5a35d,,,
.venv/Lib/site-packages/pygments/lexers/ride.py,repository metadata,5038,d7383b90660f29121e932b996377fa395a91957cab5feb11fad1c45f533d9f3e,,,
.venv/Lib/site-packages/pygments/lexers/rita.py,repository metadata,1130,7c234494f8a4e9d0c867319df7a90a81d958e10aa9ff3548f3bc1a4c11cc05f8,,,
.venv/Lib/site-packages/pygments/lexers/rnc.py,repository metadata,1975,3cd7e79d396766336fbc6df704d302a8fcdd03d2d9118bc3b06a1a0ddff69a7f,,,
.venv/Lib/site-packages/pygments/lexers/roboconf.py,repository metadata,2077,97a05e2484be64051bdf3739184b9521bd1e76b4693c598a75f7c4071ef86718,,,
.venv/Lib/site-packages/pygments/lexers/robotframework.py,repository metadata,18451,f2cd54ec695d87344f191eddf3facc486d19273f593a6f8b1aa0531882f0b765,,,
.venv/Lib/site-packages/pygments/lexers/ruby.py,repository metadata,22756,0719dd1bede02e0ef0106bc80a234300cca0411f50b34c6b9aaec3c1fa0bbccb,,,
.venv/Lib/site-packages/pygments/lexers/rust.py,repository metadata,8263,eea0f7286562afeb5459ffdb3c1b78117f25f5a2167bc4db94c08523be68a2b7,,,
.venv/Lib/site-packages/pygments/lexers/sas.py,repository metadata,9459,f6198662198aa3bae2f680a665db28105333eb3dc0c0a0f82dc4d4227e769585,,,
.venv/Lib/site-packages/pygments/lexers/savi.py,repository metadata,4881,1c29658017b7af33ffefed9bd6149411b136758cf4f08cacc5ce837318f77f67,,,
.venv/Lib/site-packages/pygments/lexers/scdoc.py,repository metadata,2527,f67eb84be6ced5d238c7ed8ace1da3ac333a804981e5823b721ea774f078f9cc,,,
.venv/Lib/site-packages/pygments/lexers/scripting.py,repository metadata,82959,73e8bf70c1616041d06596cb8099f48f2883e76bd679957150aeb0155d8589be,,,
.venv/Lib/site-packages/pygments/lexers/sgf.py,repository metadata,1988,c9afec1b84cebc35b0cc433a7088b8d1749b8644ee1c2aafa3eb879cd61f8b94,,,
.venv/Lib/site-packages/pygments/lexers/shell.py,repository metadata,36384,b22e8c027e92ee91dfc97eb9364c10763c6d2ed12ed4ce25ecada5507bf2cd6c,,,
.venv/Lib/site-packages/pygments/lexers/sieve.py,repository metadata,2517,09747d4b59c67954e59f6bb947ad348718240262455554d34c187f9376b0fa99,,,
.venv/Lib/site-packages/pygments/lexers/slash.py,repository metadata,8487,9a8961e6c346f14b617877df4068e31cbc55b72836a02a7807c72f803c9fd34e,,,
.venv/Lib/site-packages/pygments/lexers/smalltalk.py,repository metadata,7207,ab9d8d1de825de98e7d6332425603d2749ce03f0395735142d900f81bfbab8d5,,,
.venv/Lib/site-packages/pygments/lexers/smithy.py,repository metadata,2662,86a1089a8e01fa2d2175d368d6bd24e5e1cb3a502bb515b85b93ec2c1765964e,,,
.venv/Lib/site-packages/pygments/lexers/smv.py,repository metadata,2808,0f9d489fd42bda758589c600397fdb2697858262770549045e7bd73e6034e03e,,,
.venv/Lib/site-packages/pygments/lexers/snobol.py,repository metadata,2781,057ff554f5198be724282625176b2db50a6b1766cb5073a2f1b961227147bfdb,,,
.venv/Lib/site-packages/pygments/lexers/solidity.py,repository metadata,3166,a73d03674c621f0b9f85b43d85d08fac732303b34cb1aea1c59d673be0386371,,,
.venv/Lib/site-packages/pygments/lexers/soong.py,repository metadata,2342,4d5a812732712f00840e66f9022c76fc056e6482d8c8f59c03315bcc834d4003,,,
.venv/Lib/site-packages/pygments/lexers/sophia.py,repository metadata,3379,3009162d8c611c935c737514cd60f75432f35516dfe8801ddaecf8abb0d8df02,,,
.venv/Lib/site-packages/pygments/lexers/special.py,repository metadata,3588,f20a5388b20214dc0871a866dbcda68bc36a8bfea0c1832c01f8c920cd81aba9,,,
.venv/Lib/site-packages/pygments/lexers/spice.py,repository metadata,2801,51cae32b62890c329212010e78b5d36b2a91c22ad676ccb0adf1fd32ac0f3c86,,,
.venv/Lib/site-packages/pygments/lexers/sql.py,repository metadata,41656,cf3fd3159b5fe51dbd72f901146d4f0c9fb428aad8ec58c0f910e4cbe81f3659,,,
.venv/Lib/site-packages/pygments/lexers/srcinfo.py,repository metadata,1749,3078f4d9507b58fdc07283b3d5655802a34cff7a052e311a01d6b4ef99175415,,,
.venv/Lib/site-packages/pygments/lexers/stata.py,repository metadata,6418,2a88e693158794493e1ef9b1237d776b9da7cc7fc91cda9fbfaaf78c9a050f2f,,,
.venv/Lib/site-packages/pygments/lexers/supercollider.py,repository metadata,3700,1feab03fab146a8b5e9ac5f1bae829ba2e8a9d4de3b487437d2ddb1addc9be1e,,,
.venv/Lib/site-packages/pygments/lexers/tablegen.py,repository metadata,4012,af2bb3c3e02b2ddbe5639e582419fa79b3b30e8dcbf149db479c5c641f3132ca,,,
.venv/Lib/site-packages/pygments/lexers/tact.py,repository metadata,10812,61b39660da77d366413cce5a7dfccce3e0ae749e31459c896fefef4830a8cc2a,,,
.venv/Lib/site-packages/pygments/lexers/tal.py,repository metadata,2907,c5962686ff2606bf80de87a81647123fb9c36d7d6bdb590a3a786c2d3b4bddb1,,,
.venv/Lib/site-packages/pygments/lexers/tcl.py,repository metadata,5515,317300a36c0265eab9a11ed5cec35b6a66b0ba7fef30e93680e1039c693ac8e7,,,
.venv/Lib/site-packages/pygments/lexers/teal.py,repository metadata,3525,a60a4f8bdc563ee992afe85e4a9181183714e6cdea374685523da66872c4dcc3,,,
.venv/Lib/site-packages/pygments/lexers/templates.py,repository metadata,75734,9dd24c76e7b7dea43fb61b28aed02b6b57e6ffeb3330de344b96d95c12d8e78c,,,
.venv/Lib/site-packages/pygments/lexers/teraterm.py,repository metadata,10045,60276f20b46af8574e27f1df888918553a07ddce88d9045b4281f5ed0e3d1f1f,,,
.venv/Lib/site-packages/pygments/lexers/testing.py,repository metadata,10813,185e52a5a9c6c2380a2a861aae2df649db5d3965975e37bcc555f9f99cd38cb8,,,
.venv/Lib/site-packages/pygments/lexers/text.py,repository metadata,1071,caaea638bcf73e2cca34c9b8fd8f141e7f6f11e05fa846395bedccedd9358d8b,,,
.venv/Lib/site-packages/pygments/lexers/textedit.py,repository metadata,7763,57e2238747942d35adc774bfeaf4fb25cca340ef82362ae901b12991cccb1821,,,
.venv/Lib/site-packages/pygments/lexers/textfmts.py,repository metadata,15527,5928890f334a09c3ac0684d4e0d098537ded8b96471a2d0fc76f5e1a34faa41d,,,
.venv/Lib/site-packages/pygments/lexers/theorem.py,repository metadata,17903,73e7a0ead2185946f149882b3ad2d97c5c6ba3883dd49700230ac82462cfa285,,,
.venv/Lib/site-packages/pygments/lexers/thingsdb.py,repository metadata,6257,14d2a302b4b5bda74710ddd95da65d0cbaaf706e7d19b17a024e4cf1132c4cb5,,,
.venv/Lib/site-packages/pygments/lexers/tlb.py,repository metadata,1453,bd6b05abf32b22bce01b6abea9dce9728362bfd2a4368c38c7d79bb3dfc70300,,,
.venv/Lib/site-packages/pygments/lexers/tls.py,repository metadata,1543,199d65bd9f0f524d7e2d386ad4aba2a9212732a255aa21e8fc0fb5e9a2ae24e7,,,
.venv/Lib/site-packages/pygments/lexers/tnt.py,repository metadata,10459,30d6137e48b1d31e4bd690d5f15f3318b4bb194f33edbb7ec298816a9d96d3d5,,,
.venv/Lib/site-packages/pygments/lexers/trafficscript.py,repository metadata,1509,d536b0a26e9b28933ebb59187b2db5c456877a9dc3f6497adab57745a1d2bdc2,,,
.venv/Lib/site-packages/pygments/lexers/typoscript.py,repository metadata,8335,75602e398624d17e3113f7f12a0717cfeb0c6251b6c31411e26fddecf5b63d8b,,,
.venv/Lib/site-packages/pygments/lexers/typst.py,repository metadata,7170,66d577ecd0900a84aa10aac085f7ee66d529d640da84a431f0fc4c2eb4761ba9,,,
.venv/Lib/site-packages/pygments/lexers/ul4.py,repository metadata,10502,8e833e512d3ed811164471cae9ec99f98fbedf4e9881b32b7af318d2183c4136,,,
.venv/Lib/site-packages/pygments/lexers/unicon.py,repository metadata,18628,f43f868a528ea8811aa3018799dbc746386aca2811937db401102bf86fec9dec,,,
.venv/Lib/site-packages/pygments/lexers/urbi.py,repository metadata,6085,8fcee4e9f7bad2465d6c9e80240e20f44d27a3510fd1bc49634e9454fd188275,,,
.venv/Lib/site-packages/pygments/lexers/usd.py,repository metadata,3307,b4ff641cf65425c13f7e53ef284b05ef04dc93816e416ef94bc10b8782182442,,,
.venv/Lib/site-packages/pygments/lexers/varnish.py,repository metadata,7476,20d0ad61ba25d7257f357321e7508c0d90da7041e0881dd2991dc7e6e5be1647,,,
.venv/Lib/site-packages/pygments/lexers/verification.py,repository metadata,3937,4084899a6cfb72661a5d9a615b9b28e0f7dd289a34add656ba3fdd7bae2669f9,,,
.venv/Lib/site-packages/pygments/lexers/verifpal.py,repository metadata,2664,d226534166b017d7fb94566714d3d3c18462bba2ffdb93ed108f37b6e08098a6,,,
.venv/Lib/site-packages/pygments/lexers/vip.py,repository metadata,5714,a4ce711687aefb618f5aa015cd925eeb13d8afa5893e5a33548e74f3848743cd,,,
.venv/Lib/site-packages/pygments/lexers/vyper.py,repository metadata,5618,af0db20fd7362fbc8fb57a8a3ddd1177125264af9a25b5b98c46b48077ca10ed,,,
.venv/Lib/site-packages/pygments/lexers/web.py,repository metadata,916,60caf1a0794a950c1f14995a7bdfd3f45d55a74dd803b216b2682a2f387aa602,,,
.venv/Lib/site-packages/pygments/lexers/webassembly.py,repository metadata,5701,638f15741a7c6f8488d743c4b7c6e23a6fa0b5e62098d73f6d147e2afba57e74,,,
.venv/Lib/site-packages/pygments/lexers/webidl.py,repository metadata,10519,31031a645b2496e076f65306a6218fd9fe9fce88dae2f57c16da02185407e9f3,,,
.venv/Lib/site-packages/pygments/lexers/webmisc.py,repository metadata,40567,1a74934877ec0141b2e43605feac0598cb3269b9f34ecb5a106f7a16e6f9ddf9,,,
.venv/Lib/site-packages/pygments/lexers/wgsl.py,repository metadata,11883,be00ed63fab8d93191bdcb324bbbe249a754f03dde1ef6ad7e808d36710fd331,,,
.venv/Lib/site-packages/pygments/lexers/whiley.py,repository metadata,4020,302d95ee8d6cecb2282f2d0593e8bc3b2981a0dd1da4ad813e322b750c2c9d59,,,
.venv/Lib/site-packages/pygments/lexers/wowtoc.py,repository metadata,4079,5e72d2497ee9fd1930648ce59985cef3bddde1bc97f7e03775fbf334be44a1cc,,,
.venv/Lib/site-packages/pygments/lexers/wren.py,repository metadata,3232,da5873c294b6ef15ba9c4458fcd78e0e034df57ea607bbe5de875748f9e0a98f,,,
.venv/Lib/site-packages/pygments/lexers/x10.py,repository metadata,1946,efba40ca886dbfd3c5c0fbc93c682af95c3cb445e8f529f2d4c9d37211694d32,,,
.venv/Lib/site-packages/pygments/lexers/xorg.py,repository metadata,928,2d4294f75b753a97375bf17ae141b3c749c1f87a8a94ddc29ffead173b79218c,,,
.venv/Lib/site-packages/pygments/lexers/yang.py,repository metadata,4502,c88bf0b5e1d60562f6fbccd9b1c9c23c93a7ab7acc39787997126e8f2c00fd9a,,,
.venv/Lib/site-packages/pygments/lexers/yara.py,repository metadata,2430,fc84b3864a3bbfd02127ed5c5883594b21b79b2daf24ec85487c528e6e157536,,,
.venv/Lib/site-packages/pygments/lexers/zig.py,repository metadata,3975,ab4b6ea65a511405124b6f6183f5e2447db60adbded841404f9c68ed334096b9,,,
.venv/Lib/site-packages/pygments/modeline.py,repository metadata,1008,99ef20e6bc9289dbcfb4c04eac3cb63b5b0ca99774da5047318e4a0d979f530b,,,
.venv/Lib/site-packages/pygments/plugin.py,repository metadata,1928,3facc8c3ebe4490d24d56287af36c14e3a7094264f6d1fba41efdd3bd06376ed,,,
.venv/Lib/site-packages/pygments/regexopt.py,repository metadata,3308,776853bdace5a30e73cd920e0959df7841b6098d06ad8fe2807d6409249fee8c,,,
.venv/Lib/site-packages/pygments/scanner.py,repository metadata,3095,0eda0b8b5a4e2a936efba8e26a42694902d48bf7a9dbd490421bfba00c1858c1,,,
.venv/Lib/site-packages/pygments/sphinxext.py,repository metadata,7901,aa6896bf96fbaaae9b3544f6636c197a3576226426bedcc624583a2dc184365d,,,
.venv/Lib/site-packages/pygments/style.py,repository metadata,6411,1eb89edfbddb81653cd5937056364cf86341a3107155ed56d53af733324b7646,,,
.venv/Lib/site-packages/pygments/styles/__init__.py,repository metadata,2009,daf8062a76f2b749dffc248312d3211f1a693d200faf68da7f39791625c5b86b,,,
.venv/Lib/site-packages/pygments/styles/_mapping.py,repository metadata,3312,ea5a2f154136f6dcfa12c5775d8638860a3327bab524bedc7cedd43a58274bcc,,,
.venv/Lib/site-packages/pygments/styles/abap.py,repository metadata,752,4fb01dd76d4a8f3f196eea61ca1ba550bc17caf5ee6d24ba0b3734303385889f,,,
.venv/Lib/site-packages/pygments/styles/algol.py,repository metadata,2265,eafe995cbc4f26c9bfd6a3ea3aee62840b9685593ae3835d3d73dc66a88e4d32,,,
.venv/Lib/site-packages/pygments/styles/algol_nu.py,repository metadata,2286,e7cd4b7f975bdf4de0ef30dbef3f9596f1a514da5b5cc225027ad1071b631adb,,,
.venv/Lib/site-packages/pygments/styles/arduino.py,repository metadata,4560,a051798237db40d06280ac45842ee08942075a5d22782b2186c9bd531088cea8,,,
.venv/Lib/site-packages/pygments/styles/autumn.py,repository metadata,2198,3fd217e6eb630ef74981ebccd24346c04fb0bd5cac461d6580c9233b57610c31,,,
.venv/Lib/site-packages/pygments/styles/borland.py,repository metadata,1614,57ca930fc4ab4b4c0ba21a76b9d222ae58a36c77cfa08956664629ab149d912c,,,
.venv/Lib/site-packages/pygments/styles/bw.py,repository metadata,1409,7b8168e8ac9ac7669186a2ac8ecaaf8b6096ea5914f509e32a83eb1126408fe2,,,
.venv/Lib/site-packages/pygments/styles/coffee.py,repository metadata,2311,d23c5d72d08429b47502acc0e7d7c540ae2c541744aeb464182527e9f3c5e2c8,,,
.venv/Lib/site-packages/pygments/styles/colorful.py,repository metadata,2835,a2991f39c8c54ed0e7f45b72ea880cee8905301e9b034891d15b537413c4f4d1,,,
.venv/Lib/site-packages/pygments/styles/default.py,repository metadata,2591,5852c3b9c2894bf69ce49aaeb668256f3e084dce234d34043a7a8b20ca52b6d0,,,
.venv/Lib/site-packages/pygments/styles/dracula.py,repository metadata,2185,1fe10cd5633723177638163d6f3a0e6ca978233766862adf0d515b27d5ac8b44,,,
.venv/Lib/site-packages/pygments/styles/emacs.py,repository metadata,2538,8846163e042b0d093845d0dff3e83b8f89ada05473a36c5c2af644d72b3d9895,,,
.venv/Lib/site-packages/pygments/styles/friendly.py,repository metadata,2607,4b8dd731ccd6e77b4a7ed99aac42f8fa74eba0f55d37a93c7db36b20dcd1fd05,,,
.venv/Lib/site-packages/pygments/styles/friendly_grayscale.py,repository metadata,2831,7a5d84f34e03124299e80a57b77379153987024221aa4263fa89a113513c99d1,,,
.venv/Lib/site-packages/pygments/styles/fruity.py,repository metadata,1327,9ab3438b1a77f502288ad441a3ec8c3abf2d9d82c0c06774108330d80e8677c8,,,
.venv/Lib/site-packages/pygments/styles/gh_dark.py,repository metadata,3593,c9be04381018b10f60e481843aac99e4b288f8c51bc33df697d581e4470c2da0,,,
.venv/Lib/site-packages/pygments/styles/gruvbox.py,repository metadata,3390,fd066d46af72d6cdcd6000c7a9e93e0d710b42ab9e3a75435ef589ff56931a0a,,,
.venv/Lib/site-packages/pygments/styles/igor.py,repository metadata,740,40efcce7e675c48c559eeb045382d9af8553fbe9d311156df9ca5f6e73afe329,,,
.venv/Lib/site-packages/pygments/styles/inkpot.py,repository metadata,2407,6c9bcd5a292a9c058b8f1d801f8b7fb56e234744ecad4c951571553c07ce8243,,,
.venv/Lib/site-packages/pygments/styles/lightbulb.py,repository metadata,3175,0a70efd661755f99359ac56f452fdd891e2d929d3a13f8e0d2d2bd71d1c41424,,,
.venv/Lib/site-packages/pygments/styles/lilypond.py,repository metadata,2069,8120a26b33cf59f47ff7e055e416077bafb6812a2be2f3879f3de7c85408d900,,,
.venv/Lib/site-packages/pygments/styles/lovelace.py,repository metadata,3181,bd9f92f6d4be4143b07c0d111d8061493444de1d5953e6d99ee316eceea4b32c,,,
.venv/Lib/site-packages/pygments/styles/manni.py,repository metadata,2446,769b090b565e7acd1ef487168aba96b92cd0c700f48c86e3845aae336ddd9963,,,
.venv/Lib/site-packages/pygments/styles/material.py,repository metadata,4204,7b2c80689829d459e3978fbf0f7f7f975c07e425b85b455649c4374348ed0205,,,
.venv/Lib/site-packages/pygments/styles/monokai.py,repository metadata,5187,dc2c09266fd854689bcc58bc9e12bf6f977870dce057ccfe2fa4730b551503b4,,,
.venv/Lib/site-packages/pygments/styles/murphy.py,repository metadata,2808,1ec3ddf349ce6dbdcebf7fbbc8941b9c9af7cfd982cb3df43e39ff9e45a4318a,,,
.venv/Lib/site-packages/pygments/styles/native.py,repository metadata,2046,a1acc42546ee687aaa399479bf1fa32214cf230edd0ba4199cac56fb12ebedfb,,,
.venv/Lib/site-packages/pygments/styles/nord.py,repository metadata,5394,b7b7d98f4e0b520b0b687a62a3ae85a8e18c29bedad950b7b5e5259889cf7d18,,,
.venv/Lib/site-packages/pygments/styles/onedark.py,repository metadata,2126,517acccd5bc0f4e54fece84243980bd02699ae4e63a3f23ce07266ecb10de464,,,
.venv/Lib/site-packages/pygments/styles/paraiso_dark.py,repository metadata,5665,af1e7f8f8827651cb68fede10211665a99e39ddf957f3dd9edf7301174541a6d,,,
.venv/Lib/site-packages/pygments/styles/paraiso_light.py,repository metadata,5671,8844636d845e9aa82c8acbfff538da9c18a0e1b27ffbcd31473e41e69ba131cd,,,
.venv/Lib/site-packages/pygments/styles/pastie.py,repository metadata,2528,9a729e6c5889d9da3d03fc133eae2d2ad830f9342aa5bd253f790d6de990dada,,,
.venv/Lib/site-packages/pygments/styles/perldoc.py,repository metadata,2233,f9ed53e1004440d13f975ed1616f96068c0da6b836b8bfe11638520dc68c8833,,,
.venv/Lib/site-packages/pygments/styles/rainbow_dash.py,repository metadata,2393,60fd873d55c92e63b2f18cfca7cbb919b900cae2b12e5366bba21364131ad4c7,,,
.venv/Lib/site-packages/pygments/styles/rrt.py,repository metadata,1295,bece299d6c26308411d1e19cce9d3a0186b3b18891d0a15c462454cd27f7ad77,,,
.venv/Lib/site-packages/pygments/styles/sas.py,repository metadata,1443,111f898d9814db01095a4e4ad3a8870053e35580f588c92f8e3134ae534eb766,,,
.venv/Lib/site-packages/pygments/styles/solarized.py,repository metadata,4250,55db4b62143bc438ff8931cffc492beab01d31c1377d14ab8259e05526a5eb73,,,
.venv/Lib/site-packages/pygments/styles/staroffice.py,repository metadata,834,a5e13190806a3e4461a971695bdf67e3db7aa4cc1e848fe90d8554990c2481d0,,,
.venv/Lib/site-packages/pygments/styles/stata_dark.py,repository metadata,1260,37a8a65b292a1e84f976b3a7fac551533b7501930a1b71c753e43b2cacf6779d,,,
.venv/Lib/site-packages/pygments/styles/stata_light.py,repository metadata,1292,616ee2878b5e5e812e50722638adab192095c5f9e3e37b6570a3d752cac39118,,,
.venv/Lib/site-packages/pygments/styles/tango.py,repository metadata,7140,01fd16553c691ff714747affb9aebd2438a34cb239686d519814c5ee8d8a4e09,,,
.venv/Lib/site-packages/pygments/styles/trac.py,repository metadata,1984,fa1e6253e2e34a6b7e750ef2e635f02792d0f40051e500f94653d18e19f39aff,,,
.venv/Lib/site-packages/pygments/styles/vim.py,repository metadata,2022,756a82542d984f8e5d2d2a4c4f02c13e4298811b13d7e7057fb647a1cd8f4290,,,
.venv/Lib/site-packages/pygments/styles/vs.py,repository metadata,1133,ec725e861b621c4e6789b8c2debdd7f9a607066e4171c2f7dcb80eff86a71225,,,
.venv/Lib/site-packages/pygments/styles/xcode.py,repository metadata,1507,1e607a68f931be6a38cdae438a384b6f90174b2bfa51b5a7c0e5284543416990,,,
.venv/Lib/site-packages/pygments/styles/zenburn.py,repository metadata,2206,031ee205b333bd540d4e94f761d33008490bfa72179e9afad1a56b4782e96baa,,,
.venv/Lib/site-packages/pygments/token.py,repository metadata,6229,0d58a5e53da5b479138104d4632d5d32d8328a08dabc2b35ca913841fd82ac6a,,,
.venv/Lib/site-packages/pygments/unistring.py,repository metadata,63211,678c381df395521b9e09445191f840a90d9bfbaf54ce4858e31b877af604cb98,,,
.venv/Lib/site-packages/pygments/util.py,repository metadata,10046,ce4f77e6d252a70480f73c4d995d53ba17043f431f6e85e24594864272cf12a9,,,
.venv/Lib/site-packages/pytest-8.4.1.dist-info/INSTALLER,repository metadata,4,ceebae7b8927a3227e5303cf5e0f1f7b34bb542ad7250ac03fbcde36ec2f1508,,,
.venv/Lib/site-packages/pytest-8.4.1.dist-info/METADATA,repository metadata,7656,3e6f6ba5b37585c7d54b9283e9804a647e83e953dc9c9759df81fba0e391ed1f,,,
.venv/Lib/site-packages/pytest-8.4.1.dist-info/RECORD,repository metadata,10405,872f46e08483aaf2512857c42d6e0285164702252d4cec6ee022e94d1726b5bb,,,
.venv/Lib/site-packages/pytest-8.4.1.dist-info/REQUESTED,repository metadata,0,e3b0c44298fc1c149afbf4c8996fb92427ae41e4649b934ca495991b7852b855,,,
.venv/Lib/site-packages/pytest-8.4.1.dist-info/WHEEL,repository metadata,91,ff309ddcdd65ebd02bc724dbf2bcc4a0ff53a5b61792a44548d383e4ebb19d3b,,,
.venv/Lib/site-packages/pytest-8.4.1.dist-info/entry_points.txt,repository metadata,77,f083eb1cf1f72cd650eefe6d34439c35365893f4a178d83ae23b1333d7aba8be,,,
.venv/Lib/site-packages/pytest-8.4.1.dist-info/licenses/AUTHORS,repository metadata,7358,79a5fc74739290f009cf3d0bf57ff20688f1cad9b84a24c77c4e2dec752f12fc,,,
.venv/Lib/site-packages/pytest-8.4.1.dist-info/licenses/LICENSE,repository metadata,1091,ca836a5f9ecca3b2f350230faa20a48fb8b145653b5568d784862df864706b9b,,,
.venv/Lib/site-packages/pytest-8.4.1.dist-info/top_level.txt,repository metadata,18,cb2863be65c7efe24e6a84087663501cfba8042c4ec974b78c8b61b3fe82f00e,,,
.venv/Lib/site-packages/pytest/__init__.py,repository metadata,5373,66993a5e3905005e0981159b4794d10b1adacf341a58a44d696ad2c4442dcdc6,,,
.venv/Lib/site-packages/pytest/__main__.py,repository metadata,154,a150eb186a3b3744cdcb35e7b546e57204ca6e11c65ad8af717e530bbb4470aa,,,
.venv/Lib/site-packages/pytest/py.typed,repository metadata,0,e3b0c44298fc1c149afbf4c8996fb92427ae41e4649b934ca495991b7852b855,,,
.venv/Scripts/Activate.ps1,repository metadata,9033,3795a060dea7d621320d6d841deb37591fadf7f5592c5cb2286f9867af0e91df,,,
.venv/Scripts/activate,repository metadata,2344,efa59b92c8d4b3a66615b6a8c461b3f706330d5ad760a6cc43a888a4bbb174db,,,
.venv/Scripts/activate.bat,repository metadata,1084,ae6f86e95374799d7040bc7b0ed8c998a8f3a140810660f52f03ab79c8a8fad9,,,
.venv/Scripts/deactivate.bat,repository metadata,393,fb53ed45866fee40f01c907c1f67555a399f98361722d89120d05a2580e9e563,,,
.venv/Scripts/pip.exe,repository metadata,108485,92b80260b9e7641e89b0b059e8444b29a65315959940cd3801524e1d500a24ef,,,
.venv/Scripts/pip3.12.exe,repository metadata,108485,92b80260b9e7641e89b0b059e8444b29a65315959940cd3801524e1d500a24ef,,,
.venv/Scripts/pip3.exe,repository metadata,108485,92b80260b9e7641e89b0b059e8444b29a65315959940cd3801524e1d500a24ef,,,
.venv/Scripts/py.test.exe,repository metadata,108485,3a92fbdde0b660ad2c0d23d6c27c90f319e59f47a13e3577837c09ac9a8fb888,,,
.venv/Scripts/pygmentize.exe,repository metadata,108479,0cd3e6859c850a595c3ef5452f3f8cc75f3533a03aa4e5747552e55cc618865d,,,
.venv/Scripts/pytest.exe,repository metadata,108485,3a92fbdde0b660ad2c0d23d6c27c90f319e59f47a13e3577837c09ac9a8fb888,,,
.venv/Scripts/python.exe,repository metadata,262144,5912d0884b23c0343983a864c6064242391e2265536f50b88624857e353882c9,,,
.venv/Scripts/pythonw.exe,repository metadata,249856,bfb35c4d13a0b16b80986bf3702d2d2acecca51ba1b4b72b24a9a5d256c1b203,,,
.venv/pyvenv.cfg,repository metadata,465,28e0f36e11113c4b8fbea11c5ca08a3fb8413dcc1d8a0652e1106262743ba9a2,,,
CONTRIBUTIONS.md,documentation,1349,4a2dd14710db3647d8a81a91dddffbe52fb954c261d430b672190abc8874e97d,,,
DATA_ACCESS_AND_PRIVACY.md,documentation,1837,72c05ef683abf9cc792a0a22baf7cdf7a2d9bf6f609bcfcc401f80e440bcea0b,,,
METHODOLOGY.md,documentation,9632,e9c698c46a293e240b3d39d5f835eff86a0892ec05eabb955ae7cfc5e881b4d9,,,
NOTICE.md,documentation,675,59253d5c87e80ed3db37c51ff36f3be09460c2c1f86f128ffc11c2d2cf8b3714,,,
PROJECT_STATUS.md,documentation,2268,b690ef66687e33de0d02ef5d5828756262b5ee39f40ac90e41b402f06791dd3a,,,
README.md,documentation,8138,ba1b1e103426849f9a67d0aadcc1ef8bbf1299fa7686cf6abd08b7243d7ee205,,,
VIDEO_WALKTHROUGH_SCRIPT.md,documentation,7571,bb0214eb6db77259a6df3de6b93220e2708c48f61e4ea6a36afc7c4a932838d7,,,
configs/full_production.template.yaml,configuration template,834,1ffff12cba72d585e36a4b3cd7e67a468076fa2cc6ce4a23204c2861301daa2f,,,
configs/synthetic_demo.yaml,configuration template,202,390d489b6f7e73a9899c9dfc3bed923bd14349888827a4bf686608f63991fb74,,,
docs/architecture.md,documentation,3626,d12c10fae875130ee355c98ef36614d8a9ee6bf52e1cb4eab92fb4a4c3edd52a,,,
docs/prototype_to_production.md,documentation,2731,8e3be0de415cff1997ff1e712a54a05786204f75aaafefeb730e5b34ce4cf1c2,,,
docs/validation_summary.md,documentation,3542,4aa5c6c410b6f9d5da85b4605c7d8441bc9c4044e27b04bd0783601bbd08b52c,,,
evidence/current_project_status.json,sanitized evidence,1757,c4808f929d7eca3719c7f29315c295525d22291b3fcb3550dc5891d682006126,,,
evidence/historical_validation_summary.json,sanitized evidence,2553,997c20a28713018b085f8788272c343b4d9cbab7f40eb874770bbcd7d563b168,,,
evidence/phase1_build_summary.json,sanitized evidence,894,84b28b84b7312e2858306eb11c540ccea6d6c59f3904c00c650b0b285e731576,,,
evidence/phase1_validation_summary.json,sanitized evidence,773,cedc2a346e974a6437651a251ca16418f0b415df3b42fde0b25b81ef51b4ffaa,,,
evidence/phase2_cohort_summary.json,sanitized evidence,714,dc9b7e2aa3d9eca598e2234e59ba2e06d7c1d751ee3adde4750412c74b0a502d,,,
evidence/provider_v2_summary.json,sanitized evidence,2396,148ef0a0bd9a063c047b1705fdc527d30698a68a5ef668c2bb4c79e7316e3990,,,
requirements.txt,repository metadata,179,b36248e0e0aa53fd3a5656038671488996ababad341c7c31181b9060be08ef1f,,,
scripts/build_sanitized_evidence.py,repository tooling,22689,10047485dc15f0f1156704c27406f5810352d74a095c7df9cdce31d8eaa3a02b,,,
scripts/validate_public_repository.py,repository tooling,14241,17886097787572bbf56d205de17a35f851f05946dd33ab07c19c456ec8b4e0c8,,,
src/phase1/build_ed_partitions.py,sanitized production code,74869,ed4c63277ebe35ac262ef3990cafbfa0a6df6b15ea0ed1ead989b010afefff56,outputs/florida_ed_full_build_20260724/scripts/build_ed_partitions.py,503bb4d77a3a3a3762786a58db9efd907f253864b516f88c8ffff97558bb73f5,Header added; private roots parameterized; scientific logic retained.
src/phase1/build_physician_master.py,sanitized production code,48872,ebe397802784820c4f0f98dd064aa2812ae3db152aa1c9a94dfa1fdd9c6054fa,outputs/florida_ed_full_build_20260724/scripts/build_physician_master.py,c079cb76f0b4c3b13570ccfceab3280dcfbcb61ac8796f6ad64c9a19d30bcb04,Header added; private roots parameterized; scientific logic retained.
src/phase1/finalize_facility_summaries_qa.py,sanitized production code,48802,1a76fe1f9da09616885a206cafdd223530c0f9c2b75e92be0cfeb7ee1d4cabe9,outputs/florida_ed_full_build_20260724/scripts/finalize_facility_summaries_qa.py,92fb5a7e83cf1b10ba9731eedf750b6e090342630352fa6fca9b286707f6f613,Header added; private roots parameterized; scientific logic retained.
src/phase1/prepare_full_build.py,sanitized production code,46830,ec119471b8a4fe3daaed77e3fc634e4657779d773e045110d11951c6d79901eb,outputs/florida_ed_full_build_20260724/scripts/prepare_full_build.py,039788c29493ae76ed2bef33763eca0a080a89c85a54406f2bb6d58f4b8fae12,Header added; private roots parameterized; scientific logic retained.
src/phase1/validate_final_release.py,sanitized production code,11317,ef02f2e3dfdd670792d9ecb86a23c540e20506b0fee288961e89c96aa839dcba,outputs/florida_ed_full_build_20260724/scripts/validate_final_release.py,c4402f5e569e1f9f4b3bb84af7ad327c16031397ca76ea02d65bee1aee6eff01,Header added; private roots parameterized; scientific logic retained.
src/phase2/04a_build_provider_master_v2.py,sanitized production code,74405,4a0eb9a4fd086520fb1311c468ef515bffcb251c9d76e306be972ad08743f0cc,outputs/florida_ed_concordance_analysis_20260726/scripts/04a_build_provider_master_v2.py,c4c0493bef59704e012f0bf335c4ea50290eee53bac13906f8f08f50b86ffd7a,Header added; private roots parameterized; scientific logic retained.
src/phase2/04c_validate_provider_race_v2.py,sanitized production code,67254,a85ab610d0950af8d99d54f0867d9a76be3ba1ec87392e9f8d373c73d7d0c320,outputs/florida_ed_concordance_analysis_20260726/scripts/04c_validate_provider_race_v2.py,a62e32018b09157c0bd08c5aa709966d0287555bb084326c32da091181236d73,Header added; private roots parameterized; scientific logic retained.
src/phase2/05_validate_analysis_cohort.py,sanitized production code,20919,21c869139726191522e8854b5a0b98a369c61f7516bea136d45cc29032d77720,outputs/florida_ed_concordance_analysis_20260726/scripts/05_validate_analysis_cohort.py,4b188ed902d8bafa246911497a3a4c23ffcbb85c8efb7050e8f088f4afdacdee,Header added; private roots parameterized; scientific logic retained.
src/phase2/07_prepare_primary_model_matrix.py,sanitized production code,61160,d195c01dc178390084b410f3ffe24d21d0c3c49dd8ab7912b2bc8dcb681989e9,outputs/florida_ed_concordance_analysis_20260726/scripts/07_prepare_primary_model_matrix.py,62ae3417c3685c9f81da754caa5ac1a74c1ad3fb0b8d14c9bcd3cd3e76a01471,Header added; private roots parameterized; scientific logic retained.
src/phase2/08_estimate_primary_models.py,sanitized production code,39389,52128af0e0decfb91641910a761027727603234d3553e524bfd1bc06d16f9eb9,outputs/florida_ed_concordance_analysis_20260726/scripts/08_estimate_primary_models.py,fe6a21ca466dd58919b9e13e6b3ec511dbaf175fbf54f29d5ae38bbb3e6bc8c9,Header added; private roots parameterized; scientific logic retained.
src/phase2/09_validate_hdfe_engine.py,sanitized production code,6662,24e056f45f2c3e4091ed8fe0a5dc3ce866aeeb1d63247e6ce79780c971417e3c,outputs/florida_ed_concordance_analysis_20260726/scripts/09_validate_hdfe_engine.py,deb279ecfb4a027a5b1bd44741168d071794d7892d168aae911518a5edecf8ab,Header added; private roots parameterized; scientific logic retained.
src/phase2/13_build_historical_sensitivity_cohort.py,sanitized production code,45216,6b82f6f79e4225cd8b44c89980f3e43a5efb95925650a1745790914000a622aa,outputs/florida_ed_concordance_analysis_20260726/scripts/13_build_historical_sensitivity_cohort.py,db625a561fa4fc915a2550923bd7e46dc9f209431a96b38798f334488548467e,Header added; private roots parameterized; scientific logic retained.
src/phase2/15_linkage_selection_audit.py,sanitized production code,12802,898dbc38bb7dbc940003996aa493c46e1e1c1d71f40142d72af0bcf04978f4fa,outputs/florida_ed_concordance_analysis_20260726/scripts/15_linkage_selection_audit.py,573b6b9e4fcb4492708cc90ee1c1cdf8341a5b00a67527bc7086baf19102b5a1,Header added; private roots parameterized; scientific logic retained.
src/phase2/16_apply_multiple_testing.py,sanitized production code,21164,a80868e4ce04e54385c5987bff31ee4aad336dd7e88f63e4412459a382fb8f03,outputs/florida_ed_concordance_analysis_20260726/scripts/16_apply_multiple_testing.py,870e1b056d66ecbb032815d6fa3e2c00e4c07ab588ee537d85c639a8cfb76da7,Header added; private roots parameterized; scientific logic retained.
src/phase2/38b_directional_model_definition_tests.py,sanitized production code,6904,1066dce548d416d92579be03648cf6b4c621259424bdb766b483ba5ee6faf1e6,outputs/florida_ed_concordance_analysis_20260726/scripts/38b_directional_model_definition_tests.py,31c878975df7996bc50c5286d011c17d4e7830bc261877e281e2e7ab56c096dc,Header added; private roots parameterized; scientific logic retained.
synthetic_demo/README.md,synthetic demonstration,1229,2ec043d679689c0801f9f38c0e57bd43c5c624361d897d17a4553616e7ef4167,,,
synthetic_demo/__init__.py,synthetic demonstration,76,8c1bae38e4f22e5da4650c86977dff30323200d22b1d944472630b4049dd6f30,,,
synthetic_demo/expected_outputs/category_summary.csv,synthetic demonstration,103,cb77fc848b0d32f98ea559ae6f7354976b44c0da451a2678ab29569afdc5db7a,,,
synthetic_demo/expected_outputs/qa_summary.json,synthetic demonstration,383,9c0ef416b9fa6c77c580b286fe482eedb015ac85bb2ad91254a30cbe9153c80d,,,
synthetic_demo/expected_outputs/schema_reconciliation.csv,synthetic demonstration,208,60d699e7da0b36727ad9af78007540464e6ac703b888810df8b72d64dbc95aac,,,
synthetic_demo/generate_synthetic_data.py,synthetic demonstration,8849,c7dc2df342f6cff466d0eba48e81f77e5d1edaef8f89b316f90ed62e5d76b1d5,,,
synthetic_demo/run_demo_pipeline.py,synthetic demonstration,11585,929a04234a508d415f23006044a3de255b8f57caec69c8e8e6022470c21f265f,,,
tests/test_documented_claims.py,test,2931,390b784b71bd3dfea862741786602adcfdc16d6991e01f801bda78c9582384d3,,,
tests/test_public_repository_safety.py,test,1110,6f78be91c2a1256500a96fc067a508e5d09f5743e520f7e97900a1e018052b58,,,
tests/test_synthetic_pipeline.py,test,2312,926686938d098884456b92238ec2e002f578c2aab108aa5b932cb807bc7be6c2,,,
REPOSITORY_INVENTORY.csv,repository metadata,,,,,Self-referential size and hash intentionally omitted.
