repository_path,source_class,source_relative_path,source_sha256,transformation
.gitignore,existing_sanitized_portfolio_worktree,Florida_ED_Public_Portfolio/.gitignore,0fff0b4cbc376492bbf8698950e939d9a45a354b6fa4cf457e62988696190a46,copied from the prior sanitized portfolio working tree during isolated staging; no restricted data or unpublished estimates copied
CONTRIBUTIONS.md,existing_sanitized_portfolio_worktree,Florida_ED_Public_Portfolio/CONTRIBUTIONS.md,5b7c6f2166be1e30f16a9ab0a8d4a138dba686625a39cc1b74a614c3e8c2bb20,copied from the prior sanitized portfolio working tree during isolated staging; no restricted data or unpublished estimates copied
DATA_ACCESS_AND_PRIVACY.md,existing_sanitized_portfolio_worktree,Florida_ED_Public_Portfolio/DATA_ACCESS_AND_PRIVACY.md,72c05ef683abf9cc792a0a22baf7cdf7a2d9bf6f609bcfcc401f80e440bcea0b,copied from the prior sanitized portfolio working tree during isolated staging; no restricted data or unpublished estimates copied
METHODOLOGY.md,existing_sanitized_portfolio_worktree,Florida_ED_Public_Portfolio/METHODOLOGY.md,e9c698c46a293e240b3d39d5f835eff86a0892ec05eabb955ae7cfc5e881b4d9,copied from the prior sanitized portfolio working tree during isolated staging; no restricted data or unpublished estimates copied
NOTICE.md,existing_sanitized_portfolio_worktree,Florida_ED_Public_Portfolio/NOTICE.md,59253d5c87e80ed3db37c51ff36f3be09460c2c1f86f128ffc11c2d2cf8b3714,copied from the prior sanitized portfolio working tree during isolated staging; no restricted data or unpublished estimates copied
PROJECT_STATUS.md,existing_sanitized_portfolio_worktree,Florida_ED_Public_Portfolio/PROJECT_STATUS.md,b690ef66687e33de0d02ef5d5828756262b5ee39f40ac90e41b402f06791dd3a,copied from the prior sanitized portfolio working tree during isolated staging; no restricted data or unpublished estimates copied
README.md,existing_sanitized_portfolio_worktree,Florida_ED_Public_Portfolio/README.md,cda2d46820b37feef10931b7e9958e309491f607075e5d5112d658d1155eafcb,copied from the prior sanitized portfolio working tree during isolated staging; no restricted data or unpublished estimates copied
VIDEO_WALKTHROUGH_SCRIPT.md,existing_sanitized_portfolio_worktree,Florida_ED_Public_Portfolio/VIDEO_WALKTHROUGH_SCRIPT.md,bb0214eb6db77259a6df3de6b93220e2708c48f61e4ea6a36afc7c4a932838d7,copied from the prior sanitized portfolio working tree during isolated staging; no restricted data or unpublished estimates copied
configs/analysis_config.yaml,frozen_analysis_configuration,outputs/florida_ed_concordance_analysis_20260726/config/analysis_config.yaml,cf879e30c6887f808d8176b5e9df4139d187e78d206818da638f25393d915be9,private absolute paths replaced; analytical values unchanged
configs/full_production.template.yaml,existing_sanitized_portfolio_worktree,Florida_ED_Public_Portfolio/configs/full_production.template.yaml,1ffff12cba72d585e36a4b3cd7e67a468076fa2cc6ce4a23204c2861301daa2f,copied from the prior sanitized portfolio working tree during isolated staging; no restricted data or unpublished estimates copied
configs/synthetic_demo.yaml,existing_sanitized_portfolio_worktree,Florida_ED_Public_Portfolio/configs/synthetic_demo.yaml,390d489b6f7e73a9899c9dfc3bed923bd14349888827a4bf686608f63991fb74,copied from the prior sanitized portfolio working tree during isolated staging; no restricted data or unpublished estimates copied
dashboard/00_READ_ME_FIRST.md,power_bi_handoff_package,outputs/powerbi_dashboard_preparation/20260810T202454Z/00_READ_ME_FIRST.md,fa6226193b106d9fe5122a3214ac12eea0bce001c6a056bae4d630484e27f04a,copied from disclosure-controlled dashboard package
dashboard/DASHBOARD_BLUEPRINT.md,power_bi_handoff_package,outputs/powerbi_dashboard_preparation/20260810T202454Z/DASHBOARD_BLUEPRINT.md,3c0c613a4d8cd0ae0f4ff2b71876671a5565206aded2459d3235fb941ea75ede,copied from disclosure-controlled dashboard package
dashboard/DASHBOARD_FILE_MANIFEST.csv,power_bi_handoff_package,outputs/powerbi_dashboard_preparation/20260810T202454Z/DASHBOARD_FILE_MANIFEST.csv,aae11ea580c2a362fc32e4f8e8db6ba683e43bd4ff4d73c5f6f63b9b59f457ce,copied from disclosure-controlled dashboard package
dashboard/DASHBOARD_FILE_MANIFEST.sha256,power_bi_handoff_package,outputs/powerbi_dashboard_preparation/20260810T202454Z/DASHBOARD_FILE_MANIFEST.sha256,4d9255ce1c5f27422537db8101c9464f3d672390d2a3755f7af0e6ae3943397e,copied from disclosure-controlled dashboard package
dashboard/DASHBOARD_PREPARATION_VALIDATION.json,power_bi_handoff_package,outputs/powerbi_dashboard_preparation/20260810T202454Z/DASHBOARD_PREPARATION_VALIDATION.json,f4e1376ec4f537150a5651edab64db85de9c8a5c9a6610b454429a75f7550474,copied from disclosure-controlled dashboard package
dashboard/DASHBOARD_QA_CHECKLIST.md,power_bi_handoff_package,outputs/powerbi_dashboard_preparation/20260810T202454Z/DASHBOARD_QA_CHECKLIST.md,b7a45ad9f70c75d7b4c30e8d9ba9c86d5c263e80abc4f9936bf1c43cafea4e1e,copied from disclosure-controlled dashboard package
dashboard/DASHBOARD_SOURCE_PROVENANCE.csv,power_bi_handoff_package,outputs/powerbi_dashboard_preparation/20260810T202454Z/DASHBOARD_SOURCE_PROVENANCE.csv,b43ea3391d89e5b4051d92e52aa1b7701a6071d7d9ba03a881bd9d3ed4a71664,copied from disclosure-controlled dashboard package
dashboard/INDEPENDENT_DASHBOARD_PACKAGE_AUDIT.json,power_bi_handoff_package,outputs/powerbi_dashboard_preparation/20260810T202454Z/INDEPENDENT_DASHBOARD_PACKAGE_AUDIT.json,11ad482407205576c5f7ea853f53d5a2749f5edd677719e2ba318e2e6f139ecf,copied from disclosure-controlled dashboard package
dashboard/INDEPENDENT_DASHBOARD_PACKAGE_AUDIT.sha256,power_bi_handoff_package,outputs/powerbi_dashboard_preparation/20260810T202454Z/INDEPENDENT_DASHBOARD_PACKAGE_AUDIT.sha256,31f1f6e046354420771fc564128ce6c2d7d493d970b222e600ce6cc7f3f6f384,copied from disclosure-controlled dashboard package
dashboard/METRIC_AND_MEASURE_DICTIONARY.csv,power_bi_handoff_package,outputs/powerbi_dashboard_preparation/20260810T202454Z/METRIC_AND_MEASURE_DICTIONARY.csv,71888a159ef148ed675a48f3d9155dfff060bd59b5a922f43c9f7d2550d33f72,copied from disclosure-controlled dashboard package
dashboard/NEXT_STEPS_AFTER_DASHBOARD.md,power_bi_handoff_package,outputs/powerbi_dashboard_preparation/20260810T202454Z/NEXT_STEPS_AFTER_DASHBOARD.md,de4677c6b288c0f111f168cf2430c4b8c56056c4fb0c88877b401296e35b30db,copied from disclosure-controlled dashboard package
dashboard/POWER_BI_BUILD_CLICKBOOK.md,power_bi_handoff_package,outputs/powerbi_dashboard_preparation/20260810T202454Z/POWER_BI_BUILD_CLICKBOOK.md,6caf8473089c92b4a26d40e21018aad8f47c0aaffdbbff0c9e4b3a378c5f125e,copied from disclosure-controlled dashboard package
dashboard/POWER_BI_DATA_MODEL.md,power_bi_handoff_package,outputs/powerbi_dashboard_preparation/20260810T202454Z/POWER_BI_DATA_MODEL.md,768abd0204f6cda5cf902efe9e9c6de2cfd501706c28132fe43fa1ed3d77d7c9,copied from disclosure-controlled dashboard package
dashboard/POWER_BI_FINAL_QA_PROMPT.txt,power_bi_handoff_package,outputs/powerbi_dashboard_preparation/20260810T202454Z/POWER_BI_FINAL_QA_PROMPT.txt,63ccc0b0a2581fc38f14c66fda5ded316ef9f8a35d92d339f043e1d32d665894,copied from disclosure-controlled dashboard package
dashboard/POWER_BI_MEASURES.dax,power_bi_handoff_package,outputs/powerbi_dashboard_preparation/20260810T202454Z/POWER_BI_MEASURES.dax,db21103d60ae0a6c8f52ba58bb7e608d3cc42452b4e7c3de94248ae8c2229121,copied from disclosure-controlled dashboard package
dashboard/POWER_BI_VISUAL_SPECIFICATION.csv,power_bi_handoff_package,outputs/powerbi_dashboard_preparation/20260810T202454Z/POWER_BI_VISUAL_SPECIFICATION.csv,5226441ebc35dac97dce4a73970dd79268490f9332b2d5595edb9e61d7d5b19c,copied from disclosure-controlled dashboard package
dashboard/POWER_QUERY_TRANSFORMATIONS.md,power_bi_handoff_package,outputs/powerbi_dashboard_preparation/20260810T202454Z/POWER_QUERY_TRANSFORMATIONS.md,e21e811e9c00f6932776bcdaf0f78bb7ee462efc5ea6ee693870d99a96c3c0df,copied from disclosure-controlled dashboard package
dashboard/PUBLIC_DASHBOARD_DISCLOSURE_AUDIT.json,power_bi_handoff_package,outputs/powerbi_dashboard_preparation/20260810T202454Z/PUBLIC_DASHBOARD_DISCLOSURE_AUDIT.json,a8a6a9b5582a0b0cad04c7d0b7754362a442e1eccaa6b5c509d32d441e0395f5,copied from disclosure-controlled dashboard package
dashboard/dashboard_data/DimClinicalDomain.csv,power_bi_handoff_package,outputs/powerbi_dashboard_preparation/20260810T202454Z/dashboard_data/DimClinicalDomain.csv,29a18fca50b24d0e0d7b8d4f29d6fee415a28e55e9a857380ccaaf5f5ea44026,copied from disclosure-controlled dashboard package
dashboard/dashboard_data/DimCodingMap.csv,power_bi_handoff_package,outputs/powerbi_dashboard_preparation/20260810T202454Z/dashboard_data/DimCodingMap.csv,20187c533838b9d6bffbdf69e5724047cc209bee68f588ab9ac249d41140d078,copied from disclosure-controlled dashboard package
dashboard/dashboard_data/DimMetric.csv,power_bi_handoff_package,outputs/powerbi_dashboard_preparation/20260810T202454Z/dashboard_data/DimMetric.csv,eee7cc160597f6bab51a4f750cdf5cc4b3d6107f418fe6df218e205217516ed3,copied from disclosure-controlled dashboard package
dashboard/dashboard_data/DimModelSpec.csv,power_bi_handoff_package,outputs/powerbi_dashboard_preparation/20260810T202454Z/dashboard_data/DimModelSpec.csv,c6a6d55f5619f4f01e1db66fd3fd2de4346fefdad3c945ce4a7bfcfd3bde72bd,copied from disclosure-controlled dashboard package
dashboard/dashboard_data/DimPeriod.csv,power_bi_handoff_package,outputs/powerbi_dashboard_preparation/20260810T202454Z/dashboard_data/DimPeriod.csv,5200036ee5f5a782a0eb8b13ebb790b7b8bf3d3ecf2f706a75112d72676b8f91,copied from disclosure-controlled dashboard package
dashboard/dashboard_data/DimProjectStage.csv,power_bi_handoff_package,outputs/powerbi_dashboard_preparation/20260810T202454Z/dashboard_data/DimProjectStage.csv,d93b826ede0b57d28bf8c4a83098b919b170f3a57c2a468126f95a9c0218f44c,copied from disclosure-controlled dashboard package
dashboard/dashboard_data/DimSchemaFamily.csv,power_bi_handoff_package,outputs/powerbi_dashboard_preparation/20260810T202454Z/dashboard_data/DimSchemaFamily.csv,406f55432e32a026fb9fe1324acf8e2719031aec98e0812baa66a9eef7f8f8fd,copied from disclosure-controlled dashboard package
dashboard/dashboard_data/FactAnalyticalStatus.csv,power_bi_handoff_package,outputs/powerbi_dashboard_preparation/20260810T202454Z/dashboard_data/FactAnalyticalStatus.csv,5e6164170af8f6fb5ea6d44c3cee09fceeaa1af37f21a139fd5bf188f974e46e,copied from disclosure-controlled dashboard package
dashboard/dashboard_data/FactEnhancementCoverage.csv,power_bi_handoff_package,outputs/powerbi_dashboard_preparation/20260810T202454Z/dashboard_data/FactEnhancementCoverage.csv,5ead6d9e62a7ec5c496a9f172cc80ebb090550ea98479abb3fa17fa5bf82b9d8,copied from disclosure-controlled dashboard package
dashboard/dashboard_data/FactPartitionStatus.csv,power_bi_handoff_package,outputs/powerbi_dashboard_preparation/20260810T202454Z/dashboard_data/FactPartitionStatus.csv,1695f988b76409e31a70e28695b3cbf694ce0509c053d211f610cbba3f05f88c,copied from disclosure-controlled dashboard package
dashboard/dashboard_data/FactProjectCoverage.csv,power_bi_handoff_package,outputs/powerbi_dashboard_preparation/20260810T202454Z/dashboard_data/FactProjectCoverage.csv,ff8a9d9703219523b3cfd46c75f87efb1b890b380678fb20340ca479d848338a,copied from disclosure-controlled dashboard package
dashboard/dashboard_data/FactProviderMeasurement.csv,power_bi_handoff_package,outputs/powerbi_dashboard_preparation/20260810T202454Z/dashboard_data/FactProviderMeasurement.csv,e06f6e9678edf9cc55030582ab5dfa67e8d228e4d68f19446b480609ba09c3bb,copied from disclosure-controlled dashboard package
dashboard/dashboard_data/FactSyntheticDemonstration.csv,power_bi_handoff_package,outputs/powerbi_dashboard_preparation/20260810T202454Z/dashboard_data/FactSyntheticDemonstration.csv,24ce1d53cb6c3bcec8c682c7640ad01886fb9d890f0c8cd726eb4fce0b0ea5df,copied from disclosure-controlled dashboard package
dashboard/dashboard_data/FactValidationStatus.csv,power_bi_handoff_package,outputs/powerbi_dashboard_preparation/20260810T202454Z/dashboard_data/FactValidationStatus.csv,23c92158bc33f819f009b7e54ddb42a7c7d015434f2e113c02fe29e98ad514be,copied from disclosure-controlled dashboard package
dashboard/dashboard_data/POWER_BI_IMPORT.xlsx,power_bi_handoff_package,outputs/powerbi_dashboard_preparation/20260810T202454Z/dashboard_data/POWER_BI_IMPORT.xlsx,368bf73bd084929ebefcef730f694a904cc64158f5d7a87f080919287290b8c4,copied from disclosure-controlled dashboard package
dashboard/dashboard_data_dictionary.csv,power_bi_handoff_package,outputs/powerbi_dashboard_preparation/20260810T202454Z/dashboard_data_dictionary.csv,4e03f85154940d8e75499817793d1b507e08307be8af4745783dd67cc9420384,copied from disclosure-controlled dashboard package
dashboard/dashboard_qa/01_executive_overview.png,power_bi_handoff_package,outputs/powerbi_dashboard_preparation/20260810T202454Z/dashboard_qa/01_executive_overview.png,ae96dccd06c23d0767ba235ea0855d7146da2ad51021ce6babab4e56df297c73,copied from disclosure-controlled dashboard package
dashboard/dashboard_qa/02_coverage_standardization.png,power_bi_handoff_package,outputs/powerbi_dashboard_preparation/20260810T202454Z/dashboard_qa/02_coverage_standardization.png,6d073db0045266d9187fe6b442cc253e8755ea69a04022ba9be5b54947e06762,copied from disclosure-controlled dashboard package
dashboard/dashboard_qa/03_clinical_visit.png,power_bi_handoff_package,outputs/powerbi_dashboard_preparation/20260810T202454Z/dashboard_qa/03_clinical_visit.png,7c7acafea7ff74cde9e7007a9ecb8cf52f478aa661c9a0b88ce61f335b9bb09c,copied from disclosure-controlled dashboard package
dashboard/dashboard_qa/04_provider_facility.png,power_bi_handoff_package,outputs/powerbi_dashboard_preparation/20260810T202454Z/dashboard_qa/04_provider_facility.png,36dcbb7acf0515bf6d6a0c3b2b617cb0a46c6093502babf32618217b4d0df376,copied from disclosure-controlled dashboard package
dashboard/dashboard_qa/05_cohort_design.png,power_bi_handoff_package,outputs/powerbi_dashboard_preparation/20260810T202454Z/dashboard_qa/05_cohort_design.png,b5655f759bef8926a4464ec344ae04078d82cbd39f67739411464af86a1fc779,copied from disclosure-controlled dashboard package
dashboard/dashboard_qa/06_validation_reproducibility.png,power_bi_handoff_package,outputs/powerbi_dashboard_preparation/20260810T202454Z/dashboard_qa/06_validation_reproducibility.png,1c6d38ff47c6a75234e85aa2dc3b2d22b9f38875450e7add606cd3f3d988f2f5,copied from disclosure-controlled dashboard package
dashboard/dashboard_qa/07_completion_handoff.png,power_bi_handoff_package,outputs/powerbi_dashboard_preparation/20260810T202454Z/dashboard_qa/07_completion_handoff.png,7cd9ac9b18abdeaa24cd712ce51dd0169a6860d6f7b20752267c6cbec481e866,copied from disclosure-controlled dashboard package
dashboard/dashboard_qa/POWER_BI_DESKTOP_RENDER_QA.json,power_bi_handoff_package,outputs/powerbi_dashboard_preparation/20260810T202454Z/dashboard_qa/POWER_BI_DESKTOP_RENDER_QA.json,29e16662052c5c67c81a4730925bce7f7a710428ed92624bb742891cc53fd801,copied from disclosure-controlled dashboard package
dashboard/dashboard_qa/README.md,power_bi_handoff_package,outputs/powerbi_dashboard_preparation/20260810T202454Z/dashboard_qa/README.md,83f5c56b4c9073282a9d940e992d14e2c974bf0da85d7ec94339281194662cc2,copied from disclosure-controlled dashboard package
dashboard/powerbi_project/.gitignore,power_bi_project_source,generated_powerbi_project/.gitignore,aae3b5c4250eeb6798c5fa1afcb7472743887a74746414f3d967d924cf8df11c,copied after static and Power BI Desktop runtime QA
dashboard/powerbi_project/Florida_ED_Project_Portfolio_Dashboard.Report/.platform,power_bi_project_source,generated_powerbi_project/Florida_ED_Project_Portfolio_Dashboard.Report/.platform,b831a50175a648e26e903ccb217815920c58d10f0834ec4afbd86b4eb1fc72ec,copied after static and Power BI Desktop runtime QA
dashboard/powerbi_project/Florida_ED_Project_Portfolio_Dashboard.Report/StaticResources/RegisteredResources/FloridaEDResearchPortfolio.json,power_bi_project_source,generated_powerbi_project/Florida_ED_Project_Portfolio_Dashboard.Report/StaticResources/RegisteredResources/FloridaEDResearchPortfolio.json,f7f08bed4bc92df308511a18ae05055bee637733479f5b818b0d75dc4ad440e3,copied after static and Power BI Desktop runtime QA
dashboard/powerbi_project/Florida_ED_Project_Portfolio_Dashboard.Report/StaticResources/SharedResources/BaseThemes/CY26SU07.json,power_bi_project_source,generated_powerbi_project/Florida_ED_Project_Portfolio_Dashboard.Report/StaticResources/SharedResources/BaseThemes/CY26SU07.json,cbd7ee57cd74dfd24cab269d2c8d0b0f52f05d4e1f4d465566647f8fdd095042,copied after static and Power BI Desktop runtime QA
dashboard/powerbi_project/Florida_ED_Project_Portfolio_Dashboard.Report/definition.pbir,power_bi_project_source,generated_powerbi_project/Florida_ED_Project_Portfolio_Dashboard.Report/definition.pbir,ad23a3bb146aa3bf48db8bcfbcfde38cdb422ecca3a1d38ae09dbb70e24a267c,copied after static and Power BI Desktop runtime QA
dashboard/powerbi_project/Florida_ED_Project_Portfolio_Dashboard.Report/definition/pages/0f8d62cc0491e15bf8b6/page.json,power_bi_project_source,generated_powerbi_project/Florida_ED_Project_Portfolio_Dashboard.Report/definition/pages/0f8d62cc0491e15bf8b6/page.json,dfc70487977191a9b158a96a108391fcbae0aceaf6a3905e9ce979ed84820708,copied after static and Power BI Desktop runtime QA
dashboard/powerbi_project/Florida_ED_Project_Portfolio_Dashboard.Report/definition/pages/0f8d62cc0491e15bf8b6/visuals/23be0f7d5715647f6a3f/visual.json,power_bi_project_source,generated_powerbi_project/Florida_ED_Project_Portfolio_Dashboard.Report/definition/pages/0f8d62cc0491e15bf8b6/visuals/23be0f7d5715647f6a3f/visual.json,c0f4edb0a4109f6393af338b7cb9bcfc6dec3ca16a91b638fb0f64472612c7a7,copied after static and Power BI Desktop runtime QA
dashboard/powerbi_project/Florida_ED_Project_Portfolio_Dashboard.Report/definition/pages/0f8d62cc0491e15bf8b6/visuals/478799bc137e99443578/visual.json,power_bi_project_source,generated_powerbi_project/Florida_ED_Project_Portfolio_Dashboard.Report/definition/pages/0f8d62cc0491e15bf8b6/visuals/478799bc137e99443578/visual.json,9ea514d4350a2f1200b4d24bb0e67eea49ccea6c14018f1dd31a567d516776b3,copied after static and Power BI Desktop runtime QA
dashboard/powerbi_project/Florida_ED_Project_Portfolio_Dashboard.Report/definition/pages/0f8d62cc0491e15bf8b6/visuals/4e31f6a405387a2f5719/visual.json,power_bi_project_source,generated_powerbi_project/Florida_ED_Project_Portfolio_Dashboard.Report/definition/pages/0f8d62cc0491e15bf8b6/visuals/4e31f6a405387a2f5719/visual.json,2509c3d3b72568637ae6b8ae30fe07f3c2f7109e58262bd38ad353452f77e815,copied after static and Power BI Desktop runtime QA
dashboard/powerbi_project/Florida_ED_Project_Portfolio_Dashboard.Report/definition/pages/0f8d62cc0491e15bf8b6/visuals/51d84db7827278c6188d/visual.json,power_bi_project_source,generated_powerbi_project/Florida_ED_Project_Portfolio_Dashboard.Report/definition/pages/0f8d62cc0491e15bf8b6/visuals/51d84db7827278c6188d/visual.json,17f4e21e3df66742ec0ce777fef3e347a0f23e7902b2552a3794bc6e2effa4e4,copied after static and Power BI Desktop runtime QA
dashboard/powerbi_project/Florida_ED_Project_Portfolio_Dashboard.Report/definition/pages/0f8d62cc0491e15bf8b6/visuals/54626afcddc432399df6/visual.json,power_bi_project_source,generated_powerbi_project/Florida_ED_Project_Portfolio_Dashboard.Report/definition/pages/0f8d62cc0491e15bf8b6/visuals/54626afcddc432399df6/visual.json,856c8d2f0469bd5e358ff8847b5ec9c78628b2e3defce6b1772f2a30eae68d9b,copied after static and Power BI Desktop runtime QA
dashboard/powerbi_project/Florida_ED_Project_Portfolio_Dashboard.Report/definition/pages/0f8d62cc0491e15bf8b6/visuals/68ce54623d9ff244e629/visual.json,power_bi_project_source,generated_powerbi_project/Florida_ED_Project_Portfolio_Dashboard.Report/definition/pages/0f8d62cc0491e15bf8b6/visuals/68ce54623d9ff244e629/visual.json,7334bdd279de510abcfab731ec893f574f1696592cd58c5caf81730b51fa754a,copied after static and Power BI Desktop runtime QA
dashboard/powerbi_project/Florida_ED_Project_Portfolio_Dashboard.Report/definition/pages/0f8d62cc0491e15bf8b6/visuals/ad212b843ae46733ee91/visual.json,power_bi_project_source,generated_powerbi_project/Florida_ED_Project_Portfolio_Dashboard.Report/definition/pages/0f8d62cc0491e15bf8b6/visuals/ad212b843ae46733ee91/visual.json,07370a6decec1dec358b8f196ad18ca95b41fcdf605709af5dfd0103ea537233,copied after static and Power BI Desktop runtime QA
dashboard/powerbi_project/Florida_ED_Project_Portfolio_Dashboard.Report/definition/pages/0f8d62cc0491e15bf8b6/visuals/b2e43578278eaaa90796/visual.json,power_bi_project_source,generated_powerbi_project/Florida_ED_Project_Portfolio_Dashboard.Report/definition/pages/0f8d62cc0491e15bf8b6/visuals/b2e43578278eaaa90796/visual.json,f984f590f07f4bd63bba2843aec49067782827a8be35492377892c1926b31460,copied after static and Power BI Desktop runtime QA
dashboard/powerbi_project/Florida_ED_Project_Portfolio_Dashboard.Report/definition/pages/0f8d62cc0491e15bf8b6/visuals/c739a5bd98d037c85664/visual.json,power_bi_project_source,generated_powerbi_project/Florida_ED_Project_Portfolio_Dashboard.Report/definition/pages/0f8d62cc0491e15bf8b6/visuals/c739a5bd98d037c85664/visual.json,a08ef29f6bf4ae05b974a665cd88ca6a45cc36c388db842f5dc45ea25324b59e,copied after static and Power BI Desktop runtime QA
dashboard/powerbi_project/Florida_ED_Project_Portfolio_Dashboard.Report/definition/pages/0f8d62cc0491e15bf8b6/visuals/cb8e6b195ca7c8a6608e/visual.json,power_bi_project_source,generated_powerbi_project/Florida_ED_Project_Portfolio_Dashboard.Report/definition/pages/0f8d62cc0491e15bf8b6/visuals/cb8e6b195ca7c8a6608e/visual.json,18dba9ef8e316b4df1815e0a47795fcc52e247629ed7f7e71286c2caf6e04ec4,copied after static and Power BI Desktop runtime QA
dashboard/powerbi_project/Florida_ED_Project_Portfolio_Dashboard.Report/definition/pages/0f8d62cc0491e15bf8b6/visuals/fe82216076d7e5cc562e/visual.json,power_bi_project_source,generated_powerbi_project/Florida_ED_Project_Portfolio_Dashboard.Report/definition/pages/0f8d62cc0491e15bf8b6/visuals/fe82216076d7e5cc562e/visual.json,2729fcd304ec4b7f4020da752c5837e3fdf85c5bb12e4453230f10dd5fa2b009,copied after static and Power BI Desktop runtime QA
dashboard/powerbi_project/Florida_ED_Project_Portfolio_Dashboard.Report/definition/pages/2a2d34b4561b0326f943/page.json,power_bi_project_source,generated_powerbi_project/Florida_ED_Project_Portfolio_Dashboard.Report/definition/pages/2a2d34b4561b0326f943/page.json,95f59c674bc4d2ed660068258ee73cedf8834eb9e7dcd66016f119b72a0fb59d,copied after static and Power BI Desktop runtime QA
dashboard/powerbi_project/Florida_ED_Project_Portfolio_Dashboard.Report/definition/pages/2a2d34b4561b0326f943/visuals/03cb6d76a41fb6c280cf/visual.json,power_bi_project_source,generated_powerbi_project/Florida_ED_Project_Portfolio_Dashboard.Report/definition/pages/2a2d34b4561b0326f943/visuals/03cb6d76a41fb6c280cf/visual.json,1d8fb9ee01488e6d3eab5751ce1c7d23be2d3a27f35cf8f15ce4fef5ec4c817c,copied after static and Power BI Desktop runtime QA
dashboard/powerbi_project/Florida_ED_Project_Portfolio_Dashboard.Report/definition/pages/2a2d34b4561b0326f943/visuals/138d608daa1649a7374b/visual.json,power_bi_project_source,generated_powerbi_project/Florida_ED_Project_Portfolio_Dashboard.Report/definition/pages/2a2d34b4561b0326f943/visuals/138d608daa1649a7374b/visual.json,093b5d486424f653750d501b3af2d800a26534f2c2d45708843f808fa0dbde65,copied after static and Power BI Desktop runtime QA
dashboard/powerbi_project/Florida_ED_Project_Portfolio_Dashboard.Report/definition/pages/2a2d34b4561b0326f943/visuals/34f3247a62b15c83ac6e/visual.json,power_bi_project_source,generated_powerbi_project/Florida_ED_Project_Portfolio_Dashboard.Report/definition/pages/2a2d34b4561b0326f943/visuals/34f3247a62b15c83ac6e/visual.json,c7ac6a33579308bb6d0ddaaa5d608d071bf3c1203eccfd950cad20d9255a779f,copied after static and Power BI Desktop runtime QA
dashboard/powerbi_project/Florida_ED_Project_Portfolio_Dashboard.Report/definition/pages/2a2d34b4561b0326f943/visuals/50425f49aa073eaadb85/visual.json,power_bi_project_source,generated_powerbi_project/Florida_ED_Project_Portfolio_Dashboard.Report/definition/pages/2a2d34b4561b0326f943/visuals/50425f49aa073eaadb85/visual.json,4998f2ab2aad770a9ebc643874f5f753d90346360f0e01abac8c7736a5e78c62,copied after static and Power BI Desktop runtime QA
dashboard/powerbi_project/Florida_ED_Project_Portfolio_Dashboard.Report/definition/pages/2a2d34b4561b0326f943/visuals/5ae416b0135822ecb1c3/visual.json,power_bi_project_source,generated_powerbi_project/Florida_ED_Project_Portfolio_Dashboard.Report/definition/pages/2a2d34b4561b0326f943/visuals/5ae416b0135822ecb1c3/visual.json,d4c3f5ec81a91b306b92760991f9d650a53370e2bd7cfa60eeafdcf4a6e290fa,copied after static and Power BI Desktop runtime QA
dashboard/powerbi_project/Florida_ED_Project_Portfolio_Dashboard.Report/definition/pages/2a2d34b4561b0326f943/visuals/70ed0cb929c083f930c2/visual.json,power_bi_project_source,generated_powerbi_project/Florida_ED_Project_Portfolio_Dashboard.Report/definition/pages/2a2d34b4561b0326f943/visuals/70ed0cb929c083f930c2/visual.json,fa1338b984737b4ee9b2baa8706bb9f8cb9036847edfe3b663b1fd0ecce892f1,copied after static and Power BI Desktop runtime QA
dashboard/powerbi_project/Florida_ED_Project_Portfolio_Dashboard.Report/definition/pages/2a2d34b4561b0326f943/visuals/8ac201c2bb394edd1968/visual.json,power_bi_project_source,generated_powerbi_project/Florida_ED_Project_Portfolio_Dashboard.Report/definition/pages/2a2d34b4561b0326f943/visuals/8ac201c2bb394edd1968/visual.json,d12bdfbbfd8d4f402d71e0bcca73c6779a278e78732104ee8f7cff5537917605,copied after static and Power BI Desktop runtime QA
dashboard/powerbi_project/Florida_ED_Project_Portfolio_Dashboard.Report/definition/pages/2a2d34b4561b0326f943/visuals/bb5ddcb6b9f0d38e90bb/visual.json,power_bi_project_source,generated_powerbi_project/Florida_ED_Project_Portfolio_Dashboard.Report/definition/pages/2a2d34b4561b0326f943/visuals/bb5ddcb6b9f0d38e90bb/visual.json,ef54f4e40cede67bee50386a297f81bb20dd878bbfed380ebf04ee993eeda3fa,copied after static and Power BI Desktop runtime QA
dashboard/powerbi_project/Florida_ED_Project_Portfolio_Dashboard.Report/definition/pages/2a2d34b4561b0326f943/visuals/cf6c7ef9b29e18f4492c/visual.json,power_bi_project_source,generated_powerbi_project/Florida_ED_Project_Portfolio_Dashboard.Report/definition/pages/2a2d34b4561b0326f943/visuals/cf6c7ef9b29e18f4492c/visual.json,29cff8d2036374da7261d64fabef759bd34d0a0a1d7a2398462d45d8142405fc,copied after static and Power BI Desktop runtime QA
dashboard/powerbi_project/Florida_ED_Project_Portfolio_Dashboard.Report/definition/pages/2a2d34b4561b0326f943/visuals/e11b08143154ecbc7ed7/visual.json,power_bi_project_source,generated_powerbi_project/Florida_ED_Project_Portfolio_Dashboard.Report/definition/pages/2a2d34b4561b0326f943/visuals/e11b08143154ecbc7ed7/visual.json,4a5b2d6de287d1795c59dad224f296a52fe3dc11f1523191ac93107cf1d47a3a,copied after static and Power BI Desktop runtime QA
dashboard/powerbi_project/Florida_ED_Project_Portfolio_Dashboard.Report/definition/pages/2dd2909198a585650653/page.json,power_bi_project_source,generated_powerbi_project/Florida_ED_Project_Portfolio_Dashboard.Report/definition/pages/2dd2909198a585650653/page.json,55a153f140d553dd8d7fed131c596a9c28c7e2bd411355313d0ac0a3384cf281,copied after static and Power BI Desktop runtime QA
dashboard/powerbi_project/Florida_ED_Project_Portfolio_Dashboard.Report/definition/pages/2dd2909198a585650653/visuals/35f5f829443b2af934de/visual.json,power_bi_project_source,generated_powerbi_project/Florida_ED_Project_Portfolio_Dashboard.Report/definition/pages/2dd2909198a585650653/visuals/35f5f829443b2af934de/visual.json,0f8898b759b6f5afdee8b27d482cc7aae9157faf072774976a4c25441f60dd72,copied after static and Power BI Desktop runtime QA
dashboard/powerbi_project/Florida_ED_Project_Portfolio_Dashboard.Report/definition/pages/2dd2909198a585650653/visuals/4e4cfe07739a011769cb/visual.json,power_bi_project_source,generated_powerbi_project/Florida_ED_Project_Portfolio_Dashboard.Report/definition/pages/2dd2909198a585650653/visuals/4e4cfe07739a011769cb/visual.json,2f5e5c52aa649e291206b949f6157543b62f9d3890b0b541bf0ffa5bd9e6ae60,copied after static and Power BI Desktop runtime QA
dashboard/powerbi_project/Florida_ED_Project_Portfolio_Dashboard.Report/definition/pages/2dd2909198a585650653/visuals/4fc92016056a053cb2ab/visual.json,power_bi_project_source,generated_powerbi_project/Florida_ED_Project_Portfolio_Dashboard.Report/definition/pages/2dd2909198a585650653/visuals/4fc92016056a053cb2ab/visual.json,6fdc072c5d9d881c4bfc03a586b4cf145f00a69edafd5eb0e4151cd09baa6035,copied after static and Power BI Desktop runtime QA
dashboard/powerbi_project/Florida_ED_Project_Portfolio_Dashboard.Report/definition/pages/2dd2909198a585650653/visuals/502eb9ec7352504136a8/visual.json,power_bi_project_source,generated_powerbi_project/Florida_ED_Project_Portfolio_Dashboard.Report/definition/pages/2dd2909198a585650653/visuals/502eb9ec7352504136a8/visual.json,e129aed00fe5f6136e7bcfce15a6f9490aca1b79cf8e0c673de7c58cf85ea0c9,copied after static and Power BI Desktop runtime QA
dashboard/powerbi_project/Florida_ED_Project_Portfolio_Dashboard.Report/definition/pages/2dd2909198a585650653/visuals/6dd8851145d954e069a6/visual.json,power_bi_project_source,generated_powerbi_project/Florida_ED_Project_Portfolio_Dashboard.Report/definition/pages/2dd2909198a585650653/visuals/6dd8851145d954e069a6/visual.json,e73bbed298dd3584321bdb8db5ce3b7886ae73c1fe4ee1f4927e846f0a0fc6b4,copied after static and Power BI Desktop runtime QA
dashboard/powerbi_project/Florida_ED_Project_Portfolio_Dashboard.Report/definition/pages/2dd2909198a585650653/visuals/7736f455e1fbf8374f98/visual.json,power_bi_project_source,generated_powerbi_project/Florida_ED_Project_Portfolio_Dashboard.Report/definition/pages/2dd2909198a585650653/visuals/7736f455e1fbf8374f98/visual.json,2f85a43dd7b9e733b834e3b405fd453e2e608dd6aaa6b9d0529e136ef425aff0,copied after static and Power BI Desktop runtime QA
dashboard/powerbi_project/Florida_ED_Project_Portfolio_Dashboard.Report/definition/pages/2dd2909198a585650653/visuals/7b7b7c92e75f2422f3f9/visual.json,power_bi_project_source,generated_powerbi_project/Florida_ED_Project_Portfolio_Dashboard.Report/definition/pages/2dd2909198a585650653/visuals/7b7b7c92e75f2422f3f9/visual.json,095acbb8ead78c9c325542fe85ddfc15267bd809b70201a7c329d836c6ce744a,copied after static and Power BI Desktop runtime QA
dashboard/powerbi_project/Florida_ED_Project_Portfolio_Dashboard.Report/definition/pages/2dd2909198a585650653/visuals/8ad7c04dc8ad1ca0b676/visual.json,power_bi_project_source,generated_powerbi_project/Florida_ED_Project_Portfolio_Dashboard.Report/definition/pages/2dd2909198a585650653/visuals/8ad7c04dc8ad1ca0b676/visual.json,c71b742e30653d1df7b22c58b1a56dfc64111520f3ed8a657da874a27862edf1,copied after static and Power BI Desktop runtime QA
dashboard/powerbi_project/Florida_ED_Project_Portfolio_Dashboard.Report/definition/pages/2dd2909198a585650653/visuals/c767ddd4b8d3d6809e2e/visual.json,power_bi_project_source,generated_powerbi_project/Florida_ED_Project_Portfolio_Dashboard.Report/definition/pages/2dd2909198a585650653/visuals/c767ddd4b8d3d6809e2e/visual.json,3065b39c394303e25ff5ed423a6f1c036ef40433547b0147a91fec65a9b63d00,copied after static and Power BI Desktop runtime QA
dashboard/powerbi_project/Florida_ED_Project_Portfolio_Dashboard.Report/definition/pages/4178831803d96b200eeb/page.json,power_bi_project_source,generated_powerbi_project/Florida_ED_Project_Portfolio_Dashboard.Report/definition/pages/4178831803d96b200eeb/page.json,4ef5e5bbe83eedd7824675d88156973e5a0d590864b47c536aff279355c0a51c,copied after static and Power BI Desktop runtime QA
dashboard/powerbi_project/Florida_ED_Project_Portfolio_Dashboard.Report/definition/pages/4178831803d96b200eeb/visuals/05d9742a0e4c3dfbe70c/visual.json,power_bi_project_source,generated_powerbi_project/Florida_ED_Project_Portfolio_Dashboard.Report/definition/pages/4178831803d96b200eeb/visuals/05d9742a0e4c3dfbe70c/visual.json,f27dcf8300de1c3d93d678408f8a8093626815efa2a803d57417151ff6d588f8,copied after static and Power BI Desktop runtime QA
dashboard/powerbi_project/Florida_ED_Project_Portfolio_Dashboard.Report/definition/pages/4178831803d96b200eeb/visuals/2abea3eaed195e112a91/visual.json,power_bi_project_source,generated_powerbi_project/Florida_ED_Project_Portfolio_Dashboard.Report/definition/pages/4178831803d96b200eeb/visuals/2abea3eaed195e112a91/visual.json,9ebca6bb455d0d981308f796d502901c076d1ca90d6ef6c831d76931075a7b1e,copied after static and Power BI Desktop runtime QA
dashboard/powerbi_project/Florida_ED_Project_Portfolio_Dashboard.Report/definition/pages/4178831803d96b200eeb/visuals/2c3d556e219dfa8b971b/visual.json,power_bi_project_source,generated_powerbi_project/Florida_ED_Project_Portfolio_Dashboard.Report/definition/pages/4178831803d96b200eeb/visuals/2c3d556e219dfa8b971b/visual.json,d8fbfc8dbfc928631c597c729a3a3279d0aa2dc99bcc28599cbca32a70b6d285,copied after static and Power BI Desktop runtime QA
dashboard/powerbi_project/Florida_ED_Project_Portfolio_Dashboard.Report/definition/pages/4178831803d96b200eeb/visuals/563eb1f9c8871a947dbd/visual.json,power_bi_project_source,generated_powerbi_project/Florida_ED_Project_Portfolio_Dashboard.Report/definition/pages/4178831803d96b200eeb/visuals/563eb1f9c8871a947dbd/visual.json,396d4f8a809364398f54af63dc3656b8f7e8517cf65e5efe3a26dabe5aa52a7f,copied after static and Power BI Desktop runtime QA
dashboard/powerbi_project/Florida_ED_Project_Portfolio_Dashboard.Report/definition/pages/4178831803d96b200eeb/visuals/577c916a5640e9e35a62/visual.json,power_bi_project_source,generated_powerbi_project/Florida_ED_Project_Portfolio_Dashboard.Report/definition/pages/4178831803d96b200eeb/visuals/577c916a5640e9e35a62/visual.json,21932fadbeb42aed200bd72ec6a752370e9724a8dccbfa7c437c35f1e5d13bce,copied after static and Power BI Desktop runtime QA
dashboard/powerbi_project/Florida_ED_Project_Portfolio_Dashboard.Report/definition/pages/4178831803d96b200eeb/visuals/6ab5c0292e5a6db5c547/visual.json,power_bi_project_source,generated_powerbi_project/Florida_ED_Project_Portfolio_Dashboard.Report/definition/pages/4178831803d96b200eeb/visuals/6ab5c0292e5a6db5c547/visual.json,8d536d16be2f34c9b3c5286218880371472e9dd91166fdfdf4e751ff025b6d34,copied after static and Power BI Desktop runtime QA
dashboard/powerbi_project/Florida_ED_Project_Portfolio_Dashboard.Report/definition/pages/4178831803d96b200eeb/visuals/80b1728f1ae1a3493502/visual.json,power_bi_project_source,generated_powerbi_project/Florida_ED_Project_Portfolio_Dashboard.Report/definition/pages/4178831803d96b200eeb/visuals/80b1728f1ae1a3493502/visual.json,db29a7212f95b27a34585a61b7e54ac592680179e6d7f1b19a42544af2bebaab,copied after static and Power BI Desktop runtime QA
dashboard/powerbi_project/Florida_ED_Project_Portfolio_Dashboard.Report/definition/pages/4178831803d96b200eeb/visuals/89a4a9d7fd59d748d82d/visual.json,power_bi_project_source,generated_powerbi_project/Florida_ED_Project_Portfolio_Dashboard.Report/definition/pages/4178831803d96b200eeb/visuals/89a4a9d7fd59d748d82d/visual.json,14ace975e42959d7e7c950fbdddde16b26a71e85c88d2477e6251c7b530ac319,copied after static and Power BI Desktop runtime QA
dashboard/powerbi_project/Florida_ED_Project_Portfolio_Dashboard.Report/definition/pages/4178831803d96b200eeb/visuals/98e0192d1899181b37f9/visual.json,power_bi_project_source,generated_powerbi_project/Florida_ED_Project_Portfolio_Dashboard.Report/definition/pages/4178831803d96b200eeb/visuals/98e0192d1899181b37f9/visual.json,ca84b9f1ea057a37fd96cac107e4eed9b8813cdf4593f8928f5e45124e0518da,copied after static and Power BI Desktop runtime QA
dashboard/powerbi_project/Florida_ED_Project_Portfolio_Dashboard.Report/definition/pages/4178831803d96b200eeb/visuals/cd3adabf028085ec06c4/visual.json,power_bi_project_source,generated_powerbi_project/Florida_ED_Project_Portfolio_Dashboard.Report/definition/pages/4178831803d96b200eeb/visuals/cd3adabf028085ec06c4/visual.json,ef15cec27d50b97a734085eb5bdb5cd9baf451e83fe227cff60630f1b21e169b,copied after static and Power BI Desktop runtime QA
dashboard/powerbi_project/Florida_ED_Project_Portfolio_Dashboard.Report/definition/pages/4178831803d96b200eeb/visuals/de45fa9e106c0765967b/visual.json,power_bi_project_source,generated_powerbi_project/Florida_ED_Project_Portfolio_Dashboard.Report/definition/pages/4178831803d96b200eeb/visuals/de45fa9e106c0765967b/visual.json,ca3cf6552a07eb0fdd5a8d0760498ed02f9e6aee1bb627d356fca3ec7f2ce599,copied after static and Power BI Desktop runtime QA
dashboard/powerbi_project/Florida_ED_Project_Portfolio_Dashboard.Report/definition/pages/59ba29fde58ceaaaadb2/page.json,power_bi_project_source,generated_powerbi_project/Florida_ED_Project_Portfolio_Dashboard.Report/definition/pages/59ba29fde58ceaaaadb2/page.json,a8dc9d21a9fc91be038d7941100c16ebdbe59fee72c949c5fd7181e5a7c0a9c8,copied after static and Power BI Desktop runtime QA
dashboard/powerbi_project/Florida_ED_Project_Portfolio_Dashboard.Report/definition/pages/59ba29fde58ceaaaadb2/visuals/2e1716bb958fb46eacc6/visual.json,power_bi_project_source,generated_powerbi_project/Florida_ED_Project_Portfolio_Dashboard.Report/definition/pages/59ba29fde58ceaaaadb2/visuals/2e1716bb958fb46eacc6/visual.json,acc281993f85889cb08e1e269ab16e67c5c61223559b3e1ba7d44cc52d2a69c8,copied after static and Power BI Desktop runtime QA
dashboard/powerbi_project/Florida_ED_Project_Portfolio_Dashboard.Report/definition/pages/59ba29fde58ceaaaadb2/visuals/3922b8386107859d263c/visual.json,power_bi_project_source,generated_powerbi_project/Florida_ED_Project_Portfolio_Dashboard.Report/definition/pages/59ba29fde58ceaaaadb2/visuals/3922b8386107859d263c/visual.json,9d9c063df8149e9b61c41db3b9969077e2bd7564915e8d07950380164f1f0bb2,copied after static and Power BI Desktop runtime QA
dashboard/powerbi_project/Florida_ED_Project_Portfolio_Dashboard.Report/definition/pages/59ba29fde58ceaaaadb2/visuals/407a924985c17a9a71e3/visual.json,power_bi_project_source,generated_powerbi_project/Florida_ED_Project_Portfolio_Dashboard.Report/definition/pages/59ba29fde58ceaaaadb2/visuals/407a924985c17a9a71e3/visual.json,3a78bbc190301c35deff80c53c7b7dd2e908bf7ec148d5e534e4fe88a610a6ae,copied after static and Power BI Desktop runtime QA
dashboard/powerbi_project/Florida_ED_Project_Portfolio_Dashboard.Report/definition/pages/59ba29fde58ceaaaadb2/visuals/57a00268327da34d0d02/visual.json,power_bi_project_source,generated_powerbi_project/Florida_ED_Project_Portfolio_Dashboard.Report/definition/pages/59ba29fde58ceaaaadb2/visuals/57a00268327da34d0d02/visual.json,468d3068173e10e8d50b1f45739d53c787b6116d7ace64f29e5149f96378820a,copied after static and Power BI Desktop runtime QA
dashboard/powerbi_project/Florida_ED_Project_Portfolio_Dashboard.Report/definition/pages/59ba29fde58ceaaaadb2/visuals/640e5925027aca10714e/visual.json,power_bi_project_source,generated_powerbi_project/Florida_ED_Project_Portfolio_Dashboard.Report/definition/pages/59ba29fde58ceaaaadb2/visuals/640e5925027aca10714e/visual.json,1729ff7b2466e08f6c942b47e228e151bf58efb020874d5c7a613fcb915f8cd4,copied after static and Power BI Desktop runtime QA
dashboard/powerbi_project/Florida_ED_Project_Portfolio_Dashboard.Report/definition/pages/59ba29fde58ceaaaadb2/visuals/759d3ef533874296e1db/visual.json,power_bi_project_source,generated_powerbi_project/Florida_ED_Project_Portfolio_Dashboard.Report/definition/pages/59ba29fde58ceaaaadb2/visuals/759d3ef533874296e1db/visual.json,247f510138a2545e70eb855082d99a0377991f276d7c4071791429cd2fbc8f9a,copied after static and Power BI Desktop runtime QA
dashboard/powerbi_project/Florida_ED_Project_Portfolio_Dashboard.Report/definition/pages/59ba29fde58ceaaaadb2/visuals/c6bdf3560488624d0cd5/visual.json,power_bi_project_source,generated_powerbi_project/Florida_ED_Project_Portfolio_Dashboard.Report/definition/pages/59ba29fde58ceaaaadb2/visuals/c6bdf3560488624d0cd5/visual.json,513fef3f746ef4bee3ac99dbd88b6f4ab3a63077b238135c6337f996761665d8,copied after static and Power BI Desktop runtime QA
dashboard/powerbi_project/Florida_ED_Project_Portfolio_Dashboard.Report/definition/pages/59ba29fde58ceaaaadb2/visuals/dc4efa8ce097279ba1ad/visual.json,power_bi_project_source,generated_powerbi_project/Florida_ED_Project_Portfolio_Dashboard.Report/definition/pages/59ba29fde58ceaaaadb2/visuals/dc4efa8ce097279ba1ad/visual.json,be5c5361d99eabdc2302f0d0c7a6e13c99457dfe957ab615a119ed2649d402fd,copied after static and Power BI Desktop runtime QA
dashboard/powerbi_project/Florida_ED_Project_Portfolio_Dashboard.Report/definition/pages/59ba29fde58ceaaaadb2/visuals/eb2434cfe5bb76c87895/visual.json,power_bi_project_source,generated_powerbi_project/Florida_ED_Project_Portfolio_Dashboard.Report/definition/pages/59ba29fde58ceaaaadb2/visuals/eb2434cfe5bb76c87895/visual.json,7803a5827849617e5a47eee7dd5cea9cc4318a5dabee42896057f9f2eb19db06,copied after static and Power BI Desktop runtime QA
dashboard/powerbi_project/Florida_ED_Project_Portfolio_Dashboard.Report/definition/pages/59ba29fde58ceaaaadb2/visuals/f35aa9fa912c9391b2eb/visual.json,power_bi_project_source,generated_powerbi_project/Florida_ED_Project_Portfolio_Dashboard.Report/definition/pages/59ba29fde58ceaaaadb2/visuals/f35aa9fa912c9391b2eb/visual.json,99eb6bdee551909659f5d98844bc44fbfb673e91b91891dbe2edaf5301f1253c,copied after static and Power BI Desktop runtime QA
dashboard/powerbi_project/Florida_ED_Project_Portfolio_Dashboard.Report/definition/pages/6a13fbbc053d65c95308/page.json,power_bi_project_source,generated_powerbi_project/Florida_ED_Project_Portfolio_Dashboard.Report/definition/pages/6a13fbbc053d65c95308/page.json,fb65a058fe0fea971b7cfafac2e1496dd9e00bcadc6715536bccec7c83aa18fe,copied after static and Power BI Desktop runtime QA
dashboard/powerbi_project/Florida_ED_Project_Portfolio_Dashboard.Report/definition/pages/6a13fbbc053d65c95308/visuals/41bdd04d1384bc0c9277/visual.json,power_bi_project_source,generated_powerbi_project/Florida_ED_Project_Portfolio_Dashboard.Report/definition/pages/6a13fbbc053d65c95308/visuals/41bdd04d1384bc0c9277/visual.json,cdc0319039108807890003523079ce3fda32589e23b879c67ff567ff8eafcb96,copied after static and Power BI Desktop runtime QA
dashboard/powerbi_project/Florida_ED_Project_Portfolio_Dashboard.Report/definition/pages/6a13fbbc053d65c95308/visuals/456d624d877a918d4cda/visual.json,power_bi_project_source,generated_powerbi_project/Florida_ED_Project_Portfolio_Dashboard.Report/definition/pages/6a13fbbc053d65c95308/visuals/456d624d877a918d4cda/visual.json,55d4b0abc0473d8985f3e22aa4556bbe3326d9aab9353d0c02efb47cd9753c45,copied after static and Power BI Desktop runtime QA
dashboard/powerbi_project/Florida_ED_Project_Portfolio_Dashboard.Report/definition/pages/6a13fbbc053d65c95308/visuals/6d0ddfea57802e00c6e3/visual.json,power_bi_project_source,generated_powerbi_project/Florida_ED_Project_Portfolio_Dashboard.Report/definition/pages/6a13fbbc053d65c95308/visuals/6d0ddfea57802e00c6e3/visual.json,7778c77795003b61f0c435627701246bcdc546cec0a872edf8ec111dc2ccfc4f,copied after static and Power BI Desktop runtime QA
dashboard/powerbi_project/Florida_ED_Project_Portfolio_Dashboard.Report/definition/pages/6a13fbbc053d65c95308/visuals/7952179dc194b4c439f2/visual.json,power_bi_project_source,generated_powerbi_project/Florida_ED_Project_Portfolio_Dashboard.Report/definition/pages/6a13fbbc053d65c95308/visuals/7952179dc194b4c439f2/visual.json,9305ff40ec3acbe68d0abbd1e465ca9921a895a8937bfc6b9f949707574fa509,copied after static and Power BI Desktop runtime QA
dashboard/powerbi_project/Florida_ED_Project_Portfolio_Dashboard.Report/definition/pages/6a13fbbc053d65c95308/visuals/94f1c79a9ef05dd02966/visual.json,power_bi_project_source,generated_powerbi_project/Florida_ED_Project_Portfolio_Dashboard.Report/definition/pages/6a13fbbc053d65c95308/visuals/94f1c79a9ef05dd02966/visual.json,257bd8b055795ecc0ca3ce1036408ae03314102109253b5de2793a7616b446fe,copied after static and Power BI Desktop runtime QA
dashboard/powerbi_project/Florida_ED_Project_Portfolio_Dashboard.Report/definition/pages/6a13fbbc053d65c95308/visuals/abaa3d90631cec174df3/visual.json,power_bi_project_source,generated_powerbi_project/Florida_ED_Project_Portfolio_Dashboard.Report/definition/pages/6a13fbbc053d65c95308/visuals/abaa3d90631cec174df3/visual.json,fa40f217ce7fde68330fabc93ed400a4ef08d4d2913149200c746600cb67fbcd,copied after static and Power BI Desktop runtime QA
dashboard/powerbi_project/Florida_ED_Project_Portfolio_Dashboard.Report/definition/pages/6a13fbbc053d65c95308/visuals/c02761a885d758cecaca/visual.json,power_bi_project_source,generated_powerbi_project/Florida_ED_Project_Portfolio_Dashboard.Report/definition/pages/6a13fbbc053d65c95308/visuals/c02761a885d758cecaca/visual.json,2b3c28f4fa24385a04b47792c2e854c55f3c185e281fe3cced937e5b6711432e,copied after static and Power BI Desktop runtime QA
dashboard/powerbi_project/Florida_ED_Project_Portfolio_Dashboard.Report/definition/pages/6a13fbbc053d65c95308/visuals/c5a7a5e45b23431bd906/visual.json,power_bi_project_source,generated_powerbi_project/Florida_ED_Project_Portfolio_Dashboard.Report/definition/pages/6a13fbbc053d65c95308/visuals/c5a7a5e45b23431bd906/visual.json,8a32a69464a382e6981ac93f9ae08454364f0248b29e52f7bd4ab92ae275b048,copied after static and Power BI Desktop runtime QA
dashboard/powerbi_project/Florida_ED_Project_Portfolio_Dashboard.Report/definition/pages/6a13fbbc053d65c95308/visuals/c65d7051e93195810639/visual.json,power_bi_project_source,generated_powerbi_project/Florida_ED_Project_Portfolio_Dashboard.Report/definition/pages/6a13fbbc053d65c95308/visuals/c65d7051e93195810639/visual.json,a5c764cbcdb782d370cb15c0bd522194a983233ec9ba8b2dd4a6db881b68f73d,copied after static and Power BI Desktop runtime QA
dashboard/powerbi_project/Florida_ED_Project_Portfolio_Dashboard.Report/definition/pages/6a13fbbc053d65c95308/visuals/d03fb0a5949e24bdad85/visual.json,power_bi_project_source,generated_powerbi_project/Florida_ED_Project_Portfolio_Dashboard.Report/definition/pages/6a13fbbc053d65c95308/visuals/d03fb0a5949e24bdad85/visual.json,e4b62604667e1a585775e6ebf432d3e36a7c73bfd3aede551d95d0d650450622,copied after static and Power BI Desktop runtime QA
dashboard/powerbi_project/Florida_ED_Project_Portfolio_Dashboard.Report/definition/pages/6a13fbbc053d65c95308/visuals/dc6fae60eaf6384ec280/visual.json,power_bi_project_source,generated_powerbi_project/Florida_ED_Project_Portfolio_Dashboard.Report/definition/pages/6a13fbbc053d65c95308/visuals/dc6fae60eaf6384ec280/visual.json,d3a75fd721ee42c1cb1b01c79f7a2dcb8f9305b20f15b5c8691039304be7189f,copied after static and Power BI Desktop runtime QA
dashboard/powerbi_project/Florida_ED_Project_Portfolio_Dashboard.Report/definition/pages/6a13fbbc053d65c95308/visuals/e1fcee4f888189b3237d/visual.json,power_bi_project_source,generated_powerbi_project/Florida_ED_Project_Portfolio_Dashboard.Report/definition/pages/6a13fbbc053d65c95308/visuals/e1fcee4f888189b3237d/visual.json,6bc7cd81168461533d6e70241d655965181a930f00e822364d5a0ae27b840971,copied after static and Power BI Desktop runtime QA
dashboard/powerbi_project/Florida_ED_Project_Portfolio_Dashboard.Report/definition/pages/6a13fbbc053d65c95308/visuals/f957046d037390ef1ebb/visual.json,power_bi_project_source,generated_powerbi_project/Florida_ED_Project_Portfolio_Dashboard.Report/definition/pages/6a13fbbc053d65c95308/visuals/f957046d037390ef1ebb/visual.json,d5c5b3accd7e80edc23d59abae2b01b9e521955e1eb888fbda5068bd28075f00,copied after static and Power BI Desktop runtime QA
dashboard/powerbi_project/Florida_ED_Project_Portfolio_Dashboard.Report/definition/pages/b3478688538d4233f344/page.json,power_bi_project_source,generated_powerbi_project/Florida_ED_Project_Portfolio_Dashboard.Report/definition/pages/b3478688538d4233f344/page.json,9f2da97ebf2c3783eeebc7e5a5c8eeb3aa52121000e78496fdc2cb170036369e,copied after static and Power BI Desktop runtime QA
dashboard/powerbi_project/Florida_ED_Project_Portfolio_Dashboard.Report/definition/pages/b3478688538d4233f344/visuals/34cb1487a2ca3e4c098a/visual.json,power_bi_project_source,generated_powerbi_project/Florida_ED_Project_Portfolio_Dashboard.Report/definition/pages/b3478688538d4233f344/visuals/34cb1487a2ca3e4c098a/visual.json,15f6e01f478c2ead7b0ce342ad81008ab950a62ac9d48d8fa981e61b085bba58,copied after static and Power BI Desktop runtime QA
dashboard/powerbi_project/Florida_ED_Project_Portfolio_Dashboard.Report/definition/pages/b3478688538d4233f344/visuals/46dc0f5fd2f14464d5d0/visual.json,power_bi_project_source,generated_powerbi_project/Florida_ED_Project_Portfolio_Dashboard.Report/definition/pages/b3478688538d4233f344/visuals/46dc0f5fd2f14464d5d0/visual.json,616459d2ad1680494a78fe14b88fc2937c9aeb2c1d219a70a5cc54aebcf079e5,copied after static and Power BI Desktop runtime QA
dashboard/powerbi_project/Florida_ED_Project_Portfolio_Dashboard.Report/definition/pages/b3478688538d4233f344/visuals/716f6ff29ece2b60815a/visual.json,power_bi_project_source,generated_powerbi_project/Florida_ED_Project_Portfolio_Dashboard.Report/definition/pages/b3478688538d4233f344/visuals/716f6ff29ece2b60815a/visual.json,77341952197967b16d083b0242779fc24a1d149b88a2241f30dc0e69aa70d0d3,copied after static and Power BI Desktop runtime QA
dashboard/powerbi_project/Florida_ED_Project_Portfolio_Dashboard.Report/definition/pages/b3478688538d4233f344/visuals/7c6fc0a58de1df5cce8d/visual.json,power_bi_project_source,generated_powerbi_project/Florida_ED_Project_Portfolio_Dashboard.Report/definition/pages/b3478688538d4233f344/visuals/7c6fc0a58de1df5cce8d/visual.json,ea7fb9bc18bef4018297cb98c80245e46514f0baa578294622543b5e01e8fcf2,copied after static and Power BI Desktop runtime QA
dashboard/powerbi_project/Florida_ED_Project_Portfolio_Dashboard.Report/definition/pages/b3478688538d4233f344/visuals/8088afa448cf31ea0483/visual.json,power_bi_project_source,generated_powerbi_project/Florida_ED_Project_Portfolio_Dashboard.Report/definition/pages/b3478688538d4233f344/visuals/8088afa448cf31ea0483/visual.json,7ed4b33ada61fd4cf1a5b579eac867fc8e190e39f84ae35d64a30f0a528c0760,copied after static and Power BI Desktop runtime QA
dashboard/powerbi_project/Florida_ED_Project_Portfolio_Dashboard.Report/definition/pages/b3478688538d4233f344/visuals/8b2c5353c1db2b3221db/visual.json,power_bi_project_source,generated_powerbi_project/Florida_ED_Project_Portfolio_Dashboard.Report/definition/pages/b3478688538d4233f344/visuals/8b2c5353c1db2b3221db/visual.json,a247c9bf161c527487e836f325d755d9ee335876bd09865d357910caca716327,copied after static and Power BI Desktop runtime QA
dashboard/powerbi_project/Florida_ED_Project_Portfolio_Dashboard.Report/definition/pages/b3478688538d4233f344/visuals/9001a7c62f11267028f7/visual.json,power_bi_project_source,generated_powerbi_project/Florida_ED_Project_Portfolio_Dashboard.Report/definition/pages/b3478688538d4233f344/visuals/9001a7c62f11267028f7/visual.json,47f1b6ec1398b1b709b6d1458339b9333afee8726e7b8985b7acbf439e810402,copied after static and Power BI Desktop runtime QA
dashboard/powerbi_project/Florida_ED_Project_Portfolio_Dashboard.Report/definition/pages/b3478688538d4233f344/visuals/d0d6bb7b73aefc634824/visual.json,power_bi_project_source,generated_powerbi_project/Florida_ED_Project_Portfolio_Dashboard.Report/definition/pages/b3478688538d4233f344/visuals/d0d6bb7b73aefc634824/visual.json,cdeb075a7de0da5987bdf6ad34fb8b7c2146a5a5170e583f0248b1912ada264d,copied after static and Power BI Desktop runtime QA
dashboard/powerbi_project/Florida_ED_Project_Portfolio_Dashboard.Report/definition/pages/b3478688538d4233f344/visuals/e199db484f6a17842892/visual.json,power_bi_project_source,generated_powerbi_project/Florida_ED_Project_Portfolio_Dashboard.Report/definition/pages/b3478688538d4233f344/visuals/e199db484f6a17842892/visual.json,5ebd194b17988a91d5555ad55952ea17453ec9d92f14506928a34345bb612aa9,copied after static and Power BI Desktop runtime QA
dashboard/powerbi_project/Florida_ED_Project_Portfolio_Dashboard.Report/definition/pages/b3478688538d4233f344/visuals/e303d6903fc168bf2307/visual.json,power_bi_project_source,generated_powerbi_project/Florida_ED_Project_Portfolio_Dashboard.Report/definition/pages/b3478688538d4233f344/visuals/e303d6903fc168bf2307/visual.json,79967f5eeb5000ec9348ad42cf9b2099710986ea0251bf24302dfb5bc834638a,copied after static and Power BI Desktop runtime QA
dashboard/powerbi_project/Florida_ED_Project_Portfolio_Dashboard.Report/definition/pages/b3478688538d4233f344/visuals/e7aa037314191de4d20c/visual.json,power_bi_project_source,generated_powerbi_project/Florida_ED_Project_Portfolio_Dashboard.Report/definition/pages/b3478688538d4233f344/visuals/e7aa037314191de4d20c/visual.json,1eb96b1234af50db3f5ede71c4c42c3193b27d6fd45b3c1ca392cc4c55eafc35,copied after static and Power BI Desktop runtime QA
dashboard/powerbi_project/Florida_ED_Project_Portfolio_Dashboard.Report/definition/pages/b3478688538d4233f344/visuals/eed34d87b66600b5263c/visual.json,power_bi_project_source,generated_powerbi_project/Florida_ED_Project_Portfolio_Dashboard.Report/definition/pages/b3478688538d4233f344/visuals/eed34d87b66600b5263c/visual.json,a09de0d1980694070f8426dd4b13651c9991a4da9f39aa9dcd0f485c08c8a9dc,copied after static and Power BI Desktop runtime QA
dashboard/powerbi_project/Florida_ED_Project_Portfolio_Dashboard.Report/definition/pages/pages.json,power_bi_project_source,generated_powerbi_project/Florida_ED_Project_Portfolio_Dashboard.Report/definition/pages/pages.json,0271b6da22961092a6f13f76e41baeb06a183ae458d4c944cfde508ea570f5d9,copied after static and Power BI Desktop runtime QA
dashboard/powerbi_project/Florida_ED_Project_Portfolio_Dashboard.Report/definition/report.json,power_bi_project_source,generated_powerbi_project/Florida_ED_Project_Portfolio_Dashboard.Report/definition/report.json,d266441417bfd55dba2b22ab0e1cb0a84dc98a6bb1134b9376da2fe172ac68b0,copied after static and Power BI Desktop runtime QA
dashboard/powerbi_project/Florida_ED_Project_Portfolio_Dashboard.Report/definition/version.json,power_bi_project_source,generated_powerbi_project/Florida_ED_Project_Portfolio_Dashboard.Report/definition/version.json,c8bdd966a85f1eaab4312d2096b6d7b508243e4d7bc5a4d25af3cfcb1056a4e7,copied after static and Power BI Desktop runtime QA
dashboard/powerbi_project/Florida_ED_Project_Portfolio_Dashboard.SemanticModel/.platform,power_bi_project_source,generated_powerbi_project/Florida_ED_Project_Portfolio_Dashboard.SemanticModel/.platform,4f19d76378846d2fd5516512a743677d53973954be063e22798e6f3e79d753b6,copied after static and Power BI Desktop runtime QA
dashboard/powerbi_project/Florida_ED_Project_Portfolio_Dashboard.SemanticModel/definition.pbism,power_bi_project_source,generated_powerbi_project/Florida_ED_Project_Portfolio_Dashboard.SemanticModel/definition.pbism,73a1ae4c89d7488f553788adc772a04c805d1c9e0d7333e2b2b5476aad8e5a5f,copied after static and Power BI Desktop runtime QA
dashboard/powerbi_project/Florida_ED_Project_Portfolio_Dashboard.SemanticModel/definition/cultures/en-US.tmdl,power_bi_project_source,generated_powerbi_project/Florida_ED_Project_Portfolio_Dashboard.SemanticModel/definition/cultures/en-US.tmdl,1109e38ebc2a662c6ac3926717b17f040c1ee6812d0a3de88d781cdfac626d19,copied after static and Power BI Desktop runtime QA
dashboard/powerbi_project/Florida_ED_Project_Portfolio_Dashboard.SemanticModel/definition/database.tmdl,power_bi_project_source,generated_powerbi_project/Florida_ED_Project_Portfolio_Dashboard.SemanticModel/definition/database.tmdl,822c914b643bca32bb20abd8a762df8204a1b9ef02acc2bc7348727f6699cb96,copied after static and Power BI Desktop runtime QA
dashboard/powerbi_project/Florida_ED_Project_Portfolio_Dashboard.SemanticModel/definition/model.tmdl,power_bi_project_source,generated_powerbi_project/Florida_ED_Project_Portfolio_Dashboard.SemanticModel/definition/model.tmdl,69a9422787bba73090de843e8daa82780868f963393efd608ae311c8b22bc74f,copied after static and Power BI Desktop runtime QA
dashboard/powerbi_project/Florida_ED_Project_Portfolio_Dashboard.SemanticModel/definition/relationships.tmdl,power_bi_project_source,generated_powerbi_project/Florida_ED_Project_Portfolio_Dashboard.SemanticModel/definition/relationships.tmdl,2570f22876083668a5cbb3c0770ea6deff81789f078e72d4cbd64a00c39ad442,copied after static and Power BI Desktop runtime QA
dashboard/powerbi_project/Florida_ED_Project_Portfolio_Dashboard.SemanticModel/definition/tables/Dashboard Measures.tmdl,power_bi_project_source,generated_powerbi_project/Florida_ED_Project_Portfolio_Dashboard.SemanticModel/definition/tables/Dashboard Measures.tmdl,1c5875c4b1d12611d3ad10160e8015d8a115188169cb6b2e5f71f8906abfe810,copied after static and Power BI Desktop runtime QA
dashboard/powerbi_project/Florida_ED_Project_Portfolio_Dashboard.SemanticModel/definition/tables/DimClinicalDomain.tmdl,power_bi_project_source,generated_powerbi_project/Florida_ED_Project_Portfolio_Dashboard.SemanticModel/definition/tables/DimClinicalDomain.tmdl,ba8b5420027f740aca45d589760c4853828c8dc2cf3b21a8e0d0d78bde943606,copied after static and Power BI Desktop runtime QA
dashboard/powerbi_project/Florida_ED_Project_Portfolio_Dashboard.SemanticModel/definition/tables/DimCodingMap.tmdl,power_bi_project_source,generated_powerbi_project/Florida_ED_Project_Portfolio_Dashboard.SemanticModel/definition/tables/DimCodingMap.tmdl,83720910cf20d30c4c67d3d6f776e88e9319b25ef30f2a253ee3c141295231d9,copied after static and Power BI Desktop runtime QA
dashboard/powerbi_project/Florida_ED_Project_Portfolio_Dashboard.SemanticModel/definition/tables/DimMetric.tmdl,power_bi_project_source,generated_powerbi_project/Florida_ED_Project_Portfolio_Dashboard.SemanticModel/definition/tables/DimMetric.tmdl,b8c5c27fa734825d623656adb1b1c6b4d32233f8b54f527d6fd0a1c9c51bb670,copied after static and Power BI Desktop runtime QA
dashboard/powerbi_project/Florida_ED_Project_Portfolio_Dashboard.SemanticModel/definition/tables/DimModelSpec.tmdl,power_bi_project_source,generated_powerbi_project/Florida_ED_Project_Portfolio_Dashboard.SemanticModel/definition/tables/DimModelSpec.tmdl,992d202ec7d8385b416bf27d1460778ad4171532087cc0f721e070ce324068f6,copied after static and Power BI Desktop runtime QA
dashboard/powerbi_project/Florida_ED_Project_Portfolio_Dashboard.SemanticModel/definition/tables/DimPeriod.tmdl,power_bi_project_source,generated_powerbi_project/Florida_ED_Project_Portfolio_Dashboard.SemanticModel/definition/tables/DimPeriod.tmdl,8e8dfbe1db2d66c3da03fd054170649b228d736849dfffbad006b57e54d355f4,copied after static and Power BI Desktop runtime QA
dashboard/powerbi_project/Florida_ED_Project_Portfolio_Dashboard.SemanticModel/definition/tables/DimProjectStage.tmdl,power_bi_project_source,generated_powerbi_project/Florida_ED_Project_Portfolio_Dashboard.SemanticModel/definition/tables/DimProjectStage.tmdl,05527dda324509fc9029d85ae5cb6f2261c2faf908cdb5973f6331dcedfc19b4,copied after static and Power BI Desktop runtime QA
dashboard/powerbi_project/Florida_ED_Project_Portfolio_Dashboard.SemanticModel/definition/tables/DimSchemaFamily.tmdl,power_bi_project_source,generated_powerbi_project/Florida_ED_Project_Portfolio_Dashboard.SemanticModel/definition/tables/DimSchemaFamily.tmdl,c6186bd8b4810e1124dcc33fac74d4d1b982b2a6dcbdb4575fa3f28ca8c39bcd,copied after static and Power BI Desktop runtime QA
dashboard/powerbi_project/Florida_ED_Project_Portfolio_Dashboard.SemanticModel/definition/tables/FactAnalyticalStatus.tmdl,power_bi_project_source,generated_powerbi_project/Florida_ED_Project_Portfolio_Dashboard.SemanticModel/definition/tables/FactAnalyticalStatus.tmdl,f044b94597a09a6714cc712174a25da4020057269c0aa4dd063465b5535fa78f,copied after static and Power BI Desktop runtime QA
dashboard/powerbi_project/Florida_ED_Project_Portfolio_Dashboard.SemanticModel/definition/tables/FactEnhancementCoverage.tmdl,power_bi_project_source,generated_powerbi_project/Florida_ED_Project_Portfolio_Dashboard.SemanticModel/definition/tables/FactEnhancementCoverage.tmdl,bba74aae2aab21a38f3e618bf54595d580ac12150bd0826141c26cb4401cc52a,copied after static and Power BI Desktop runtime QA
dashboard/powerbi_project/Florida_ED_Project_Portfolio_Dashboard.SemanticModel/definition/tables/FactPartitionStatus.tmdl,power_bi_project_source,generated_powerbi_project/Florida_ED_Project_Portfolio_Dashboard.SemanticModel/definition/tables/FactPartitionStatus.tmdl,a09166ace0051a12b814cda3b65ffed64e75521637656cba21058b187b0507c7,copied after static and Power BI Desktop runtime QA
dashboard/powerbi_project/Florida_ED_Project_Portfolio_Dashboard.SemanticModel/definition/tables/FactProjectCoverage.tmdl,power_bi_project_source,generated_powerbi_project/Florida_ED_Project_Portfolio_Dashboard.SemanticModel/definition/tables/FactProjectCoverage.tmdl,1fa1dc966c5182276b83504fc9a7f1a191d2da4f0170ecb661c66dac86ce4fe7,copied after static and Power BI Desktop runtime QA
dashboard/powerbi_project/Florida_ED_Project_Portfolio_Dashboard.SemanticModel/definition/tables/FactProviderMeasurement.tmdl,power_bi_project_source,generated_powerbi_project/Florida_ED_Project_Portfolio_Dashboard.SemanticModel/definition/tables/FactProviderMeasurement.tmdl,098c080e2e7796c75dca063b56b95a795dcc0f35206857bca3fe515a8ddb0186,copied after static and Power BI Desktop runtime QA
dashboard/powerbi_project/Florida_ED_Project_Portfolio_Dashboard.SemanticModel/definition/tables/FactSyntheticDemonstration.tmdl,power_bi_project_source,generated_powerbi_project/Florida_ED_Project_Portfolio_Dashboard.SemanticModel/definition/tables/FactSyntheticDemonstration.tmdl,e2726f920d6dbf15e84fb4eb0cdc36f8334ee662a0ab9d5aa6afd0ca520300f8,copied after static and Power BI Desktop runtime QA
dashboard/powerbi_project/Florida_ED_Project_Portfolio_Dashboard.SemanticModel/definition/tables/FactValidationStatus.tmdl,power_bi_project_source,generated_powerbi_project/Florida_ED_Project_Portfolio_Dashboard.SemanticModel/definition/tables/FactValidationStatus.tmdl,603e02d53bed41b6145d648df6902e404c58f7aaed94bb3f4819601bda24df90,copied after static and Power BI Desktop runtime QA
dashboard/powerbi_project/Florida_ED_Project_Portfolio_Dashboard.pbip,power_bi_project_source,generated_powerbi_project/Florida_ED_Project_Portfolio_Dashboard.pbip,04ec1faffdaf486e4f8ab88f2c69822ed0886cec20543a79f0f82cc7735814a1,copied after static and Power BI Desktop runtime QA
dashboard/powerbi_project/POWER_BI_PROJECT_MANIFEST.json,power_bi_project_source,generated_powerbi_project/POWER_BI_PROJECT_MANIFEST.json,d207b88a385c53ebf2287d5286d94b35de74723ba3c2fe09474022cc4f2d9b92,copied after static and Power BI Desktop runtime QA
dashboard/powerbi_project/POWER_BI_PROJECT_STATIC_VALIDATION.json,power_bi_project_source,generated_powerbi_project/POWER_BI_PROJECT_STATIC_VALIDATION.json,74326683c1935645ed387cdfd9592816330243261f6dc69617b6f352eea94479,copied after static and Power BI Desktop runtime QA
dashboard/powerbi_theme.json,power_bi_handoff_package,outputs/powerbi_dashboard_preparation/20260810T202454Z/powerbi_theme.json,8eeb425fc5445d361bb9f14e57d5b48fef0b7908164db67e0fdb0ae90400b9eb,copied from disclosure-controlled dashboard package
dashboard/support/CY26SU07.json,power_bi_handoff_package,outputs/powerbi_dashboard_preparation/20260810T202454Z/support/CY26SU07.json,cbd7ee57cd74dfd24cab269d2c8d0b0f52f05d4e1f4d465566647f8fdd095042,copied from disclosure-controlled dashboard package
dashboard/support/build_dashboard_package.mjs,power_bi_handoff_package,outputs/powerbi_dashboard_preparation/20260810T202454Z/support/build_dashboard_package.mjs,f6581c0d1f62697de1fc5a90440b29e97a0797a9d05bff4c6d2d28dc485a228d,copied from disclosure-controlled dashboard package
dashboard/support/build_powerbi_project.py,power_bi_handoff_package,outputs/powerbi_dashboard_preparation/20260810T202454Z/support/build_powerbi_project.py,9133d98b1ffa94863d2edb474dfec2aa3d48f4be2729b587274ad46ba925ff8f,copied from disclosure-controlled dashboard package
dashboard/support/validate_dashboard_package.py,power_bi_handoff_package,outputs/powerbi_dashboard_preparation/20260810T202454Z/support/validate_dashboard_package.py,bae869cf3f2ecf6570cd1c13691c7b741f57e9098ffd70b87483a9dea7ddd531,copied from disclosure-controlled dashboard package
dashboard/support/validate_powerbi_project.py,power_bi_handoff_package,outputs/powerbi_dashboard_preparation/20260810T202454Z/support/validate_powerbi_project.py,bcc97763d8cac9055327cd7510a271d5bbc572e5742d46ab82828d5d7f3c7875,copied from disclosure-controlled dashboard package
docs/architecture.md,existing_sanitized_portfolio_worktree,Florida_ED_Public_Portfolio/docs/architecture.md,d12c10fae875130ee355c98ef36614d8a9ee6bf52e1cb4eab92fb4a4c3edd52a,copied from the prior sanitized portfolio working tree during isolated staging; no restricted data or unpublished estimates copied
docs/frozen_methodology/AMI_Cohort_Validation.md,frozen_methodology_or_handoff,outputs/florida_ed_concordance_analysis_20260726/documentation/AMI_Cohort_Validation.md,449d4c35c92edb2110721844c4aeb23227afcaf94a60419aed8e95b7f07eb55a,private absolute paths replaced; no unpublished estimate file copied
docs/frozen_methodology/Clinical_Classification_Methods.md,frozen_methodology_or_handoff,outputs/florida_ed_concordance_analysis_20260726/documentation/Clinical_Classification_Methods.md,8fb915d76b74645179927d640d39f22b786c034cf486c8b442b9bb3eac367efd,private absolute paths replaced; no unpublished estimate file copied
docs/frozen_methodology/Concordance_Variable_Dictionary.csv,frozen_methodology_or_handoff,outputs/florida_ed_concordance_analysis_20260726/documentation/Concordance_Variable_Dictionary.csv,9fe099f4acd80ff97e3e42412e507d81b3a788ac14e11c46fba612f95b192a60,private absolute paths replaced; no unpublished estimate file copied
docs/frozen_methodology/Concordance_Variable_Dictionary_README.md,frozen_methodology_or_handoff,outputs/florida_ed_concordance_analysis_20260726/documentation/Concordance_Variable_Dictionary_README.md,f2f28412272e0828085fbb3ea8e01af78b335436011665ef3ae669c83c09641e,private absolute paths replaced; no unpublished estimate file copied
docs/frozen_methodology/Directional_Dyad_Analysis_Plan_Extension.md,frozen_methodology_or_handoff,outputs/florida_ed_concordance_analysis_20260726/documentation/Directional_Dyad_Analysis_Plan_Extension.md,0a2f83f95d56b61f2cf1ca7ce4a85ea3039ee3ae04fe6a61a900a546dec7b77b,private absolute paths replaced; no unpublished estimate file copied
docs/frozen_methodology/Directional_Dyad_Analysis_Plan_Extension_FROZEN.json,frozen_methodology_or_handoff,outputs/florida_ed_concordance_analysis_20260726/documentation/Directional_Dyad_Analysis_Plan_Extension_FROZEN.json,3574fd278d194042dabddb7abe7a9e9ecf9f3b8e5f06fa9e48d3a44836a00d5a,private absolute paths replaced; no unpublished estimate file copied
docs/frozen_methodology/Directional_Dyad_Execution_Code_FROZEN.json,frozen_methodology_or_handoff,outputs/florida_ed_concordance_analysis_20260726/documentation/Directional_Dyad_Execution_Code_FROZEN.json,6b1476e04de00ae897e31e43df920ad8269d3b248a25a69ffa00a5a7035feae7,private absolute paths replaced; no unpublished estimate file copied
docs/frozen_methodology/Directional_Dyad_Execution_Refreeze_History.json,frozen_methodology_or_handoff,outputs/florida_ed_concordance_analysis_20260726/documentation/Directional_Dyad_Execution_Refreeze_History.json,26091e28e07a676a12fc1f09a214688b7857c9f5a043e9247f2b93c1dc4fc5d0,private absolute paths replaced; no unpublished estimate file copied
docs/frozen_methodology/Directional_Dyad_Extension_Request_Checkpoint_20260726T195543Z.json,frozen_methodology_or_handoff,outputs/florida_ed_concordance_analysis_20260726/documentation/Directional_Dyad_Extension_Request_Checkpoint_20260726T195543Z.json,c812986a1744fdf51d4f5bc9e73da80da587c631bdd0ed89418060b5f0de4b6a,private absolute paths replaced; no unpublished estimate file copied
docs/frozen_methodology/Directional_Dyad_Model_Implementation_FROZEN.json,frozen_methodology_or_handoff,outputs/florida_ed_concordance_analysis_20260726/documentation/Directional_Dyad_Model_Implementation_FROZEN.json,8d2b6bf51b19a7292ffe3f9a38c70b7cf2b87595a2d128f64c49a357d11236df,private absolute paths replaced; no unpublished estimate file copied
docs/frozen_methodology/Directional_Dyad_Model_Implementation_Specification.md,frozen_methodology_or_handoff,outputs/florida_ed_concordance_analysis_20260726/documentation/Directional_Dyad_Model_Implementation_Specification.md,51b76a5ece6858862fbe2b5f0cce7edfe1350cf0549dd6124f3916cc2be498c1,private absolute paths replaced; no unpublished estimate file copied
docs/frozen_methodology/Final_Analytical_Release_Execution_FROZEN.json,frozen_methodology_or_handoff,outputs/florida_ed_concordance_analysis_20260726/documentation/Final_Analytical_Release_Execution_FROZEN.json,7d69dbe54d45353e60da019d89369d8cf0d902b9288df23a11ec01fbd8d7f67f,private absolute paths replaced; no unpublished estimate file copied
docs/frozen_methodology/Final_Analytical_Release_Finalizer_Tests_FROZEN.json,frozen_methodology_or_handoff,outputs/florida_ed_concordance_analysis_20260726/documentation/Final_Analytical_Release_Finalizer_Tests_FROZEN.json,780a0ae04c4281065c90c2c8a65bd860bbdec9bfc65062e5dc227c00ec37aeb2,private absolute paths replaced; no unpublished estimate file copied
docs/frozen_methodology/Historical_2005_2008_Comparability_Matrix.csv,frozen_methodology_or_handoff,outputs/florida_ed_concordance_analysis_20260726/documentation/Historical_2005_2008_Comparability_Matrix.csv,af44c5b2beef4c71f9e49abe0c1049ebf09be2d28ba54d7fc1bcbb77964ef55c,private absolute paths replaced; no unpublished estimate file copied
docs/frozen_methodology/Historical_2005_2008_Comparability_Matrix.json,frozen_methodology_or_handoff,outputs/florida_ed_concordance_analysis_20260726/documentation/Historical_2005_2008_Comparability_Matrix.json,b6c7de17cd18ba41851b4ceefc12858889ff8f05ebea17fe94cffcbdd8ca109a,private absolute paths replaced; no unpublished estimate file copied
docs/frozen_methodology/Historical_2005_2008_Comparability_and_Reconciliation.md,frozen_methodology_or_handoff,outputs/florida_ed_concordance_analysis_20260726/documentation/Historical_2005_2008_Comparability_and_Reconciliation.md,e233877ed9ff53a17be02176f50924d32d6a3f24ffbba2f49c7289a227d7b194,private absolute paths replaced; no unpublished estimate file copied
docs/frozen_methodology/Historical_2005_2008_README.md,frozen_methodology_or_handoff,outputs/florida_ed_concordance_analysis_20260726/documentation/Historical_2005_2008_README.md,33f694857a98c4315a09d6b9e37f0ed8dec398b1f51fa6c085e3263392b640f0,private absolute paths replaced; no unpublished estimate file copied
docs/frozen_methodology/Historical_AMI_Greenwood_Extension.md,frozen_methodology_or_handoff,outputs/florida_ed_concordance_analysis_20260726/documentation/Historical_AMI_Greenwood_Extension.md,f5623055b961bcc5a993d592dcfff1f842adf35626f2bebb4c2d130520911709,private absolute paths replaced; no unpublished estimate file copied
docs/frozen_methodology/Historical_Provider_V2_Variable_Dictionary.csv,frozen_methodology_or_handoff,outputs/florida_ed_concordance_analysis_20260726/documentation/Historical_Provider_V2_Variable_Dictionary.csv,2d2c0697297fdeacb97b62b7f6389c78b2c38e2772bee1038d24b9e1530362f2,private absolute paths replaced; no unpublished estimate file copied
docs/frozen_methodology/Historical_Race_Concordance_Sensitivity.md,frozen_methodology_or_handoff,outputs/florida_ed_concordance_analysis_20260726/documentation/Historical_Race_Concordance_Sensitivity.md,477f4b3a6e8bb4c2b9854ccb608c3a44be79984069276277e6b3e91b59a07665,private absolute paths replaced; no unpublished estimate file copied
docs/frozen_methodology/Historical_Sex_Gender_Sensitivity.md,frozen_methodology_or_handoff,outputs/florida_ed_concordance_analysis_20260726/documentation/Historical_Sex_Gender_Sensitivity.md,b4479e31f6f1a92b20e3392a4e709f4fddc961f54f77c16bd0b1d402bd56329c,private absolute paths replaced; no unpublished estimate file copied
docs/frozen_methodology/Independent_Global_Multiplicity_Audit_Code_FROZEN.json,frozen_methodology_or_handoff,outputs/florida_ed_concordance_analysis_20260726/documentation/Independent_Global_Multiplicity_Audit_Code_FROZEN.json,c25db783665d2ea8d3121be222f412be01f8264c96f8207bbf0a26eabccb494e,private absolute paths replaced; no unpublished estimate file copied
docs/frozen_methodology/Independent_Historical_Results_Audit.md,frozen_methodology_or_handoff,outputs/florida_ed_concordance_analysis_20260726/documentation/Independent_Historical_Results_Audit.md,fab9362402aaba62f4513fcc31a6a3e0b4b26fd55811e7fb55a297ece26e6aec,private absolute paths replaced; no unpublished estimate file copied
docs/frozen_methodology/Independent_Phase1_Immutability_Audit_Code_FROZEN.json,frozen_methodology_or_handoff,outputs/florida_ed_concordance_analysis_20260726/documentation/Independent_Phase1_Immutability_Audit_Code_FROZEN.json,72443fe5d3b59dff4c1d6a51bb74fa75c86591b90beab78e36efc022d82a1681,private absolute paths replaced; no unpublished estimate file copied
docs/frozen_methodology/LIVE_PHASE2_EXECUTION_CHECKPOINT.md,frozen_methodology_or_handoff,outputs/florida_ed_concordance_analysis_20260726/documentation/LIVE_PHASE2_EXECUTION_CHECKPOINT.md,c55cd5241c1064f2510122dbde2d9fc260bef77b2606127e57cfaa73c5c04939,private absolute paths replaced; no unpublished estimate file copied
docs/frozen_methodology/PAUSE_AND_RESUME_HANDOFF_20260728T010653Z.md,frozen_methodology_or_handoff,outputs/florida_ed_concordance_analysis_20260726/documentation/PAUSE_AND_RESUME_HANDOFF_20260728T010653Z.md,ec98be32efa87f2dd70f86ddb3f2fc054cda423418ec0b940f24cbb8af16d33a,private absolute paths replaced; no unpublished estimate file copied
docs/frozen_methodology/Pre_Estimation_Provider_Measurement_Gate.md,frozen_methodology_or_handoff,outputs/florida_ed_concordance_analysis_20260726/documentation/Pre_Estimation_Provider_Measurement_Gate.md,e9e459b36225935d9e65cbfb3ebba678df0ac55ae3dac2463d20907282253e44,private absolute paths replaced; no unpublished estimate file copied
docs/frozen_methodology/Primary_Model_Implementation_Specification.md,frozen_methodology_or_handoff,outputs/florida_ed_concordance_analysis_20260726/documentation/Primary_Model_Implementation_Specification.md,71818df4df566f4bbcde286a0c4e563e58afb3376a6f211eecfc5f2be79be391,private absolute paths replaced; no unpublished estimate file copied
docs/frozen_methodology/Project_Development_History_Source_Index.md,frozen_methodology_or_handoff,outputs/florida_ed_concordance_analysis_20260726/documentation/Project_Development_History_Source_Index.md,38cc3ce4771535f13319e88798675dbc2a96a3647c26112eaad8ad606aeb6c51,private absolute paths replaced; no unpublished estimate file copied
docs/frozen_methodology/Provider_Measurement_V2_SAP_Addendum.md,frozen_methodology_or_handoff,outputs/florida_ed_concordance_analysis_20260726/documentation/Provider_Measurement_V2_SAP_Addendum.md,5080a370b6642978bbe5b99f218a0b1e00fe9a2ed829909736c27d65146a2755,private absolute paths replaced; no unpublished estimate file copied
docs/frozen_methodology/RESUME_HERE.md,frozen_methodology_or_handoff,outputs/florida_ed_concordance_analysis_20260726/documentation/RESUME_HERE.md,0456ecf4decfaf2fe587494e16702337514a292fadc95f450a2a33e900a322e8,private absolute paths replaced; no unpublished estimate file copied
docs/frozen_methodology/RESUME_PROMPT_FLORIDA_ED_PHASE2.txt,frozen_methodology_or_handoff,outputs/florida_ed_concordance_analysis_20260726/documentation/RESUME_PROMPT_FLORIDA_ED_PHASE2.txt,f350e174fe33718a392ea4ad9e3971cdcc2c42c00daa1a52cde5911a60303644,private absolute paths replaced; no unpublished estimate file copied
docs/frozen_methodology/SAP_deviation_log.csv,frozen_methodology_or_handoff,outputs/florida_ed_concordance_analysis_20260726/documentation/SAP_deviation_log.csv,14faa984c9256121da0bed11e204a20898fdbe675a4c8239154be1f9639f701a,private absolute paths replaced; no unpublished estimate file copied
docs/frozen_methodology/Statistical_Analysis_Plan.md,frozen_methodology_or_handoff,outputs/florida_ed_concordance_analysis_20260726/documentation/Statistical_Analysis_Plan.md,91e0aae566e77bb33a30658f6377cf02c3d82690cc95ae734c193b7d9b9d584e,private absolute paths replaced; no unpublished estimate file copied
docs/frozen_methodology/USER_AUTHORIZED_HANDOFF_PAUSE_20260809T211227Z.md,frozen_methodology_or_handoff,outputs/florida_ed_concordance_analysis_20260726/documentation/USER_AUTHORIZED_HANDOFF_PAUSE_20260809T211227Z.md,0690c2b4107902f19308f8b9b4f45c990c5e43fa4a1d4de50dd16c24377290da,private absolute paths replaced; no unpublished estimate file copied
docs/frozen_methodology/concordance_variable_dictionary_manifest.json,frozen_methodology_or_handoff,outputs/florida_ed_concordance_analysis_20260726/documentation/concordance_variable_dictionary_manifest.json,0c7b0b346ec95fadb0801b0a93813acacfc3abebab9607af8b55505f2e850b68,private absolute paths replaced; no unpublished estimate file copied
docs/prototype_to_production.md,existing_sanitized_portfolio_worktree,Florida_ED_Public_Portfolio/docs/prototype_to_production.md,8e3be0de415cff1997ff1e712a54a05786204f75aaafefeb730e5b34ce4cf1c2,copied from the prior sanitized portfolio working tree during isolated staging; no restricted data or unpublished estimates copied
docs/validation_summary.md,existing_sanitized_portfolio_worktree,Florida_ED_Public_Portfolio/docs/validation_summary.md,4aa5c6c410b6f9d5da85b4605c7d8441bc9c4044e27b04bd0783601bbd08b52c,copied from the prior sanitized portfolio working tree during isolated staging; no restricted data or unpublished estimates copied
evidence/current_project_status.json,existing_sanitized_portfolio_worktree,Florida_ED_Public_Portfolio/evidence/current_project_status.json,c4808f929d7eca3719c7f29315c295525d22291b3fcb3550dc5891d682006126,copied from the prior sanitized portfolio working tree during isolated staging; no restricted data or unpublished estimates copied
evidence/historical_validation_summary.json,existing_sanitized_portfolio_worktree,Florida_ED_Public_Portfolio/evidence/historical_validation_summary.json,997c20a28713018b085f8788272c343b4d9cbab7f40eb874770bbcd7d563b168,copied from the prior sanitized portfolio working tree during isolated staging; no restricted data or unpublished estimates copied
evidence/phase1_build_summary.json,existing_sanitized_portfolio_worktree,Florida_ED_Public_Portfolio/evidence/phase1_build_summary.json,84b28b84b7312e2858306eb11c540ccea6d6c59f3904c00c650b0b285e731576,copied from the prior sanitized portfolio working tree during isolated staging; no restricted data or unpublished estimates copied
evidence/phase1_validation_summary.json,existing_sanitized_portfolio_worktree,Florida_ED_Public_Portfolio/evidence/phase1_validation_summary.json,cedc2a346e974a6437651a251ca16418f0b415df3b42fde0b25b81ef51b4ffaa,copied from the prior sanitized portfolio working tree during isolated staging; no restricted data or unpublished estimates copied
evidence/phase2_cohort_summary.json,existing_sanitized_portfolio_worktree,Florida_ED_Public_Portfolio/evidence/phase2_cohort_summary.json,dc9b7e2aa3d9eca598e2234e59ba2e06d7c1d751ee3adde4750412c74b0a502d,copied from the prior sanitized portfolio working tree during isolated staging; no restricted data or unpublished estimates copied
evidence/provider_v2_summary.json,existing_sanitized_portfolio_worktree,Florida_ED_Public_Portfolio/evidence/provider_v2_summary.json,148ef0a0bd9a063c047b1705fdc527d30698a68a5ef668c2bb4c79e7316e3990,copied from the prior sanitized portfolio working tree during isolated staging; no restricted data or unpublished estimates copied
requirements.txt,existing_sanitized_portfolio_worktree,Florida_ED_Public_Portfolio/requirements.txt,b36248e0e0aa53fd3a5656038671488996ababad341c7c31181b9060be08ef1f,copied from the prior sanitized portfolio working tree during isolated staging; no restricted data or unpublished estimates copied
scripts/build_sanitized_evidence.py,existing_sanitized_portfolio_worktree,Florida_ED_Public_Portfolio/scripts/build_sanitized_evidence.py,10047485dc15f0f1156704c27406f5810352d74a095c7df9cdce31d8eaa3a02b,copied from the prior sanitized portfolio working tree during isolated staging; no restricted data or unpublished estimates copied
scripts/validate_public_repository.py,existing_sanitized_portfolio_worktree,Florida_ED_Public_Portfolio/scripts/validate_public_repository.py,17886097787572bbf56d205de17a35f851f05946dd33ab07c19c456ec8b4e0c8,copied from the prior sanitized portfolio working tree during isolated staging; no restricted data or unpublished estimates copied
src/phase1/build_ed_partitions.py,existing_sanitized_portfolio_worktree,Florida_ED_Public_Portfolio/src/phase1/build_ed_partitions.py,ed4c63277ebe35ac262ef3990cafbfa0a6df6b15ea0ed1ead989b010afefff56,copied from the prior sanitized portfolio working tree during isolated staging; no restricted data or unpublished estimates copied
src/phase1/build_physician_master.py,existing_sanitized_portfolio_worktree,Florida_ED_Public_Portfolio/src/phase1/build_physician_master.py,ebe397802784820c4f0f98dd064aa2812ae3db152aa1c9a94dfa1fdd9c6054fa,copied from the prior sanitized portfolio working tree during isolated staging; no restricted data or unpublished estimates copied
src/phase1/finalize_facility_summaries_qa.py,existing_sanitized_portfolio_worktree,Florida_ED_Public_Portfolio/src/phase1/finalize_facility_summaries_qa.py,1a76fe1f9da09616885a206cafdd223530c0f9c2b75e92be0cfeb7ee1d4cabe9,copied from the prior sanitized portfolio working tree during isolated staging; no restricted data or unpublished estimates copied
src/phase1/prepare_full_build.py,existing_sanitized_portfolio_worktree,Florida_ED_Public_Portfolio/src/phase1/prepare_full_build.py,ec119471b8a4fe3daaed77e3fc634e4657779d773e045110d11951c6d79901eb,copied from the prior sanitized portfolio working tree during isolated staging; no restricted data or unpublished estimates copied
src/phase1/validate_final_release.py,existing_sanitized_portfolio_worktree,Florida_ED_Public_Portfolio/src/phase1/validate_final_release.py,ef02f2e3dfdd670792d9ecb86a23c540e20506b0fee288961e89c96aa839dcba,copied from the prior sanitized portfolio working tree during isolated staging; no restricted data or unpublished estimates copied
src/phase2/04a_build_provider_master_v2.py,existing_sanitized_portfolio_worktree,Florida_ED_Public_Portfolio/src/phase2/04a_build_provider_master_v2.py,4a0eb9a4fd086520fb1311c468ef515bffcb251c9d76e306be972ad08743f0cc,copied from the prior sanitized portfolio working tree during isolated staging; no restricted data or unpublished estimates copied
src/phase2/04c_validate_provider_race_v2.py,existing_sanitized_portfolio_worktree,Florida_ED_Public_Portfolio/src/phase2/04c_validate_provider_race_v2.py,a85ab610d0950af8d99d54f0867d9a76be3ba1ec87392e9f8d373c73d7d0c320,copied from the prior sanitized portfolio working tree during isolated staging; no restricted data or unpublished estimates copied
src/phase2/05_validate_analysis_cohort.py,existing_sanitized_portfolio_worktree,Florida_ED_Public_Portfolio/src/phase2/05_validate_analysis_cohort.py,21c869139726191522e8854b5a0b98a369c61f7516bea136d45cc29032d77720,copied from the prior sanitized portfolio working tree during isolated staging; no restricted data or unpublished estimates copied
src/phase2/07_prepare_primary_model_matrix.py,existing_sanitized_portfolio_worktree,Florida_ED_Public_Portfolio/src/phase2/07_prepare_primary_model_matrix.py,d195c01dc178390084b410f3ffe24d21d0c3c49dd8ab7912b2bc8dcb681989e9,copied from the prior sanitized portfolio working tree during isolated staging; no restricted data or unpublished estimates copied
src/phase2/08_estimate_primary_models.py,existing_sanitized_portfolio_worktree,Florida_ED_Public_Portfolio/src/phase2/08_estimate_primary_models.py,52128af0e0decfb91641910a761027727603234d3553e524bfd1bc06d16f9eb9,copied from the prior sanitized portfolio working tree during isolated staging; no restricted data or unpublished estimates copied
src/phase2/09_validate_hdfe_engine.py,existing_sanitized_portfolio_worktree,Florida_ED_Public_Portfolio/src/phase2/09_validate_hdfe_engine.py,24e056f45f2c3e4091ed8fe0a5dc3ce866aeeb1d63247e6ce79780c971417e3c,copied from the prior sanitized portfolio working tree during isolated staging; no restricted data or unpublished estimates copied
src/phase2/13_build_historical_sensitivity_cohort.py,existing_sanitized_portfolio_worktree,Florida_ED_Public_Portfolio/src/phase2/13_build_historical_sensitivity_cohort.py,6b82f6f79e4225cd8b44c89980f3e43a5efb95925650a1745790914000a622aa,copied from the prior sanitized portfolio working tree during isolated staging; no restricted data or unpublished estimates copied
src/phase2/15_linkage_selection_audit.py,existing_sanitized_portfolio_worktree,Florida_ED_Public_Portfolio/src/phase2/15_linkage_selection_audit.py,898dbc38bb7dbc940003996aa493c46e1e1c1d71f40142d72af0bcf04978f4fa,copied from the prior sanitized portfolio working tree during isolated staging; no restricted data or unpublished estimates copied
src/phase2/16_apply_multiple_testing.py,existing_sanitized_portfolio_worktree,Florida_ED_Public_Portfolio/src/phase2/16_apply_multiple_testing.py,a80868e4ce04e54385c5987bff31ee4aad336dd7e88f63e4412459a382fb8f03,copied from the prior sanitized portfolio working tree during isolated staging; no restricted data or unpublished estimates copied
src/phase2/38b_directional_model_definition_tests.py,existing_sanitized_portfolio_worktree,Florida_ED_Public_Portfolio/src/phase2/38b_directional_model_definition_tests.py,1066dce548d416d92579be03648cf6b4c621259424bdb766b483ba5ee6faf1e6,copied from the prior sanitized portfolio working tree during isolated staging; no restricted data or unpublished estimates copied
src/phase2_full/00_release_audit.py,phase2_production_source,outputs/florida_ed_concordance_analysis_20260726/scripts/00_release_audit.py,f26fc962b24680b214bc256ceb9b74a9a60254012de1ab4e24c444d0090b8202,sanitization header added; workstation-only runtime paths parameterized where present
src/phase2_full/01_fetch_external_sources.py,phase2_production_source,outputs/florida_ed_concordance_analysis_20260726/scripts/01_fetch_external_sources.py,1f9b9e4a3ef51abca3bdb082fd4b0efd7bec8509437479113775588b99302db6,sanitization header added; workstation-only runtime paths parameterized where present
src/phase2_full/02_measurement_feasibility.py,phase2_production_source,outputs/florida_ed_concordance_analysis_20260726/scripts/02_measurement_feasibility.py,75cd6d6b02e20344d3f93b4eabeacc31bf4d5147598f6a92ed9fffca4f114019,sanitization header added; workstation-only runtime paths parameterized where present
src/phase2_full/03_unit_tests.py,phase2_production_source,outputs/florida_ed_concordance_analysis_20260726/scripts/03_unit_tests.py,1feebe0f7df58ce42bcc00ae83b4c695e6227fcae9ea3aa394e91552bc297b7f,sanitization header added; workstation-only runtime paths parameterized where present
src/phase2_full/03b_outcome_specific_policy_tests.py,phase2_production_source,outputs/florida_ed_concordance_analysis_20260726/scripts/03b_outcome_specific_policy_tests.py,9778b1bcacfa6a9ffd50a552f39450ca7be1bbc5eef3b9424268067a6f8f1f25,sanitization header added; workstation-only runtime paths parameterized where present
src/phase2_full/03c_gate_binding_unit_tests.py,phase2_production_source,outputs/florida_ed_concordance_analysis_20260726/scripts/03c_gate_binding_unit_tests.py,0881f35ec9c12a34628c7a475d7ecc605f87cb352b5935c8840edeb914e360fe,sanitization header added; workstation-only runtime paths parameterized where present
src/phase2_full/03d_storage_safe_checkpoint_unit_tests.py,phase2_production_source,outputs/florida_ed_concordance_analysis_20260726/scripts/03d_storage_safe_checkpoint_unit_tests.py,9507c115841da9995554b041812f6fc378f1d961747524f8f41892f5c6632e5c,sanitization header added; workstation-only runtime paths parameterized where present
src/phase2_full/03e_inference_engine_unit_tests.py,phase2_production_source,outputs/florida_ed_concordance_analysis_20260726/scripts/03e_inference_engine_unit_tests.py,9487624d486a2d21b52792eea410713434e5aa011c704acd248172f4672eab2c,sanitization header added; workstation-only runtime paths parameterized where present
src/phase2_full/03f_demeaning_fallback_unit_tests.py,phase2_production_source,outputs/florida_ed_concordance_analysis_20260726/scripts/03f_demeaning_fallback_unit_tests.py,4358ff98840ea2b9fc75d44415d6b98cec5ff4c955cc414510fe11ee77f14656,sanitization header added; workstation-only runtime paths parameterized where present
src/phase2_full/03g_seed_common_primary_race_m2_retry_checkpoint.py,phase2_production_source,outputs/florida_ed_concordance_analysis_20260726/scripts/03g_seed_common_primary_race_m2_retry_checkpoint.py,8d54a7928967a3e31153655fd09fbcd2aace3e8b44765341c7f16f28f75c550c,sanitization header added; workstation-only runtime paths parameterized where present
src/phase2_full/03h_demeaning_policy_audit_unit_tests.py,phase2_production_source,outputs/florida_ed_concordance_analysis_20260726/scripts/03h_demeaning_policy_audit_unit_tests.py,4ff27ae50c7a4b04f98d8902fdc95b8c028a67285d8caf32ddf8c41b047d41d3,sanitization header added; workstation-only runtime paths parameterized where present
src/phase2_full/04_build_analysis_cohort.py,phase2_production_source,outputs/florida_ed_concordance_analysis_20260726/scripts/04_build_analysis_cohort.py,1e44806ba93b21c7337d8a39fbd28da0bc99b212686f4ce3d1504d54b9fb1e80,sanitization header added; workstation-only runtime paths parameterized where present
src/phase2_full/04a_build_provider_master_v2.py,phase2_production_source,outputs/florida_ed_concordance_analysis_20260726/scripts/04a_build_provider_master_v2.py,c4c0493bef59704e012f0bf335c4ea50290eee53bac13906f8f08f50b86ffd7a,sanitization header added; workstation-only runtime paths parameterized where present
src/phase2_full/04aa_finalize_provider_source_hashes.py,phase2_production_source,outputs/florida_ed_concordance_analysis_20260726/scripts/04aa_finalize_provider_source_hashes.py,6a36ac0c42b1507aeb0de682019f7a740920d7485de4517b7c111bf8d6149a1b,sanitization header added; workstation-only runtime paths parameterized where present
src/phase2_full/04b_build_physician_race_proxy_v2.py,phase2_production_source,outputs/florida_ed_concordance_analysis_20260726/scripts/04b_build_physician_race_proxy_v2.py,bd0cce2432991aaed907de0fab9bd6fb3ed15013d365e2efbf4e353f4ba5476e,sanitization header added; workstation-only runtime paths parameterized where present
src/phase2_full/04c_validate_provider_race_v2.py,phase2_production_source,outputs/florida_ed_concordance_analysis_20260726/scripts/04c_validate_provider_race_v2.py,a62e32018b09157c0bd08c5aa709966d0287555bb084326c32da091181236d73,sanitization header added; workstation-only runtime paths parameterized where present
src/phase2_full/05_validate_analysis_cohort.py,phase2_production_source,outputs/florida_ed_concordance_analysis_20260726/scripts/05_validate_analysis_cohort.py,4b188ed902d8bafa246911497a3a4c23ffcbb85c8efb7050e8f088f4afdacdee,sanitization header added; workstation-only runtime paths parameterized where present
src/phase2_full/06_descriptive_analysis.py,phase2_production_source,outputs/florida_ed_concordance_analysis_20260726/scripts/06_descriptive_analysis.py,dfbb23cadfd45eea46c8ea14d03a98cdb601480ab129b942eacd4edf1197623a,sanitization header added; workstation-only runtime paths parameterized where present
src/phase2_full/07_prepare_primary_model_matrix.py,phase2_production_source,outputs/florida_ed_concordance_analysis_20260726/scripts/07_prepare_primary_model_matrix.py,62ae3417c3685c9f81da754caa5ac1a74c1ad3fb0b8d14c9bcd3cd3e76a01471,sanitization header added; workstation-only runtime paths parameterized where present
src/phase2_full/08_estimate_primary_models.py,phase2_production_source,outputs/florida_ed_concordance_analysis_20260726/scripts/08_estimate_primary_models.py,fe6a21ca466dd58919b9e13e6b3ec511dbaf175fbf54f29d5ae38bbb3e6bc8c9,sanitization header added; workstation-only runtime paths parameterized where present
src/phase2_full/09_validate_hdfe_engine.py,phase2_production_source,outputs/florida_ed_concordance_analysis_20260726/scripts/09_validate_hdfe_engine.py,deb279ecfb4a027a5b1bd44741168d071794d7892d168aae911518a5edecf8ab,sanitization header added; workstation-only runtime paths parameterized where present
src/phase2_full/10_ami_validation_and_analysis.py,phase2_production_source,outputs/florida_ed_concordance_analysis_20260726/scripts/10_ami_validation_and_analysis.py,c30dea6b59918c988c86d4a5e420ff32d5edc055b13f4f98411307f9433a1a1e,sanitization header added; workstation-only runtime paths parameterized where present
src/phase2_full/10b_historical_ami_greenwood_analysis.py,phase2_production_source,outputs/florida_ed_concordance_analysis_20260726/scripts/10b_historical_ami_greenwood_analysis.py,7fd9b19c9236a2394731d28f4da40e5ed44c784d8d345c3d916500b0326a204b,sanitization header added; workstation-only runtime paths parameterized where present
src/phase2_full/11_build_clinical_classification_review.py,phase2_production_source,outputs/florida_ed_concordance_analysis_20260726/scripts/11_build_clinical_classification_review.py,1ed1b6801d12394900c9755dbb786b9d992ff5785d709c8919a1674618805aef,sanitization header added; workstation-only runtime paths parameterized where present
src/phase2_full/12_build_concordance_variable_dictionary.py,phase2_production_source,outputs/florida_ed_concordance_analysis_20260726/scripts/12_build_concordance_variable_dictionary.py,aeb91a394006fa6c3395587bab0ed3873d7dfb2310c8a33cded3d4851d89bb1e,sanitization header added; workstation-only runtime paths parameterized where present
src/phase2_full/13_build_historical_sensitivity_cohort.py,phase2_production_source,outputs/florida_ed_concordance_analysis_20260726/scripts/13_build_historical_sensitivity_cohort.py,db625a561fa4fc915a2550923bd7e46dc9f209431a96b38798f334488548467e,sanitization header added; workstation-only runtime paths parameterized where present
src/phase2_full/13b_validate_historical_provider_v2.py,phase2_production_source,outputs/florida_ed_concordance_analysis_20260726/scripts/13b_validate_historical_provider_v2.py,6d8d9726c19c258602349974c18d2cb166bc75737d1cf8f063c7633810663c9b,sanitization header added; workstation-only runtime paths parameterized where present
src/phase2_full/15_linkage_selection_audit.py,phase2_production_source,outputs/florida_ed_concordance_analysis_20260726/scripts/15_linkage_selection_audit.py,573b6b9e4fcb4492708cc90ee1c1cdf8341a5b00a67527bc7086baf19102b5a1,sanitization header added; workstation-only runtime paths parameterized where present
src/phase2_full/16_apply_multiple_testing.py,phase2_production_source,outputs/florida_ed_concordance_analysis_20260726/scripts/16_apply_multiple_testing.py,870e1b056d66ecbb032815d6fa3e2c00e4c07ab588ee537d85c639a8cfb76da7,sanitization header added; workstation-only runtime paths parameterized where present
src/phase2_full/17_historical_sensitivity_analysis.py,phase2_production_source,outputs/florida_ed_concordance_analysis_20260726/scripts/17_historical_sensitivity_analysis.py,23ba42db5e9965a5c0587d3c42e134cadd13d7ed7729e590df007fafe877d6e1,sanitization header added; workstation-only runtime paths parameterized where present
src/phase2_full/17b_historical_sex_gender_sensitivity.py,phase2_production_source,outputs/florida_ed_concordance_analysis_20260726/scripts/17b_historical_sex_gender_sensitivity.py,61f23adc23d29eb9e33423f5919bc378defa6e439a0cfe25b7d069590611497d,sanitization header added; workstation-only runtime paths parameterized where present
src/phase2_full/18_race_threshold_probability_sensitivities.py,phase2_production_source,outputs/florida_ed_concordance_analysis_20260726/scripts/18_race_threshold_probability_sensitivities.py,a406f7e92c37ab64294e7cde5bdb21c2927e1de61f66df60be012951cf63dbd0,sanitization header added; workstation-only runtime paths parameterized where present
src/phase2_full/19_heterogeneity_models.py,phase2_production_source,outputs/florida_ed_concordance_analysis_20260726/scripts/19_heterogeneity_models.py,be200fbd164bbe3f6dfab2fd400e1d11fbf5a5c0b5266cc77ecfecd340e6a35b,sanitization header added; workstation-only runtime paths parameterized where present
src/phase2_full/19b_payer_category_heterogeneity.py,phase2_production_source,outputs/florida_ed_concordance_analysis_20260726/scripts/19b_payer_category_heterogeneity.py,710cd72a2435497c568d838c41553fee5e98668c9e3911fdd8357538e3372c0a,sanitization header added; workstation-only runtime paths parameterized where present
src/phase2_full/19c_classified_subjectivity_sensitivity.py,phase2_production_source,outputs/florida_ed_concordance_analysis_20260726/scripts/19c_classified_subjectivity_sensitivity.py,cb149c5501a067ff2bb64f7c51caea4912ee3e72282e451078c1158e0d630b54,sanitization header added; workstation-only runtime paths parameterized where present
src/phase2_full/20_additional_cohort_sensitivities.py,phase2_production_source,outputs/florida_ed_concordance_analysis_20260726/scripts/20_additional_cohort_sensitivities.py,b1ead1161ba46da9205697c3458eadacf1b72eb2885394f48f4f9e30269f5454,sanitization header added; workstation-only runtime paths parameterized where present
src/phase2_full/21_intersectional_analysis.py,phase2_production_source,outputs/florida_ed_concordance_analysis_20260726/scripts/21_intersectional_analysis.py,8b847a410a5f395aefc75c192c85a391b5230ba73708a697e42db30ac270d797,sanitization header added; workstation-only runtime paths parameterized where present
src/phase2_full/22_capture_environment.py,phase2_production_source,outputs/florida_ed_concordance_analysis_20260726/scripts/22_capture_environment.py,16bed5798ccf790ccc5f66d0bc64c73766a2eae9ce4db68c134bc42ce5ce252b,sanitization header added; workstation-only runtime paths parameterized where present
src/phase2_full/23_race_proxy_multiple_imputation.py,phase2_production_source,outputs/florida_ed_concordance_analysis_20260726/scripts/23_race_proxy_multiple_imputation.py,a4f29ae7cccd4374e81db47611956ab4dfd57489de4e6ede4472fd47e2f40639,sanitization header added; workstation-only runtime paths parameterized where present
src/phase2_full/24_negative_control_analysis.py,phase2_production_source,outputs/florida_ed_concordance_analysis_20260726/scripts/24_negative_control_analysis.py,3d755886582fba3b9ccd48f4c3dd1d0e456bfa9f026969e9eba42de3bf82ffb4,sanitization header added; workstation-only runtime paths parameterized where present
src/phase2_full/25_outcome_appropriate_glm_sensitivities.py,phase2_production_source,outputs/florida_ed_concordance_analysis_20260726/scripts/25_outcome_appropriate_glm_sensitivities.py,a48c83d1259e817eca47d57d7927ae244e0299304036f24e7b7cc617d216ba7f,sanitization header added; workstation-only runtime paths parameterized where present
src/phase2_full/26_leave_one_year_out_primary_models.py,phase2_production_source,outputs/florida_ed_concordance_analysis_20260726/scripts/26_leave_one_year_out_primary_models.py,02d8066cb6dbaec6b82cc5d2b399877bde59480247c513794274c5bb5e6f7e33,sanitization header added; workstation-only runtime paths parameterized where present
src/phase2_full/27_exact_subset_sensitivities.py,phase2_production_source,outputs/florida_ed_concordance_analysis_20260726/scripts/27_exact_subset_sensitivities.py,4f4ebbb79a1c1113222b49474d5fbdf2bced041ad5a0f6c9035ddb845a7bc204,sanitization header added; workstation-only runtime paths parameterized where present
src/phase2_full/28_influential_facility_exact_refits.py,phase2_production_source,outputs/florida_ed_concordance_analysis_20260726/scripts/28_influential_facility_exact_refits.py,084bdd0ef0d17896b0d45c40fdd78d95ef86e8e3a3c20d96dd1bfea5655c89c1,sanitization header added; workstation-only runtime paths parameterized where present
src/phase2_full/30_independent_primary_results_audit.py,phase2_production_source,outputs/florida_ed_concordance_analysis_20260726/scripts/30_independent_primary_results_audit.py,ffc128a24419fac11a0b3878da0c9bb2cf9a0d011377bb1d45afc579f02497e7,sanitization header added; workstation-only runtime paths parameterized where present
src/phase2_full/30b_independent_outcome_specific_results_audit.py,phase2_production_source,outputs/florida_ed_concordance_analysis_20260726/scripts/30b_independent_outcome_specific_results_audit.py,5e59933846e115a327ec99b6250cf943655fc7016af49347551c20175539661e,sanitization header added; workstation-only runtime paths parameterized where present
src/phase2_full/30c_independent_cohort_definition_results_audit.py,phase2_production_source,outputs/florida_ed_concordance_analysis_20260726/scripts/30c_independent_cohort_definition_results_audit.py,57c439372e870727d68ca8d62802995d0b770b39c4d7dfd4b2960f7ee8cd6748,sanitization header added; workstation-only runtime paths parameterized where present
src/phase2_full/30d_independent_payer_heterogeneity_audit.py,phase2_production_source,outputs/florida_ed_concordance_analysis_20260726/scripts/30d_independent_payer_heterogeneity_audit.py,620ddc6516a96ab5240d131d08f3016d7c40197c1acd7eca81551844954308de,sanitization header added; workstation-only runtime paths parameterized where present
src/phase2_full/30e_checkpoint_primary_matrix_audit.py,phase2_production_source,outputs/florida_ed_concordance_analysis_20260726/scripts/30e_checkpoint_primary_matrix_audit.py,edc4171cc2dd55ba554013666933f8b300f433bba517b2a2105adae674d1113b,sanitization header added; workstation-only runtime paths parameterized where present
src/phase2_full/30f_aggregate_model_audit_checkpoints.py,phase2_production_source,outputs/florida_ed_concordance_analysis_20260726/scripts/30f_aggregate_model_audit_checkpoints.py,4535c941db9156447a2af3ff50c6f4e937655220caeea5354560a628081dd62a,sanitization header added; workstation-only runtime paths parameterized where present
src/phase2_full/31_independent_historical_results_audit.py,phase2_production_source,outputs/florida_ed_concordance_analysis_20260726/scripts/31_independent_historical_results_audit.py,304dc8c92caf2089ae87c56b96d5dcf78d2e157e3a6d227993071a424b1681ea,sanitization header added; workstation-only runtime paths parameterized where present
src/phase2_full/32_compact_validated_model_intermediates.py,phase2_production_source,outputs/florida_ed_concordance_analysis_20260726/scripts/32_compact_validated_model_intermediates.py,2fc99b3e3b044af1c75e3872f3d88d579c93c672c53e442d6f1130a7cf43a71b,sanitization header added; workstation-only runtime paths parameterized where present
src/phase2_full/33_audit_common_postmodels.py,phase2_production_source,outputs/florida_ed_concordance_analysis_20260726/scripts/33_audit_common_postmodels.py,3a405507cd518021db1421cbf02a40e378d91ab34f250af3d900374fbacacab2,sanitization header added; workstation-only runtime paths parameterized where present
src/phase2_full/34_freeze_directional_dyad_extension.py,phase2_production_source,outputs/florida_ed_concordance_analysis_20260726/scripts/34_freeze_directional_dyad_extension.py,1098d5897598904a25d68398765fe233e2adffe7eea1f6cbe50230be799cec1a,sanitization header added; workstation-only runtime paths parameterized where present
src/phase2_full/34b_directional_dyad_definition_tests.py,phase2_production_source,outputs/florida_ed_concordance_analysis_20260726/scripts/34b_directional_dyad_definition_tests.py,7967a5d344afd6ff8057cb1d7680c89f4c5b04c711ea463727591b95bf6fdd9a,sanitization header added; workstation-only runtime paths parameterized where present
src/phase2_full/35_build_directional_dyad_base.py,phase2_production_source,outputs/florida_ed_concordance_analysis_20260726/scripts/35_build_directional_dyad_base.py,5d81768d53e34e72ce521b1e4e3b5c179aef0f525b8382b83fa782e94a288b60,sanitization header added; workstation-only runtime paths parameterized where present
src/phase2_full/35b_independent_directional_dyad_base_audit.py,phase2_production_source,outputs/florida_ed_concordance_analysis_20260726/scripts/35b_independent_directional_dyad_base_audit.py,ab84091268d62d5095c53858340385f9de06531eabc90d61247615c8ab831ef3,sanitization header added; workstation-only runtime paths parameterized where present
src/phase2_full/36_initialize_report_production_framework.py,phase2_production_source,outputs/florida_ed_concordance_analysis_20260726/scripts/36_initialize_report_production_framework.py,4195ed2409d80267c1d00a61897b80b70e278ec6a4d1fb5ae65447e5214ef582,sanitization header added; workstation-only runtime paths parameterized where present
src/phase2_full/36b_audit_project_development_history.py,phase2_production_source,outputs/florida_ed_concordance_analysis_20260726/scripts/36b_audit_project_development_history.py,390833e7f074024bc2ede8622b9e113981c9d16ca34d0e4abe91f2c806d097ba,sanitization header added; workstation-only runtime paths parameterized where present
src/phase2_full/37_build_directional_cell_support.py,phase2_production_source,outputs/florida_ed_concordance_analysis_20260726/scripts/37_build_directional_cell_support.py,75745fbbadbc2d61e5f16b8b032a44601af38c10e4f439b34f3ab3f251c487da,sanitization header added; workstation-only runtime paths parameterized where present
src/phase2_full/37b_independent_directional_cell_support_audit.py,phase2_production_source,outputs/florida_ed_concordance_analysis_20260726/scripts/37b_independent_directional_cell_support_audit.py,4b93faf86fe08a365178bffd84c28628e63e44658ad35d54512b7dac8d790d99,sanitization header added; workstation-only runtime paths parameterized where present
src/phase2_full/38_freeze_directional_model_implementation.py,phase2_production_source,outputs/florida_ed_concordance_analysis_20260726/scripts/38_freeze_directional_model_implementation.py,d0bfabb9e4b8b3e018a2c06da2c45554773b64ea94478462b5d71884e1e82231,sanitization header added; workstation-only runtime paths parameterized where present
src/phase2_full/38b_directional_model_definition_tests.py,phase2_production_source,outputs/florida_ed_concordance_analysis_20260726/scripts/38b_directional_model_definition_tests.py,31c878975df7996bc50c5286d011c17d4e7830bc261877e281e2e7ab56c096dc,sanitization header added; workstation-only runtime paths parameterized where present
src/phase2_full/38c_freeze_directional_execution_code.py,phase2_production_source,outputs/florida_ed_concordance_analysis_20260726/scripts/38c_freeze_directional_execution_code.py,bd311a26829a5eaf32d78a2f59121a383c6dd35be5ec07159a8dd03fee4c17d3,sanitization header added; workstation-only runtime paths parameterized where present
src/phase2_full/39_build_directional_outcome_matrix.py,phase2_production_source,outputs/florida_ed_concordance_analysis_20260726/scripts/39_build_directional_outcome_matrix.py,af269c6578bdfe5bd0fb534a2e202dd0c9bc7b50a615400074c14b72ea8fcfeb,sanitization header added; workstation-only runtime paths parameterized where present
src/phase2_full/40_independent_directional_matrix_audit.py,phase2_production_source,outputs/florida_ed_concordance_analysis_20260726/scripts/40_independent_directional_matrix_audit.py,f87ff674d7cf418ce075fd4eb45ecf87ac874cdbc9c229a9017f0b6920a541c6,sanitization header added; workstation-only runtime paths parameterized where present
src/phase2_full/41_estimate_directional_models.py,phase2_production_source,outputs/florida_ed_concordance_analysis_20260726/scripts/41_estimate_directional_models.py,2f9d01ccef9a460f7b60ad0ef8923a72be77684a55413792f21df0b73ef25f49,sanitization header added; workstation-only runtime paths parameterized where present
src/phase2_full/42_independent_directional_result_audit.py,phase2_production_source,outputs/florida_ed_concordance_analysis_20260726/scripts/42_independent_directional_result_audit.py,ff130de4a04ae3f31c4423136c84a5e5c5dd3b99ebba3f8e8e593d17c7fe3244,sanitization header added; workstation-only runtime paths parameterized where present
src/phase2_full/42b_directional_inference_engine_tests.py,phase2_production_source,outputs/florida_ed_concordance_analysis_20260726/scripts/42b_directional_inference_engine_tests.py,80f24153c52d12050948844ead0743de87bd19624d1baec35a8eb009dbef09b5,sanitization header added; workstation-only runtime paths parameterized where present
src/phase2_full/43_apply_directional_multiplicity.py,phase2_production_source,outputs/florida_ed_concordance_analysis_20260726/scripts/43_apply_directional_multiplicity.py,f3a491edf52f7ec16dd92c4df5ca5bf868efab575c5259f213b6d1379fabe7b1,sanitization header added; workstation-only runtime paths parameterized where present
src/phase2_full/43b_independent_directional_family_audit.py,phase2_production_source,outputs/florida_ed_concordance_analysis_20260726/scripts/43b_independent_directional_family_audit.py,c06b7fca0a05bf4e2e2b66a1330b765102768b5152e652a947d151546a9c5ac5,sanitization header added; workstation-only runtime paths parameterized where present
src/phase2_full/44_compact_directional_intermediates.py,phase2_production_source,outputs/florida_ed_concordance_analysis_20260726/scripts/44_compact_directional_intermediates.py,a0d913ca380456c61d2faaa1a0500e8ae4880204e81e2066e7c756a3b7c9e78a,sanitization header added; workstation-only runtime paths parameterized where present
src/phase2_full/45_independent_primary_ami_results_audit.py,phase2_production_source,outputs/florida_ed_concordance_analysis_20260726/scripts/45_independent_primary_ami_results_audit.py,a7b78fafda949413c55d8a5f03ce74d863c345d36814dbd9494ab70dabeda657,sanitization header added; workstation-only runtime paths parameterized where present
src/phase2_full/46b_directional_measurement_sensitivity_tests.py,phase2_production_source,outputs/florida_ed_concordance_analysis_20260726/scripts/46b_directional_measurement_sensitivity_tests.py,2cf028a9706f5b6057680cf99bea5b2024e36d8a0ee25fa7064f910e2eeb3870,sanitization header added; workstation-only runtime paths parameterized where present
src/phase2_full/47_estimate_directional_measurement_sensitivities.py,phase2_production_source,outputs/florida_ed_concordance_analysis_20260726/scripts/47_estimate_directional_measurement_sensitivities.py,904b686f624b3c2b6934b8f8c0bb65ef58e02654573d3afb18b1f653006356ec,sanitization header added; workstation-only runtime paths parameterized where present
src/phase2_full/48_independent_directional_measurement_sensitivity_audit.py,phase2_production_source,outputs/florida_ed_concordance_analysis_20260726/scripts/48_independent_directional_measurement_sensitivity_audit.py,8f23705154aef6986dd6efe71da8d228baf28210cb34dede44b7c22ac0ac8086,sanitization header added; workstation-only runtime paths parameterized where present
src/phase2_full/48b_aggregate_directional_measurement_sensitivity_audits.py,phase2_production_source,outputs/florida_ed_concordance_analysis_20260726/scripts/48b_aggregate_directional_measurement_sensitivity_audits.py,73499eb183500367348a9dbb354c9cde704e3c1cecca489550eae6588281ceed,sanitization header added; workstation-only runtime paths parameterized where present
src/phase2_full/49_complete_analysis_release_audit.py,phase2_production_source,outputs/florida_ed_concordance_analysis_20260726/scripts/49_complete_analysis_release_audit.py,7385c841dbda3a8a432f70442bbbbaf7b37f4567a850f1f39e62d87cf385b330,sanitization header added; workstation-only runtime paths parameterized where present
src/phase2_full/49b_complete_release_audit_unit_tests.py,phase2_production_source,outputs/florida_ed_concordance_analysis_20260726/scripts/49b_complete_release_audit_unit_tests.py,0d059c75709f022eed0a772a5edd0417c9d361dd63bb6ca6b2ecf38a36824bd0,sanitization header added; workstation-only runtime paths parameterized where present
src/phase2_full/49c_materialize_audited_report_sources.py,phase2_production_source,outputs/florida_ed_concordance_analysis_20260726/scripts/49c_materialize_audited_report_sources.py,e3034b4dfa04d56960ca0e0a6db51e831ebf03843e8ac4dc6482bf05e27dae06,sanitization header added; workstation-only runtime paths parameterized where present
src/phase2_full/49d_report_materializer_unit_tests.py,phase2_production_source,outputs/florida_ed_concordance_analysis_20260726/scripts/49d_report_materializer_unit_tests.py,1766edde7efdc33ca7827d8dfbc259e9ce76af8c0422f2a9593f969e6c5dc83a,sanitization header added; workstation-only runtime paths parameterized where present
src/phase2_full/50_build_report_documents.py,phase2_production_source,outputs/florida_ed_concordance_analysis_20260726/scripts/50_build_report_documents.py,bc5c1ab1f0164d6cd553081ce52656a3c46b1d1bf6e997d503df5e623258190e,sanitization header added; workstation-only runtime paths parameterized where present
src/phase2_full/51_audit_report_content_and_safety.py,phase2_production_source,outputs/florida_ed_concordance_analysis_20260726/scripts/51_audit_report_content_and_safety.py,39eb364198d0710df5c238f4cc3fa68cc77680058679ef05fecb44a7c89e7e3a,sanitization header added; workstation-only runtime paths parameterized where present
src/phase2_full/51b_report_content_audit_unit_tests.py,phase2_production_source,outputs/florida_ed_concordance_analysis_20260726/scripts/51b_report_content_audit_unit_tests.py,15ffbe5fe9ffdce18f6536087577e926177ddb0829c8fa553ff08710d2a36090,sanitization header added; workstation-only runtime paths parameterized where present
src/phase2_full/52_audit_report_visual_quality.py,phase2_production_source,outputs/florida_ed_concordance_analysis_20260726/scripts/52_audit_report_visual_quality.py,88fa71e2e23b4bda1236f31f871691a083b4366aa141ac722172610d6a1288a7,sanitization header added; workstation-only runtime paths parameterized where present
src/phase2_full/53_finalize_report_release.py,phase2_production_source,outputs/florida_ed_concordance_analysis_20260726/scripts/53_finalize_report_release.py,d83cdc19dc8e66c16c3114e2f821b0f8addbefc20ab650cfc6f6a9b85b9b6c32,sanitization header added; workstation-only runtime paths parameterized where present
src/phase2_full/53b_report_finalizer_unit_tests.py,phase2_production_source,outputs/florida_ed_concordance_analysis_20260726/scripts/53b_report_finalizer_unit_tests.py,cf9707d401c4cb279f2a2636a73774cbbe6215eb30fee3b693b33bd1d3fcde52,sanitization header added; workstation-only runtime paths parameterized where present
src/phase2_full/54_independent_global_multiplicity_audit.py,phase2_production_source,outputs/florida_ed_concordance_analysis_20260726/scripts/54_independent_global_multiplicity_audit.py,b229a5cc955fa1f3f8417a53db6cee0c29de3aee207fef6a7b39e97b86200984,sanitization header added; workstation-only runtime paths parameterized where present
src/phase2_full/54b_independent_global_multiplicity_audit_unit_tests.py,phase2_production_source,outputs/florida_ed_concordance_analysis_20260726/scripts/54b_independent_global_multiplicity_audit_unit_tests.py,3b7b919370fc67f29d3601fc800fb8b160e843df08b8c8b7b472e09e28af0ca8,sanitization header added; workstation-only runtime paths parameterized where present
src/phase2_full/55_independent_phase1_immutability_audit.py,phase2_production_source,outputs/florida_ed_concordance_analysis_20260726/scripts/55_independent_phase1_immutability_audit.py,6e5cba69e5143d2b30259d6ff16d26e5cd9ecb902ca0f806b644b4d0bbe8bac7,sanitization header added; workstation-only runtime paths parameterized where present
src/phase2_full/55b_independent_phase1_immutability_audit_unit_tests.py,phase2_production_source,outputs/florida_ed_concordance_analysis_20260726/scripts/55b_independent_phase1_immutability_audit_unit_tests.py,36afb4e539b8b5904633a66a30be960881e9142aefb445dd07a9c656127d86ae,sanitization header added; workstation-only runtime paths parameterized where present
src/phase2_full/56_finalize_analytical_release_status.py,phase2_production_source,outputs/florida_ed_concordance_analysis_20260726/scripts/56_finalize_analytical_release_status.py,3a11b10a246723b1bce228e0a9bf84cfa5e629c74f9f2a3228ce527d4c1c0ced,sanitization header added; workstation-only runtime paths parameterized where present
src/phase2_full/56b_finalize_analytical_release_status_unit_tests.py,phase2_production_source,outputs/florida_ed_concordance_analysis_20260726/scripts/56b_finalize_analytical_release_status_unit_tests.py,f95907d66c4b52e5a53b82d28c20a71c4f713cc8ef53028adbe7ff2d43d33d41,sanitization header added; workstation-only runtime paths parameterized where present
src/phase2_full/HANDOFF_LIVE_LEGACY_RUNNER.ps1,phase2_production_source,outputs/florida_ed_concordance_analysis_20260726/scripts/HANDOFF_LIVE_LEGACY_RUNNER.ps1,9ea07b359cdb501aa0bc928b0c441e58e3c2c3e610f9e01316fe191fa3dc5987,sanitization header added; workstation-only runtime paths parameterized where present
src/phase2_full/RESUME_AFTER_COHORT_BUILD.ps1,phase2_production_source,outputs/florida_ed_concordance_analysis_20260726/scripts/RESUME_AFTER_COHORT_BUILD.ps1,e3b843c65c0417218b97536082c1838520d50ea77ba51c9b1e20c3613028da1b,sanitization header added; workstation-only runtime paths parameterized where present
src/phase2_full/RUN_COHORT_DEFINITION_SENSITIVITIES.ps1,phase2_production_source,outputs/florida_ed_concordance_analysis_20260726/scripts/RUN_COHORT_DEFINITION_SENSITIVITIES.ps1,383f514f5e7a930e9334ab6d0d89fdd4596f0a67e76f063e35ecce532e1e3b83,sanitization header added; workstation-only runtime paths parameterized where present
src/phase2_full/RUN_COMMON_PRIMARY_SAFE.ps1,phase2_production_source,outputs/florida_ed_concordance_analysis_20260726/scripts/RUN_COMMON_PRIMARY_SAFE.ps1,ab547a4e550d9761881c84e5f3ca3e5bd3e5c792a85a33360ea55f2460681f69,sanitization header added; workstation-only runtime paths parameterized where present
src/phase2_full/RUN_DIRECTIONAL_DYADS_SAFE.ps1,phase2_production_source,outputs/florida_ed_concordance_analysis_20260726/scripts/RUN_DIRECTIONAL_DYADS_SAFE.ps1,5a396d32817aeae3c8e69bdd6a253af151f0bf4b40b755e7a28e5b6115e89d75,sanitization header added; workstation-only runtime paths parameterized where present
src/phase2_full/RUN_FINAL_ANALYTICAL_RELEASE_SAFE.ps1,phase2_production_source,outputs/florida_ed_concordance_analysis_20260726/scripts/RUN_FINAL_ANALYTICAL_RELEASE_SAFE.ps1,fba848b5b381a00282f2ea25bcca45c0ae3456d5ba2ca85895dc88b8a8c065ae,sanitization header added; workstation-only runtime paths parameterized where present
src/phase2_full/RUN_HISTORICAL_PROVIDER_V2.ps1,phase2_production_source,outputs/florida_ed_concordance_analysis_20260726/scripts/RUN_HISTORICAL_PROVIDER_V2.ps1,4c1803ed967fe024627c1fba11b85191d389e2e731b7cacbdfa114a69dac1657,sanitization header added; workstation-only runtime paths parameterized where present
src/phase2_full/RUN_OUTCOME_SPECIFIC_PRIMARY.ps1,phase2_production_source,outputs/florida_ed_concordance_analysis_20260726/scripts/RUN_OUTCOME_SPECIFIC_PRIMARY.ps1,769901d9a7c54d72bb9c97826ece398e1817416cb9c1c8656a9f39bb6cd2582c,sanitization header added; workstation-only runtime paths parameterized where present
src/phase2_full/RUN_PAYER_HETEROGENEITY.ps1,phase2_production_source,outputs/florida_ed_concordance_analysis_20260726/scripts/RUN_PAYER_HETEROGENEITY.ps1,1b502e5eed5847f7b3ba1d560a5b35c546c40e9ec95a4e896ea5de41b319081b,sanitization header added; workstation-only runtime paths parameterized where present
src/phase2_full/RUN_PHASE2.ps1,phase2_production_source,outputs/florida_ed_concordance_analysis_20260726/scripts/RUN_PHASE2.ps1,a27365ec4123021494fba88b1485293f7b362cb95160f4503babe29f69c32cd3,sanitization header added; workstation-only runtime paths parameterized where present
src/phase2_full/RUN_PHASE2_BACKGROUND_WATCHDOG.ps1,phase2_production_source,outputs/florida_ed_concordance_analysis_20260726/scripts/RUN_PHASE2_BACKGROUND_WATCHDOG.ps1,a9f90b067bc42f9297b39f2890aad520589831d92fba37668ef8d806034c1a41,sanitization header added; workstation-only runtime paths parameterized where present
src/phase2_full/RUN_PHASE2_REMAINING_SAFE.ps1,phase2_production_source,outputs/florida_ed_concordance_analysis_20260726/scripts/RUN_PHASE2_REMAINING_SAFE.ps1,0ab4cc471f44d324e28f7cde9d5b30b1b443e84c362ee93d65abd64a9074869e,sanitization header added; workstation-only runtime paths parameterized where present
src/phase2_full/RUN_POST_CANONICAL_ANALYSIS_SAFE.ps1,phase2_production_source,outputs/florida_ed_concordance_analysis_20260726/scripts/RUN_POST_CANONICAL_ANALYSIS_SAFE.ps1,15d0fb1af175be9d0b195175cc08b4ad0d8fd7458a26db33dcefce1881c0de7c,sanitization header added; workstation-only runtime paths parameterized where present
src/phase2_full/historical_hdfe_isolated_worker.py,phase2_production_source,outputs/florida_ed_concordance_analysis_20260726/scripts/historical_hdfe_isolated_worker.py,44c868f02e5af8e54bf4a075a0b4558606a63d248814cba1c1a90143c4698e82,sanitization header added; workstation-only runtime paths parameterized where present
src/phase2_full/run_historical_sensitivity_isolated.py,phase2_production_source,outputs/florida_ed_concordance_analysis_20260726/scripts/run_historical_sensitivity_isolated.py,42d042f5ed7f4bcc23bfc9aca7056b72a4863746cd25e6c3b0a63146c7f714f5,sanitization header added; workstation-only runtime paths parameterized where present
synthetic_demo/README.md,existing_sanitized_portfolio_worktree,Florida_ED_Public_Portfolio/synthetic_demo/README.md,2ec043d679689c0801f9f38c0e57bd43c5c624361d897d17a4553616e7ef4167,copied from the prior sanitized portfolio working tree during isolated staging; no restricted data or unpublished estimates copied
synthetic_demo/__init__.py,existing_sanitized_portfolio_worktree,Florida_ED_Public_Portfolio/synthetic_demo/__init__.py,8c1bae38e4f22e5da4650c86977dff30323200d22b1d944472630b4049dd6f30,copied from the prior sanitized portfolio working tree during isolated staging; no restricted data or unpublished estimates copied
synthetic_demo/expected_outputs/category_summary.csv,existing_sanitized_portfolio_worktree,Florida_ED_Public_Portfolio/synthetic_demo/expected_outputs/category_summary.csv,cb77fc848b0d32f98ea559ae6f7354976b44c0da451a2678ab29569afdc5db7a,copied from the prior sanitized portfolio working tree during isolated staging; no restricted data or unpublished estimates copied
synthetic_demo/expected_outputs/qa_summary.json,existing_sanitized_portfolio_worktree,Florida_ED_Public_Portfolio/synthetic_demo/expected_outputs/qa_summary.json,9c0ef416b9fa6c77c580b286fe482eedb015ac85bb2ad91254a30cbe9153c80d,copied from the prior sanitized portfolio working tree during isolated staging; no restricted data or unpublished estimates copied
synthetic_demo/expected_outputs/schema_reconciliation.csv,existing_sanitized_portfolio_worktree,Florida_ED_Public_Portfolio/synthetic_demo/expected_outputs/schema_reconciliation.csv,60d699e7da0b36727ad9af78007540464e6ac703b888810df8b72d64dbc95aac,copied from the prior sanitized portfolio working tree during isolated staging; no restricted data or unpublished estimates copied
synthetic_demo/generate_synthetic_data.py,existing_sanitized_portfolio_worktree,Florida_ED_Public_Portfolio/synthetic_demo/generate_synthetic_data.py,c7dc2df342f6cff466d0eba48e81f77e5d1edaef8f89b316f90ed62e5d76b1d5,copied from the prior sanitized portfolio working tree during isolated staging; no restricted data or unpublished estimates copied
synthetic_demo/run_demo_pipeline.py,existing_sanitized_portfolio_worktree,Florida_ED_Public_Portfolio/synthetic_demo/run_demo_pipeline.py,929a04234a508d415f23006044a3de255b8f57caec69c8e8e6022470c21f265f,copied from the prior sanitized portfolio working tree during isolated staging; no restricted data or unpublished estimates copied
tests/test_documented_claims.py,existing_sanitized_portfolio_worktree,Florida_ED_Public_Portfolio/tests/test_documented_claims.py,390b784b71bd3dfea862741786602adcfdc16d6991e01f801bda78c9582384d3,copied from the prior sanitized portfolio working tree during isolated staging; no restricted data or unpublished estimates copied
tests/test_public_repository_safety.py,existing_sanitized_portfolio_worktree,Florida_ED_Public_Portfolio/tests/test_public_repository_safety.py,6f78be91c2a1256500a96fc067a508e5d09f5743e520f7e97900a1e018052b58,copied from the prior sanitized portfolio working tree during isolated staging; no restricted data or unpublished estimates copied
tests/test_synthetic_pipeline.py,existing_sanitized_portfolio_worktree,Florida_ED_Public_Portfolio/tests/test_synthetic_pipeline.py,926686938d098884456b92238ec2e002f578c2aab108aa5b932cb807bc7be6c2,copied from the prior sanitized portfolio working tree during isolated staging; no restricted data or unpublished estimates copied
