table,ordinal_position,variable,parquet_type,grain,key_role,source_fields,definition,coding_rule,missingness_rule,historical_compatibility,limitation,source_release_domain,source_release_source_class,analysis_cohort,analysis_role,design_group
concordance_visit_core,1,visit_key,string,one row per ED visit,primary visit key component,visit_key,"Stable, pipeline-generated encounter key. It preserves every source row and adds a deterministic duplicate ordinal when a released source record identifier repeats.",Preserve source missingness unless an explicit derived rule applies.,Missing remains missing; no implicit zero fill.,Primary derived cohort covers 2010-2024; consult source coverage and separate historical sensitivity.,Computed from reopened Parquet row-group metadata,Encounter provenance,Derived enhancement,all,visit-level source or Phase 2 derived analytical field,
concordance_visit_core,2,visit_year,int64,one row per ED visit,primary visit key component,visit_year,Visit year.,Preserve source missingness unless an explicit derived rule applies.,Missing remains missing; no implicit zero fill.,Primary derived cohort covers 2010-2024; consult source coverage and separate historical sensitivity.,Computed from reopened Parquet row-group metadata,Encounter provenance,Source-preserved,all,visit-level source or Phase 2 derived analytical field,
concordance_visit_core,3,visit_quarter,int64,one row per ED visit,primary visit key component,visit_quarter,Visit quarter.,Preserve source missingness unless an explicit derived rule applies.,Missing remains missing; no implicit zero fill.,Primary derived cohort covers 2010-2024; consult source coverage and separate historical sensitivity.,Computed from reopened Parquet row-group metadata,Encounter provenance,Source-preserved,all,visit-level source or Phase 2 derived analytical field,
concordance_visit_core,4,facility_ahca_id,string,one row per ED visit,,facility_ahca_id,Facility ahca id.,Preserve source missingness unless an explicit derived rule applies.,Missing remains missing; no implicit zero fill.,Primary derived cohort covers 2010-2024; consult source coverage and separate historical sensitivity.,Computed from reopened Parquet row-group metadata,Facility,Facility enhancement,all,visit-level source or Phase 2 derived analytical field,
concordance_visit_core,5,facility_year_quarter_id,string,one row per ED visit,,Phase 2 derived,See locked cohort builder and source release dictionary.,Preserve source missingness unless an explicit derived rule applies.,Missing remains missing; no implicit zero fill.,Primary derived cohort covers 2010-2024; consult source coverage and separate historical sensitivity.,,,,all,visit-level source or Phase 2 derived analytical field,
concordance_visit_core,6,source_schema_id,string,one row per ED visit,,source_schema_id,Source schema id.,Preserve source missingness unless an explicit derived rule applies.,Missing remains missing; no implicit zero fill.,Primary derived cohort covers 2010-2024; consult source coverage and separate historical sensitivity.,Computed from reopened Parquet row-group metadata,Encounter provenance,Derived enhancement,all,visit-level source or Phase 2 derived analytical field,
concordance_visit_core,7,diagnosis_code_system,string,one row per ED visit,,diagnosis_code_system,ICD-9-CM through 2015 Q3 and ICD-10-CM beginning 2015 Q4.,Preserve source missingness unless an explicit derived rule applies.,Missing remains missing; no implicit zero fill.,Primary derived cohort covers 2010-2024; consult source coverage and separate historical sensitivity.,Computed from reopened Parquet row-group metadata,Encounter provenance,Derived enhancement,all,visit-level source or Phase 2 derived analytical field,
concordance_visit_core,8,patient_sex_category,string,one row per ED visit,,Phase 2 derived,See locked cohort builder and source release dictionary.,Preserve source missingness unless an explicit derived rule applies.,Missing remains missing; no implicit zero fill.,Primary derived cohort covers 2010-2024; consult source coverage and separate historical sensitivity.,,,,all,visit-level source or Phase 2 derived analytical field,
concordance_visit_core,9,patient_race_category,string,one row per ED visit,,Phase 2 derived,See locked cohort builder and source release dictionary.,Preserve source missingness unless an explicit derived rule applies.,Missing remains missing; no implicit zero fill.,Primary derived cohort covers 2010-2024; consult source coverage and separate historical sensitivity.,,,,all,visit-level source or Phase 2 derived analytical field,
concordance_visit_core,10,patient_ethnicity_category,string,one row per ED visit,,Phase 2 derived,See locked cohort builder and source release dictionary.,Preserve source missingness unless an explicit derived rule applies.,Missing remains missing; no implicit zero fill.,Primary derived cohort covers 2010-2024; consult source coverage and separate historical sensitivity.,,,,all,visit-level source or Phase 2 derived analytical field,
concordance_visit_core,11,race_ethnicity_historical_label,string,one row per ED visit,,race_ethnicity_historical_label,Human-readable decoded label for race ethnicity historical.,Preserve source missingness unless an explicit derived rule applies.,Missing remains missing; no implicit zero fill.,Primary derived cohort covers 2010-2024; consult source coverage and separate historical sensitivity.,Computed from reopened Parquet row-group metadata,Patient demographics,Derived enhancement,all,visit-level source or Phase 2 derived analytical field,
concordance_visit_core,12,age_years,double,one row per ED visit,,age_years,"Decoded exact age in years. From 2018 onward, 0 (0-28 days) remains 0, while 777 (29-364 days), 888 (100+), and 999 (unknown) remain null because they do not identify an exact age in years.",Preserve source missingness unless an explicit derived rule applies.,Missing remains missing; no implicit zero fill.,Primary derived cohort covers 2010-2024; consult source coverage and separate historical sensitivity.,Computed from reopened Parquet row-group metadata,Patient demographics,Derived enhancement,all,visit-level source or Phase 2 derived analytical field,
concordance_visit_core,13,age_band,string,one row per ED visit,,age_band,Age band.,Preserve source missingness unless an explicit derived rule applies.,Missing remains missing; no implicit zero fill.,Primary derived cohort covers 2010-2024; consult source coverage and separate historical sensitivity.,Computed from reopened Parquet row-group metadata,Patient demographics,Derived enhancement,all,visit-level source or Phase 2 derived analytical field,
concordance_visit_core,14,age_missing_flag,bool,one row per ED visit,,Phase 2 derived,See locked cohort builder and source release dictionary.,Preserve source missingness unless an explicit derived rule applies.,Missing remains missing; no implicit zero fill.,Primary derived cohort covers 2010-2024; consult source coverage and separate historical sensitivity.,,,,all,visit-level source or Phase 2 derived analytical field,
concordance_visit_core,15,weekday_label,string,one row per ED visit,,weekday_label,Human-readable decoded label for weekday.,Preserve source missingness unless an explicit derived rule applies.,Missing remains missing; no implicit zero fill.,Primary derived cohort covers 2010-2024; consult source coverage and separate historical sensitivity.,Computed from reopened Parquet row-group metadata,Visit timing,Derived enhancement,all,visit-level source or Phase 2 derived analytical field,
concordance_visit_core,16,weekend_flag,bool,one row per ED visit,,weekend_flag,Boolean/indicator enhancement for weekend; see construction rules and status fields where applicable.,Preserve source missingness unless an explicit derived rule applies.,Missing remains missing; no implicit zero fill.,Primary derived cohort covers 2010-2024; consult source coverage and separate historical sensitivity.,Computed from reopened Parquet row-group metadata,Visit timing,Derived enhancement,all,visit-level source or Phase 2 derived analytical field,
concordance_visit_core,17,arrival_hour,int32,one row per ED visit,,arrival_hour,Arrival hour.,Preserve source missingness unless an explicit derived rule applies.,Missing remains missing; no implicit zero fill.,Primary derived cohort covers 2010-2024; consult source coverage and separate historical sensitivity.,Computed from reopened Parquet row-group metadata,Visit timing,Derived enhancement,all,visit-level source or Phase 2 derived analytical field,
concordance_visit_core,18,arrival_time_band,string,one row per ED visit,,arrival_time_band,Arrival time band.,Preserve source missingness unless an explicit derived rule applies.,Missing remains missing; no implicit zero fill.,Primary derived cohort covers 2010-2024; consult source coverage and separate historical sensitivity.,Computed from reopened Parquet row-group metadata,Visit timing,Derived enhancement,all,visit-level source or Phase 2 derived analytical field,
concordance_visit_core,19,off_hours_flag,bool,one row per ED visit,,off_hours_flag,Boolean/indicator enhancement for off hours; see construction rules and status fields where applicable.,Preserve source missingness unless an explicit derived rule applies.,Missing remains missing; no implicit zero fill.,Primary derived cohort covers 2010-2024; consult source coverage and separate historical sensitivity.,Computed from reopened Parquet row-group metadata,Visit timing,Derived enhancement,all,visit-level source or Phase 2 derived analytical field,
concordance_visit_core,20,ed_discharge_hour,int32,one row per ED visit,,Phase 2 derived,See locked cohort builder and source release dictionary.,Preserve source missingness unless an explicit derived rule applies.,Missing remains missing; no implicit zero fill.,Primary derived cohort covers 2010-2024; consult source coverage and separate historical sensitivity.,,,,all,visit-level source or Phase 2 derived analytical field,
concordance_visit_core,21,length_of_stay_days,double,one row per ED visit,,length_of_stay_days,Length of stay days.,Preserve source missingness unless an explicit derived rule applies.,Missing remains missing; no implicit zero fill.,Primary derived cohort covers 2010-2024; consult source coverage and separate historical sensitivity.,Computed from reopened Parquet row-group metadata,Visit timing,Derived enhancement,all,visit-level source or Phase 2 derived analytical field,
concordance_visit_core,22,los_hours_clock_raw,double,one row per ED visit,,length_of_stay_days; arrival_hour; ed_discharge_hour_raw,24 * length_of_stay_days + valid ED discharge hour - valid arrival hour.,Preserve source missingness unless an explicit derived rule applies.,Missing when arrival/discharge hour is outside 0-23 or source inputs are missing; discharge code 99 is invalid.,Not available in 2005-2008 because an ED discharge hour is absent.,Clock reconstruction is not a timestamp and can be inconsistent.,,,all,visit-level source or Phase 2 derived analytical field,
concordance_visit_core,23,los_hours_nonnegative,double,one row per ED visit,,Phase 2 derived,See locked cohort builder and source release dictionary.,Preserve source missingness unless an explicit derived rule applies.,Missing remains missing; no implicit zero fill.,Primary derived cohort covers 2010-2024; consult source coverage and separate historical sensitivity.,,,,all,visit-level source or Phase 2 derived analytical field,
concordance_visit_core,24,los_hours_primary_0_168,double,one row per ED visit,,los_hours_clock_raw,Clock-based LOS retained only when nonnegative and no more than 168 hours.,Preserve source missingness unless an explicit derived rule applies.,"Negative, >168-hour, invalid-hour, and source-missing values are excluded; they are not recoded to zero.",Primary only for 2010-2024.,Administrative timing proxy; not clinical throughput detail.,,,all,visit-level source or Phase 2 derived analytical field,
concordance_visit_core,25,los_primary_valid_flag,bool,one row per ED visit,,Phase 2 derived,See locked cohort builder and source release dictionary.,Preserve source missingness unless an explicit derived rule applies.,Missing remains missing; no implicit zero fill.,Primary derived cohort covers 2010-2024; consult source coverage and separate historical sensitivity.,,,,all,visit-level source or Phase 2 derived analytical field,
concordance_visit_core,26,patient_zip_rurality_3level,string,one row per ED visit,,patient_zip_rurality_3level,Patient zip rurality 3level.,Preserve source missingness unless an explicit derived rule applies.,Missing remains missing; no implicit zero fill.,Primary derived cohort covers 2010-2024; consult source coverage and separate historical sensitivity.,Computed from reopened Parquet row-group metadata,Patient geography,Derived enhancement,all,visit-level source or Phase 2 derived analytical field,
concordance_visit_core,27,payer_group,string,one row per ED visit,,payer_group,Payer group.,Preserve source missingness unless an explicit derived rule applies.,Missing remains missing; no implicit zero fill.,Primary derived cohort covers 2010-2024; consult source coverage and separate historical sensitivity.,Computed from reopened Parquet row-group metadata,Payer,Derived enhancement,all,visit-level source or Phase 2 derived analytical field,
concordance_visit_core,28,disposition_group,string,one row per ED visit,,disposition_group,Disposition group.,Preserve source missingness unless an explicit derived rule applies.,Missing remains missing; no implicit zero fill.,Primary derived cohort covers 2010-2024; consult source coverage and separate historical sensitivity.,Computed from reopened Parquet row-group metadata,Disposition,Derived enhancement,all,visit-level source or Phase 2 derived analytical field,
concordance_visit_core,29,routine_discharge_flag,bool,one row per ED visit,,routine_discharge_flag,Boolean/indicator enhancement for routine discharge; see construction rules and status fields where applicable.,Preserve source missingness unless an explicit derived rule applies.,Missing remains missing; no implicit zero fill.,Primary derived cohort covers 2010-2024; consult source coverage and separate historical sensitivity.,Computed from reopened Parquet row-group metadata,Disposition,Derived enhancement,all,visit-level source or Phase 2 derived analytical field,
concordance_visit_core,30,transfer_flag,bool,one row per ED visit,,transfer_flag,Boolean/indicator enhancement for transfer; see construction rules and status fields where applicable.,Preserve source missingness unless an explicit derived rule applies.,Missing remains missing; no implicit zero fill.,Primary derived cohort covers 2010-2024; consult source coverage and separate historical sensitivity.,Computed from reopened Parquet row-group metadata,Disposition,Derived enhancement,all,visit-level source or Phase 2 derived analytical field,
concordance_visit_core,31,hospice_flag,bool,one row per ED visit,,hospice_flag,Boolean/indicator enhancement for hospice; see construction rules and status fields where applicable.,Preserve source missingness unless an explicit derived rule applies.,Missing remains missing; no implicit zero fill.,Primary derived cohort covers 2010-2024; consult source coverage and separate historical sensitivity.,Computed from reopened Parquet row-group metadata,Disposition,Derived enhancement,all,visit-level source or Phase 2 derived analytical field,
concordance_visit_core,32,mortality_flag,bool,one row per ED visit,,mortality_flag,Boolean/indicator enhancement for mortality; see construction rules and status fields where applicable.,Preserve source missingness unless an explicit derived rule applies.,Missing remains missing; no implicit zero fill.,Primary derived cohort covers 2010-2024; consult source coverage and separate historical sensitivity.,Computed from reopened Parquet row-group metadata,Disposition,Derived enhancement,all,visit-level source or Phase 2 derived analytical field,
concordance_visit_core,33,left_discontinued_care_flag,bool,one row per ED visit,,left_discontinued_care_flag,Boolean/indicator enhancement for left discontinued care; see construction rules and status fields where applicable.,Preserve source missingness unless an explicit derived rule applies.,Missing remains missing; no implicit zero fill.,Primary derived cohort covers 2010-2024; consult source coverage and separate historical sensitivity.,Computed from reopened Parquet row-group metadata,Disposition,Derived enhancement,all,visit-level source or Phase 2 derived analytical field,
concordance_visit_core,34,principal_diagnosis_code_norm,string,one row per ED visit,,principal_diagnosis_code_norm,Principal diagnosis code norm.,Preserve source missingness unless an explicit derived rule applies.,Missing remains missing; no implicit zero fill.,Primary derived cohort covers 2010-2024; consult source coverage and separate historical sensitivity.,Computed from reopened Parquet row-group metadata,Diagnosis enhancement,Derived enhancement,all,visit-level source or Phase 2 derived analytical field,
concordance_visit_core,35,principal_diagnosis_description,string,one row per ED visit,,principal_diagnosis_description,Principal diagnosis description.,Preserve source missingness unless an explicit derived rule applies.,Missing remains missing; no implicit zero fill.,Primary derived cohort covers 2010-2024; consult source coverage and separate historical sensitivity.,Computed from reopened Parquet row-group metadata,Diagnosis enhancement,Derived enhancement,all,visit-level source or Phase 2 derived analytical field,
concordance_visit_core,36,principal_clinical_category,string,one row per ED visit,,principal_clinical_category,Default principal-diagnosis clinical group: CCS for ICD-9-CM and CCSR for ICD-10-CM.,Preserve source missingness unless an explicit derived rule applies.,Missing remains missing; no implicit zero fill.,Primary derived cohort covers 2010-2024; consult source coverage and separate historical sensitivity.,Computed from reopened Parquet row-group metadata,Diagnosis enhancement,Derived enhancement,all,visit-level source or Phase 2 derived analytical field,
concordance_visit_core,37,principal_clinical_category_label,string,one row per ED visit,,principal_clinical_category_label,Human-readable label for the default principal-diagnosis CCS/CCSR category.,Preserve source missingness unless an explicit derived rule applies.,Missing remains missing; no implicit zero fill.,Primary derived cohort covers 2010-2024; consult source coverage and separate historical sensitivity.,Computed from reopened Parquet row-group metadata,Diagnosis enhancement,Derived enhancement,all,visit-level source or Phase 2 derived analytical field,
concordance_visit_core,38,principal_diagnosis_mapped_flag,bool,one row per ED visit,,principal_diagnosis_mapped_flag,Boolean/indicator enhancement for principal diagnosis mapped; see construction rules and status fields where applicable.,Preserve source missingness unless an explicit derived rule applies.,Missing remains missing; no implicit zero fill.,Primary derived cohort covers 2010-2024; consult source coverage and separate historical sensitivity.,Computed from reopened Parquet row-group metadata,Diagnosis enhancement,Derived enhancement,all,visit-level source or Phase 2 derived analytical field,
concordance_visit_core,39,presentation_code_group,string,one row per ED visit,,principal_diagnosis_code_norm; diagnosis_code_system,"Symptom/sign coded for ICD-9 780-799 or ICD-10-CM R00-R99; otherwise disease/condition/injury coded, or ambiguous/missing.",Preserve source missingness unless an explicit derived rule applies.,Missing remains missing; no implicit zero fill.,Primary derived cohort covers 2010-2024; consult source coverage and separate historical sensitivity.,"Proxy for coded diagnostic uncertainty, not a validated measure of symptom subjectivity or objective truth.",,,all,visit-level source or Phase 2 derived analytical field,
concordance_visit_core,40,diagnosis_code_count,uint16,one row per ED visit,,diagnosis_code_count,Visit-level count of diagnosis code.,Preserve source missingness unless an explicit derived rule applies.,Missing remains missing; no implicit zero fill.,Primary derived cohort covers 2010-2024; consult source coverage and separate historical sensitivity.,Computed from reopened Parquet row-group metadata,Diagnosis enhancement,Derived enhancement,all,visit-level source or Phase 2 derived analytical field,
concordance_visit_core,41,secondary_diagnosis_code_count,uint8,one row per ED visit,,secondary_diagnosis_code_count,Visit-level count of secondary diagnosis code.,Preserve source missingness unless an explicit derived rule applies.,Missing remains missing; no implicit zero fill.,Primary derived cohort covers 2010-2024; consult source coverage and separate historical sensitivity.,Computed from reopened Parquet row-group metadata,Diagnosis enhancement,Derived enhancement,all,visit-level source or Phase 2 derived analytical field,
concordance_visit_core,42,external_cause_code_count,uint8,one row per ED visit,,external_cause_code_count,Visit-level count of external cause code.,Preserve source missingness unless an explicit derived rule applies.,Missing remains missing; no implicit zero fill.,Primary derived cohort covers 2010-2024; consult source coverage and separate historical sensitivity.,Computed from reopened Parquet row-group metadata,Visit enhancement,Derived enhancement,all,visit-level source or Phase 2 derived analytical field,
concordance_visit_core,43,elixhauser_condition_count,uint8,one row per ED visit,,elixhauser_condition_count,Number of distinct era-appropriate Elixhauser comorbidity categories identified from secondary diagnoses only.,Preserve source missingness unless an explicit derived rule applies.,Missing remains missing; no implicit zero fill.,Primary derived cohort covers 2010-2024; consult source coverage and separate historical sensitivity.,Computed from reopened Parquet row-group metadata,Risk adjustment,Derived enhancement,all,visit-level source or Phase 2 derived analytical field,
concordance_visit_core,44,cpt_hcpcs_count,uint8,one row per ED visit,,cpt_hcpcs_count,Visit-level count of cpt hcpcs.,Preserve source missingness unless an explicit derived rule applies.,Missing remains missing; no implicit zero fill.,Primary derived cohort covers 2010-2024; consult source coverage and separate historical sensitivity.,Computed from reopened Parquet row-group metadata,Procedure enhancement,Derived enhancement,all,visit-level source or Phase 2 derived analytical field,
concordance_visit_core,45,evaluation_management_code_count,uint8,one row per ED visit,,evaluation_management_code_count,Visit-level count of evaluation management code.,Preserve source missingness unless an explicit derived rule applies.,Missing remains missing; no implicit zero fill.,Primary derived cohort covers 2010-2024; consult source coverage and separate historical sensitivity.,Computed from reopened Parquet row-group metadata,Procedure enhancement,Derived enhancement,all,visit-level source or Phase 2 derived analytical field,
concordance_visit_core,46,icd_procedure_count,uint8,one row per ED visit,,icd_procedure_count,Visit-level count of icd procedure.,Preserve source missingness unless an explicit derived rule applies.,Missing remains missing; no implicit zero fill.,Primary derived cohort covers 2010-2024; consult source coverage and separate historical sensitivity.,Computed from reopened Parquet row-group metadata,Procedure enhancement,Derived enhancement,all,visit-level source or Phase 2 derived analytical field,
concordance_visit_core,47,distinct_procedure_group_count,uint8,one row per ED visit,,distinct_procedure_group_count,Visit-level count of distinct procedure group.,Preserve source missingness unless an explicit derived rule applies.,Missing remains missing; no implicit zero fill.,Primary derived cohort covers 2010-2024; consult source coverage and separate historical sensitivity.,Computed from reopened Parquet row-group metadata,Procedure enhancement,Derived enhancement,all,visit-level source or Phase 2 derived analytical field,
concordance_visit_core,48,procedure_count_analysis,uint8,one row per ED visit,,procedure_count_analysis,Visit-level count using all reported CPT/HCPCS codes plus ICD procedure codes only in periods in which ICD procedure fields exist.,Preserve source missingness unless an explicit derived rule applies.,Missing remains missing; no implicit zero fill.,Primary derived cohort covers 2010-2024; consult source coverage and separate historical sensitivity.,Computed from reopened Parquet row-group metadata,Procedure enhancement,Derived enhancement,all,visit-level source or Phase 2 derived analytical field,
concordance_visit_core,49,procedure_count_scope,string,one row per ED visit,,procedure_count_scope,Text documenting whether the visit-level procedure count includes both CPT/HCPCS and ICD procedures or CPT/HCPCS only.,Preserve source missingness unless an explicit derived rule applies.,Missing remains missing; no implicit zero fill.,Primary derived cohort covers 2010-2024; consult source coverage and separate historical sensitivity.,Computed from reopened Parquet row-group metadata,Procedure enhancement,Derived enhancement,all,visit-level source or Phase 2 derived analytical field,
concordance_visit_core,50,any_procedure_flag,bool,one row per ED visit,,any_procedure_flag,Boolean/indicator enhancement for any procedure; see construction rules and status fields where applicable.,Preserve source missingness unless an explicit derived rule applies.,Missing remains missing; no implicit zero fill.,Primary derived cohort covers 2010-2024; consult source coverage and separate historical sensitivity.,Computed from reopened Parquet row-group metadata,Procedure enhancement,Derived enhancement,all,visit-level source or Phase 2 derived analytical field,
concordance_visit_core,51,high_procedure_flag,bool,one row per ED visit,,high_procedure_flag,Boolean/indicator enhancement for high procedure; see construction rules and status fields where applicable.,Preserve source missingness unless an explicit derived rule applies.,Missing remains missing; no implicit zero fill.,Primary derived cohort covers 2010-2024; consult source coverage and separate historical sensitivity.,Computed from reopened Parquet row-group metadata,Procedure enhancement,Derived enhancement,all,visit-level source or Phase 2 derived analytical field,
concordance_visit_core,52,em_acuity_proxy_level,uint8,one row per ED visit,,em_acuity_proxy_level,Ordinal 1-5 proxy derived from ED evaluation-and-management billing codes. It is not a true clinical triage level.,Preserve source missingness unless an explicit derived rule applies.,Missing remains missing; no implicit zero fill.,Primary derived cohort covers 2010-2024; consult source coverage and separate historical sensitivity.,Computed from reopened Parquet row-group metadata,Procedure enhancement,Derived enhancement,all,visit-level source or Phase 2 derived analytical field,
concordance_visit_core,53,em_critical_care_flag,bool,one row per ED visit,,em_critical_care_flag,Boolean/indicator enhancement for em critical care; see construction rules and status fields where applicable.,Preserve source missingness unless an explicit derived rule applies.,Missing remains missing; no implicit zero fill.,Primary derived cohort covers 2010-2024; consult source coverage and separate historical sensitivity.,Computed from reopened Parquet row-group metadata,Procedure enhancement,Derived enhancement,all,visit-level source or Phase 2 derived analytical field,
concordance_visit_core,54,em_acuity_proxy_status,string,one row per ED visit,,em_acuity_proxy_status,Reader-facing derivation or availability status for em acuity proxy.,Preserve source missingness unless an explicit derived rule applies.,Missing remains missing; no implicit zero fill.,Primary derived cohort covers 2010-2024; consult source coverage and separate historical sensitivity.,Computed from reopened Parquet row-group metadata,Procedure enhancement,Derived enhancement,all,visit-level source or Phase 2 derived analytical field,
concordance_visit_core,55,total_charge_reported,double,one row per ED visit,,total_charge_reported,Parsed reported total-charge field from the source record.,Preserve source missingness unless an explicit derived rule applies.,Missing remains missing; no implicit zero fill.,Primary derived cohort covers 2010-2024; consult source coverage and separate historical sensitivity.,Computed from reopened Parquet row-group metadata,Charges,Derived enhancement,all,visit-level source or Phase 2 derived analytical field,
concordance_visit_core,56,total_charge_reported_real_2024,double,one row per ED visit,,total_charge_reported; BLS CPI-U CUUR0000SA0,Nonnegative facility-reported total charge multiplied by the quarter CPI-U factor to 2024 dollars.,Preserve source missingness unless an explicit derived rule applies.,Negative and missing charges remain missing.,Comparable as inflation-standardized reported charges subject to source-schema and charging-practice changes.,"Not cost, payment, reimbursement, or actual spending.",,,all,visit-level source or Phase 2 derived analytical field,
concordance_visit_core,57,total_charge,double,one row per ED visit,,total_charge,"Canonical total charge, prioritizing the reported total-charge field and retaining component-based reconciliation diagnostics.",Preserve source missingness unless an explicit derived rule applies.,Missing remains missing; no implicit zero fill.,Primary derived cohort covers 2010-2024; consult source coverage and separate historical sensitivity.,Computed from reopened Parquet row-group metadata,Charges,Derived enhancement,all,visit-level source or Phase 2 derived analytical field,
concordance_visit_core,58,total_charge_real_2024,double,one row per ED visit,,Phase 2 derived,See locked cohort builder and source release dictionary.,Preserve source missingness unless an explicit derived rule applies.,Missing remains missing; no implicit zero fill.,Primary derived cohort covers 2010-2024; consult source coverage and separate historical sensitivity.,,,,all,visit-level source or Phase 2 derived analytical field,
concordance_visit_core,59,component_charge_sum,double,one row per ED visit,,component_charge_sum,Sum of available standardized charge components for the encounter.,Preserve source missingness unless an explicit derived rule applies.,Missing remains missing; no implicit zero fill.,Primary derived cohort covers 2010-2024; consult source coverage and separate historical sensitivity.,Computed from reopened Parquet row-group metadata,Charges,Derived enhancement,all,visit-level source or Phase 2 derived analytical field,
concordance_visit_core,60,component_charge_sum_real_2024,double,one row per ED visit,,Phase 2 derived,See locked cohort builder and source release dictionary.,Preserve source missingness unless an explicit derived rule applies.,Missing remains missing; no implicit zero fill.,Primary derived cohort covers 2010-2024; consult source coverage and separate historical sensitivity.,,,,all,visit-level source or Phase 2 derived analytical field,
concordance_visit_core,61,charge_reconciliation_difference,double,one row per ED visit,,charge_reconciliation_difference,Reported total charge minus the sum of available charge components.,Preserve source missingness unless an explicit derived rule applies.,Missing remains missing; no implicit zero fill.,Primary derived cohort covers 2010-2024; consult source coverage and separate historical sensitivity.,Computed from reopened Parquet row-group metadata,Charges,Derived enhancement,all,visit-level source or Phase 2 derived analytical field,
concordance_visit_core,62,charge_reconciliation_exception_flag,bool,one row per ED visit,,charge_reconciliation_exception_flag,Boolean/indicator enhancement for charge reconciliation exception; see construction rules and status fields where applicable.,Preserve source missingness unless an explicit derived rule applies.,Missing remains missing; no implicit zero fill.,Primary derived cohort covers 2010-2024; consult source coverage and separate historical sensitivity.,Computed from reopened Parquet row-group metadata,Charges,Derived enhancement,all,visit-level source or Phase 2 derived analytical field,
concordance_visit_core,63,cpi_u_factor_to_2024,double,one row per ED visit,,Phase 2 derived,See locked cohort builder and source release dictionary.,Preserve source missingness unless an explicit derived rule applies.,Missing remains missing; no implicit zero fill.,Primary derived cohort covers 2010-2024; consult source coverage and separate historical sensitivity.,,,,all,visit-level source or Phase 2 derived analytical field,
concordance_visit_core,64,medical_cpi_factor_to_2024,double,one row per ED visit,,Phase 2 derived,See locked cohort builder and source release dictionary.,Preserve source missingness unless an explicit derived rule applies.,Missing remains missing; no implicit zero fill.,Primary derived cohort covers 2010-2024; consult source coverage and separate historical sensitivity.,,,,all,visit-level source or Phase 2 derived analytical field,
concordance_visit_core,65,off_site_ed_flag,bool,one row per ED visit,,off_site_ed_flag,True when AHCA SERV_LOC contains an A-Z off-site ED location code; blank indicates the main ED/no reported off-site location.,Preserve source missingness unless an explicit derived rule applies.,Missing remains missing; no implicit zero fill.,Primary derived cohort covers 2010-2024; consult source coverage and separate historical sensitivity.,Computed from reopened Parquet row-group metadata,Facility,Facility enhancement,all,visit-level source or Phase 2 derived analytical field,
concordance_visit_core,66,facility_quarter_volume_all_ed,int64,one row per ED visit,,Phase 2 derived,See locked cohort builder and source release dictionary.,Preserve source missingness unless an explicit derived rule applies.,Missing remains missing; no implicit zero fill.,Primary derived cohort covers 2010-2024; consult source coverage and separate historical sensitivity.,,,,all,visit-level source or Phase 2 derived analytical field,
concordance_visit_core,67,cms_hospital_type,string,one row per ED visit,,Phase 2 derived,See locked cohort builder and source release dictionary.,Preserve source missingness unless an explicit derived rule applies.,Missing remains missing; no implicit zero fill.,Primary derived cohort covers 2010-2024; consult source coverage and separate historical sensitivity.,,,,all,visit-level source or Phase 2 derived analytical field,
concordance_visit_core,68,cms_hospital_ownership,string,one row per ED visit,,Phase 2 derived,See locked cohort builder and source release dictionary.,Preserve source missingness unless an explicit derived rule applies.,Missing remains missing; no implicit zero fill.,Primary derived cohort covers 2010-2024; consult source coverage and separate historical sensitivity.,,,,all,visit-level source or Phase 2 derived analytical field,
concordance_visit_core,69,facility_rurality_3level,string,one row per ED visit,,Phase 2 derived,See locked cohort builder and source release dictionary.,Preserve source missingness unless an explicit derived rule applies.,Missing remains missing; no implicit zero fill.,Primary derived cohort covers 2010-2024; consult source coverage and separate historical sensitivity.,,,,all,visit-level source or Phase 2 derived analytical field,
concordance_visit_core,70,attending_selected_npi,string,one row per ED visit,,attending_selected_npi,"Resolved NPI for the attending role; direct valid NPI is preferred, with a unique Florida license-to-NPI link used when direct NPI is unavailable.",Preserve source missingness unless an explicit derived rule applies.,Missing remains missing; no implicit zero fill.,Primary derived cohort covers 2010-2024; consult source coverage and separate historical sensitivity.,Computed from reopened Parquet row-group metadata,Physician linkage,Physician-linked enhancement,all,visit-level source or Phase 2 derived analytical field,
concordance_visit_core,71,physician_linkage_method,string,one row per ED visit,,attending_selection_method,Direct validated NPI or unique Florida license-to-NPI crosswalk.,Preserve source missingness unless an explicit derived rule applies.,Missing remains missing; no implicit zero fill.,Primary derived cohort covers 2010-2024; consult source coverage and separate historical sensitivity.,License-derived links are sensitivity-only after 2010.,,,all,visit-level source or Phase 2 derived analytical field,
concordance_visit_core,72,physician_entity_category,string,one row per ED visit,,Phase 2 derived,See locked cohort builder and source release dictionary.,Preserve source missingness unless an explicit derived rule applies.,Missing remains missing; no implicit zero fill.,Primary derived cohort covers 2010-2024; consult source coverage and separate historical sensitivity.,,,,all,visit-level source or Phase 2 derived analytical field,
concordance_visit_core,73,physician_md_do_flag,bool,one row per ED visit,,Phase 2 derived,See locked cohort builder and source release dictionary.,Preserve source missingness unless an explicit derived rule applies.,Missing remains missing; no implicit zero fill.,Primary derived cohort covers 2010-2024; consult source coverage and separate historical sensitivity.,,,,all,visit-level source or Phase 2 derived analytical field,
concordance_visit_core,74,phase1_master_match_flag,bool,one row per ED visit,,Phase 2 derived,See locked cohort builder and source release dictionary.,Preserve source missingness unless an explicit derived rule applies.,Missing remains missing; no implicit zero fill.,Primary derived cohort covers 2010-2024; consult source coverage and separate historical sensitivity.,,,,all,visit-level source or Phase 2 derived analytical field,
concordance_visit_core,75,nppes_current_snapshot_match_flag,bool,one row per ED visit,,Phase 2 derived,See locked cohort builder and source release dictionary.,Preserve source missingness unless an explicit derived rule applies.,Missing remains missing; no implicit zero fill.,Primary derived cohort covers 2010-2024; consult source coverage and separate historical sensitivity.,,,,all,visit-level source or Phase 2 derived analytical field,
concordance_visit_core,76,provider_measurement_version,string,one row per ED visit,,Phase 2 derived,See locked cohort builder and source release dictionary.,Preserve source missingness unless an explicit derived rule applies.,Missing remains missing; no implicit zero fill.,Primary derived cohort covers 2010-2024; consult source coverage and separate historical sensitivity.,,,,all,visit-level source or Phase 2 derived analytical field,
concordance_visit_core,77,physician_gender_category,string,one row per ED visit,,Phase 2 derived,See locked cohort builder and source release dictionary.,Preserve source missingness unless an explicit derived rule applies.,Missing remains missing; no implicit zero fill.,Primary derived cohort covers 2010-2024; consult source coverage and separate historical sensitivity.,,,,all,visit-level source or Phase 2 derived analytical field,
concordance_visit_core,78,physician_gender_source,string,one row per ED visit,,provider_master_v2.gender_source_v2,Provenance of the binary administrative physician-gender category. Recorded NPPES/CMS sources define the primary cohort; SSA first-name imputation is expanded-sensitivity only.,Preserve source missingness unless an explicit derived rule applies.,Missing remains missing; no implicit zero fill.,Primary derived cohort covers 2010-2024; consult source coverage and separate historical sensitivity.,Administrative binary categories are not self-identified gender identity and are mostly current snapshots.,,,all,visit-level source or Phase 2 derived analytical field,
concordance_visit_core,79,physician_race_proxy_primary_label,string,one row per ED visit,,Phase 2 derived,See locked cohort builder and source release dictionary.,Preserve source missingness unless an explicit derived rule applies.,Missing remains missing; no implicit zero fill.,Primary derived cohort covers 2010-2024; consult source coverage and separate historical sensitivity.,,,,all,visit-level source or Phase 2 derived analytical field,
concordance_visit_core,80,physician_race_proxy_method_id,string,one row per ED visit,,Phase 2 derived,See locked cohort builder and source release dictionary.,Preserve source missingness unless an explicit derived rule applies.,Missing remains missing; no implicit zero fill.,Primary derived cohort covers 2010-2024; consult source coverage and separate historical sensitivity.,,,,all,visit-level source or Phase 2 derived analytical field,
concordance_visit_core,81,physician_race_ethnicity_proxy_source,string,one row per ED visit,,Phase 2 derived,See locked cohort builder and source release dictionary.,Preserve source missingness unless an explicit derived rule applies.,Missing remains missing; no implicit zero fill.,Primary derived cohort covers 2010-2024; consult source coverage and separate historical sensitivity.,,,,all,visit-level source or Phase 2 derived analytical field,
concordance_visit_core,82,physician_race_proxy_prob_white,double,one row per ED visit,,Phase 2 derived,See locked cohort builder and source release dictionary.,Preserve source missingness unless an explicit derived rule applies.,Missing remains missing; no implicit zero fill.,Primary derived cohort covers 2010-2024; consult source coverage and separate historical sensitivity.,,,,all,visit-level source or Phase 2 derived analytical field,
concordance_visit_core,83,physician_race_proxy_prob_black,double,one row per ED visit,,Phase 2 derived,See locked cohort builder and source release dictionary.,Preserve source missingness unless an explicit derived rule applies.,Missing remains missing; no implicit zero fill.,Primary derived cohort covers 2010-2024; consult source coverage and separate historical sensitivity.,,,,all,visit-level source or Phase 2 derived analytical field,
concordance_visit_core,84,physician_race_proxy_prob_hispanic,double,one row per ED visit,,Phase 2 derived,See locked cohort builder and source release dictionary.,Preserve source missingness unless an explicit derived rule applies.,Missing remains missing; no implicit zero fill.,Primary derived cohort covers 2010-2024; consult source coverage and separate historical sensitivity.,,,,all,visit-level source or Phase 2 derived analytical field,
concordance_visit_core,85,physician_race_proxy_prob_asian,double,one row per ED visit,,Phase 2 derived,See locked cohort builder and source release dictionary.,Preserve source missingness unless an explicit derived rule applies.,Missing remains missing; no implicit zero fill.,Primary derived cohort covers 2010-2024; consult source coverage and separate historical sensitivity.,,,,all,visit-level source or Phase 2 derived analytical field,
concordance_visit_core,86,physician_race_proxy_prob_other,double,one row per ED visit,,Phase 2 derived,See locked cohort builder and source release dictionary.,Preserve source missingness unless an explicit derived rule applies.,Missing remains missing; no implicit zero fill.,Primary derived cohort covers 2010-2024; consult source coverage and separate historical sensitivity.,,,,all,visit-level source or Phase 2 derived analytical field,
concordance_visit_core,87,physician_race_population_prob_white,double,one row per ED visit,,Phase 2 derived,See locked cohort builder and source release dictionary.,Preserve source missingness unless an explicit derived rule applies.,Missing remains missing; no implicit zero fill.,Primary derived cohort covers 2010-2024; consult source coverage and separate historical sensitivity.,,,,all,visit-level source or Phase 2 derived analytical field,
concordance_visit_core,88,physician_race_population_prob_black,double,one row per ED visit,,Phase 2 derived,See locked cohort builder and source release dictionary.,Preserve source missingness unless an explicit derived rule applies.,Missing remains missing; no implicit zero fill.,Primary derived cohort covers 2010-2024; consult source coverage and separate historical sensitivity.,,,,all,visit-level source or Phase 2 derived analytical field,
concordance_visit_core,89,physician_race_population_prob_hispanic,double,one row per ED visit,,Phase 2 derived,See locked cohort builder and source release dictionary.,Preserve source missingness unless an explicit derived rule applies.,Missing remains missing; no implicit zero fill.,Primary derived cohort covers 2010-2024; consult source coverage and separate historical sensitivity.,,,,all,visit-level source or Phase 2 derived analytical field,
concordance_visit_core,90,physician_race_population_prob_asian,double,one row per ED visit,,Phase 2 derived,See locked cohort builder and source release dictionary.,Preserve source missingness unless an explicit derived rule applies.,Missing remains missing; no implicit zero fill.,Primary derived cohort covers 2010-2024; consult source coverage and separate historical sensitivity.,,,,all,visit-level source or Phase 2 derived analytical field,
concordance_visit_core,91,physician_race_population_prob_other,double,one row per ED visit,,Phase 2 derived,See locked cohort builder and source release dictionary.,Preserve source missingness unless an explicit derived rule applies.,Missing remains missing; no implicit zero fill.,Primary derived cohort covers 2010-2024; consult source coverage and separate historical sensitivity.,,,,all,visit-level source or Phase 2 derived analytical field,
concordance_visit_core,92,physician_race_imputation_confidence,double,one row per ED visit,,race_proxy_primary_max_probability,"Maximum of five Bayesian posterior race/ethnicity probabilities from matched surname, first name, and available middle name using the Florida active-physician prior.",Preserve source missingness unless an explicit derived rule applies.,Missing remains missing; no implicit zero fill.,Primary derived cohort covers 2010-2024; consult source coverage and separate historical sensitivity.,Name-only probability without residential geography; not BISG and not self-reported identity.,,,all,visit-level source or Phase 2 derived analytical field,
concordance_visit_core,93,physician_race_proxy_black_white_mass,double,one row per ED visit,,Phase 2 derived,See locked cohort builder and source release dictionary.,Preserve source missingness unless an explicit derived rule applies.,Missing remains missing; no implicit zero fill.,Primary derived cohort covers 2010-2024; consult source coverage and separate historical sensitivity.,,,,all,visit-level source or Phase 2 derived analytical field,
concordance_visit_core,94,physician_race_proxy_prob_black_conditional_bw,double,one row per ED visit,,Phase 2 derived,See locked cohort builder and source release dictionary.,Preserve source missingness unless an explicit derived rule applies.,Missing remains missing; no implicit zero fill.,Primary derived cohort covers 2010-2024; consult source coverage and separate historical sensitivity.,,,,all,visit-level source or Phase 2 derived analytical field,
concordance_visit_core,95,physician_race_proxy_normalized_entropy,double,one row per ED visit,,Phase 2 derived,See locked cohort builder and source release dictionary.,Preserve source missingness unless an explicit derived rule applies.,Missing remains missing; no implicit zero fill.,Primary derived cohort covers 2010-2024; consult source coverage and separate historical sensitivity.,,,,all,visit-level source or Phase 2 derived analytical field,
concordance_visit_core,96,physician_race_last_match_flag,bool,one row per ED visit,,Phase 2 derived,See locked cohort builder and source release dictionary.,Preserve source missingness unless an explicit derived rule applies.,Missing remains missing; no implicit zero fill.,Primary derived cohort covers 2010-2024; consult source coverage and separate historical sensitivity.,,,,all,visit-level source or Phase 2 derived analytical field,
concordance_visit_core,97,physician_race_first_match_flag,bool,one row per ED visit,,Phase 2 derived,See locked cohort builder and source release dictionary.,Preserve source missingness unless an explicit derived rule applies.,Missing remains missing; no implicit zero fill.,Primary derived cohort covers 2010-2024; consult source coverage and separate historical sensitivity.,,,,all,visit-level source or Phase 2 derived analytical field,
concordance_visit_core,98,physician_race_middle_match_flag,bool,one row per ED visit,,Phase 2 derived,See locked cohort builder and source release dictionary.,Preserve source missingness unless an explicit derived rule applies.,Missing remains missing; no implicit zero fill.,Primary derived cohort covers 2010-2024; consult source coverage and separate historical sensitivity.,,,,all,visit-level source or Phase 2 derived analytical field,
concordance_visit_core,99,physician_race_name_match_pattern,string,one row per ED visit,,Phase 2 derived,See locked cohort builder and source release dictionary.,Preserve source missingness unless an explicit derived rule applies.,Missing remains missing; no implicit zero fill.,Primary derived cohort covers 2010-2024; consult source coverage and separate historical sensitivity.,,,,all,visit-level source or Phase 2 derived analytical field,
concordance_visit_core,100,phase1_surname_prob_white,double,one row per ED visit,,Phase 2 derived,See locked cohort builder and source release dictionary.,Preserve source missingness unless an explicit derived rule applies.,Missing remains missing; no implicit zero fill.,Primary derived cohort covers 2010-2024; consult source coverage and separate historical sensitivity.,,,,all,visit-level source or Phase 2 derived analytical field,
concordance_visit_core,101,phase1_surname_prob_black,double,one row per ED visit,,Phase 2 derived,See locked cohort builder and source release dictionary.,Preserve source missingness unless an explicit derived rule applies.,Missing remains missing; no implicit zero fill.,Primary derived cohort covers 2010-2024; consult source coverage and separate historical sensitivity.,,,,all,visit-level source or Phase 2 derived analytical field,
concordance_visit_core,102,phase1_surname_prob_hispanic,double,one row per ED visit,,Phase 2 derived,See locked cohort builder and source release dictionary.,Preserve source missingness unless an explicit derived rule applies.,Missing remains missing; no implicit zero fill.,Primary derived cohort covers 2010-2024; consult source coverage and separate historical sensitivity.,,,,all,visit-level source or Phase 2 derived analytical field,
concordance_visit_core,103,phase1_surname_prob_asian_pi,double,one row per ED visit,,Phase 2 derived,See locked cohort builder and source release dictionary.,Preserve source missingness unless an explicit derived rule applies.,Missing remains missing; no implicit zero fill.,Primary derived cohort covers 2010-2024; consult source coverage and separate historical sensitivity.,,,,all,visit-level source or Phase 2 derived analytical field,
concordance_visit_core,104,phase1_surname_prob_aian,double,one row per ED visit,,Phase 2 derived,See locked cohort builder and source release dictionary.,Preserve source missingness unless an explicit derived rule applies.,Missing remains missing; no implicit zero fill.,Primary derived cohort covers 2010-2024; consult source coverage and separate historical sensitivity.,,,,all,visit-level source or Phase 2 derived analytical field,
concordance_visit_core,105,phase1_surname_prob_multiracial,double,one row per ED visit,,Phase 2 derived,See locked cohort builder and source release dictionary.,Preserve source missingness unless an explicit derived rule applies.,Missing remains missing; no implicit zero fill.,Primary derived cohort covers 2010-2024; consult source coverage and separate historical sensitivity.,,,,all,visit-level source or Phase 2 derived analytical field,
concordance_visit_core,106,attending_taxonomy_display_name,string,one row per ED visit,,attending_taxonomy_display_name,Primary NPPES taxonomy display name for the linked attending practitioner.,Preserve source missingness unless an explicit derived rule applies.,Missing remains missing; no implicit zero fill.,Primary derived cohort covers 2010-2024; consult source coverage and separate historical sensitivity.,Computed from reopened Parquet row-group metadata,Physician linkage,Physician-linked enhancement,all,visit-level source or Phase 2 derived analytical field,
concordance_visit_core,107,attending_cms_primary_specialty,string,one row per ED visit,,attending_cms_primary_specialty,CMS primary specialty for the linked attending practitioner when available.,Preserve source missingness unless an explicit derived rule applies.,Missing remains missing; no implicit zero fill.,Primary derived cohort covers 2010-2024; consult source coverage and separate historical sensitivity.,Computed from reopened Parquet row-group metadata,Physician linkage,Physician-linked enhancement,all,visit-level source or Phase 2 derived analytical field,
concordance_visit_core,108,attending_ed_specialist_flag,bool,one row per ED visit,,attending_ed_specialist_flag,Emergency-medicine specialist classification for the linked attending practitioner based on taxonomy/specialty.,Preserve source missingness unless an explicit derived rule applies.,Missing remains missing; no implicit zero fill.,Primary derived cohort covers 2010-2024; consult source coverage and separate historical sensitivity.,Computed from reopened Parquet row-group metadata,Physician linkage,Physician-linked enhancement,all,visit-level source or Phase 2 derived analytical field,
concordance_visit_core,109,attending_years_since_medical_school,int64,one row per ED visit,,attending_years_since_medical_school,Years from medical-school graduation to the visit year for the linked attending practitioner; null when graduation year is unavailable or implausible.,Preserve source missingness unless an explicit derived rule applies.,Missing remains missing; no implicit zero fill.,Primary derived cohort covers 2010-2024; consult source coverage and separate historical sensitivity.,Computed from reopened Parquet row-group metadata,Physician linkage,Physician-linked enhancement,all,visit-level source or Phase 2 derived analytical field,
concordance_visit_core,110,physician_experience_missing_flag,bool,one row per ED visit,,Phase 2 derived,See locked cohort builder and source release dictionary.,Preserve source missingness unless an explicit derived rule applies.,Missing remains missing; no implicit zero fill.,Primary derived cohort covers 2010-2024; consult source coverage and separate historical sensitivity.,,,,all,visit-level source or Phase 2 derived analytical field,
concordance_visit_core,111,attending_has_fl_doh_hospital_privilege,bool,one row per ED visit,,attending_has_fl_doh_hospital_privilege,True when the linked attending NPI has at least one Florida DOH hospital-privilege record.,Preserve source missingness unless an explicit derived rule applies.,Missing remains missing; no implicit zero fill.,Primary derived cohort covers 2010-2024; consult source coverage and separate historical sensitivity.,Computed from reopened Parquet row-group metadata,Physician linkage,Physician-linked enhancement,all,visit-level source or Phase 2 derived analytical field,
concordance_visit_core,112,attending_doh_hospital_privilege_count,int64,one row per ED visit,,attending_doh_hospital_privilege_count,Count of normalized Florida DOH hospital affiliations for the linked attending NPI.,Preserve source missingness unless an explicit derived rule applies.,Missing remains missing; no implicit zero fill.,Primary derived cohort covers 2010-2024; consult source coverage and separate historical sensitivity.,Computed from reopened Parquet row-group metadata,Physician linkage,Physician-linked enhancement,all,visit-level source or Phase 2 derived analytical field,
concordance_visit_core,113,attending_has_cms_group_practice_affiliation,bool,one row per ED visit,,attending_has_cms_group_practice_affiliation,True when the linked attending NPI has at least one CMS group-practice affiliation.,Preserve source missingness unless an explicit derived rule applies.,Missing remains missing; no implicit zero fill.,Primary derived cohort covers 2010-2024; consult source coverage and separate historical sensitivity.,Computed from reopened Parquet row-group metadata,Physician linkage,Physician-linked enhancement,all,visit-level source or Phase 2 derived analytical field,
concordance_visit_core,114,attending_cms_group_practice_count,int64,one row per ED visit,,attending_cms_group_practice_count,Count of normalized CMS group-practice affiliations for the linked attending NPI.,Preserve source missingness unless an explicit derived rule applies.,Missing remains missing; no implicit zero fill.,Primary derived cohort covers 2010-2024; consult source coverage and separate historical sensitivity.,Computed from reopened Parquet row-group metadata,Physician linkage,Physician-linked enhancement,all,visit-level source or Phase 2 derived analytical field,
concordance_visit_core,115,attending_has_cms_current_facility_affiliation,bool,one row per ED visit,,Phase 2 derived,See locked cohort builder and source release dictionary.,Preserve source missingness unless an explicit derived rule applies.,Missing remains missing; no implicit zero fill.,Primary derived cohort covers 2010-2024; consult source coverage and separate historical sensitivity.,,,,all,visit-level source or Phase 2 derived analytical field,
concordance_visit_core,116,attending_cms_facility_certification_count,uint32,one row per ED visit,,Phase 2 derived,See locked cohort builder and source release dictionary.,Preserve source missingness unless an explicit derived rule applies.,Missing remains missing; no implicit zero fill.,Primary derived cohort covers 2010-2024; consult source coverage and separate historical sensitivity.,,,,all,visit-level source or Phase 2 derived analytical field,
concordance_visit_core,117,attending_has_any_current_hospital_affiliation,bool,one row per ED visit,,Phase 2 derived,See locked cohort builder and source release dictionary.,Preserve source missingness unless an explicit derived rule applies.,Missing remains missing; no implicit zero fill.,Primary derived cohort covers 2010-2024; consult source coverage and separate historical sensitivity.,,,,all,visit-level source or Phase 2 derived analytical field,
concordance_visit_core,118,attending_quarter_volume_all_ed,int64,one row per ED visit,,Phase 2 derived,See locked cohort builder and source release dictionary.,Preserve source missingness unless an explicit derived rule applies.,Missing remains missing; no implicit zero fill.,Primary derived cohort covers 2010-2024; consult source coverage and separate historical sensitivity.,,,,all,visit-level source or Phase 2 derived analytical field,
concordance_visit_core,119,attending_year_volume_all_ed,double,one row per ED visit,,Phase 2 derived,See locked cohort builder and source release dictionary.,Preserve source missingness unless an explicit derived rule applies.,Missing remains missing; no implicit zero fill.,Primary derived cohort covers 2010-2024; consult source coverage and separate historical sensitivity.,,,,all,visit-level source or Phase 2 derived analytical field,
concordance_visit_core,120,race_pair_defined_nh_flag,bool,one row per ED visit,,Phase 2 derived,See locked cohort builder and source release dictionary.,Preserve source missingness unless an explicit derived rule applies.,Missing remains missing; no implicit zero fill.,Primary derived cohort covers 2010-2024; consult source coverage and separate historical sensitivity.,,,,all,visit-level source or Phase 2 derived analytical field,
concordance_visit_core,121,race_pair_defined_race_only_flag,bool,one row per ED visit,,Phase 2 derived,See locked cohort builder and source release dictionary.,Preserve source missingness unless an explicit derived rule applies.,Missing remains missing; no implicit zero fill.,Primary derived cohort covers 2010-2024; consult source coverage and separate historical sensitivity.,,,,all,visit-level source or Phase 2 derived analytical field,
concordance_visit_core,122,race_pair_category,string,one row per ED visit,,patient_race_category; patient_ethnicity_category; physician_race_proxy_primary_label,Four-level non-Hispanic Black/White physician-proxy–patient pair; physician category is written first.,Preserve source missingness unless an explicit derived rule applies.,Undefined outside non-Hispanic Black/White patient and Black/White physician-proxy combinations.,Primary 2010-2024 only; historical combined semantics analyzed separately.,"Physician race/ethnicity is a Bayesian full-name analytical probability proxy without residential geography, not BISG or self-reported identity.",,,all,visit-level source or Phase 2 derived analytical field,
concordance_visit_core,123,black_black,uint8,one row per ED visit,,race_pair_category,1 for full-name-proxy Black physician and recorded non-Hispanic Black patient; physician first.,Preserve source missingness unless an explicit derived rule applies.,Missing remains missing; no implicit zero fill.,Primary derived cohort covers 2010-2024; consult source coverage and separate historical sensitivity.,,,,all,visit-level source or Phase 2 derived analytical field,
concordance_visit_core,124,black_white,uint8,one row per ED visit,,race_pair_category,1 for full-name-proxy Black physician and recorded non-Hispanic White patient; physician first.,Preserve source missingness unless an explicit derived rule applies.,Missing remains missing; no implicit zero fill.,Primary derived cohort covers 2010-2024; consult source coverage and separate historical sensitivity.,,,,all,visit-level source or Phase 2 derived analytical field,
concordance_visit_core,125,white_black,uint8,one row per ED visit,,race_pair_category,1 for full-name-proxy White physician and recorded non-Hispanic Black patient; physician first.,Preserve source missingness unless an explicit derived rule applies.,Missing remains missing; no implicit zero fill.,Primary derived cohort covers 2010-2024; consult source coverage and separate historical sensitivity.,,,,all,visit-level source or Phase 2 derived analytical field,
concordance_visit_core,126,white_white,uint8,one row per ED visit,,race_pair_category,1 for full-name-proxy White physician and recorded non-Hispanic White patient; physician first.,Preserve source missingness unless an explicit derived rule applies.,Missing remains missing; no implicit zero fill.,Primary derived cohort covers 2010-2024; consult source coverage and separate historical sensitivity.,,,,all,visit-level source or Phase 2 derived analytical field,
concordance_visit_core,127,patient_black_flag,uint8,one row per ED visit,,Phase 2 derived,See locked cohort builder and source release dictionary.,Preserve source missingness unless an explicit derived rule applies.,Missing remains missing; no implicit zero fill.,Primary derived cohort covers 2010-2024; consult source coverage and separate historical sensitivity.,,,,all,visit-level source or Phase 2 derived analytical field,
concordance_visit_core,128,physician_black_imputed_flag,uint8,one row per ED visit,,Phase 2 derived,See locked cohort builder and source release dictionary.,Preserve source missingness unless an explicit derived rule applies.,Missing remains missing; no implicit zero fill.,Primary derived cohort covers 2010-2024; consult source coverage and separate historical sensitivity.,,,,all,visit-level source or Phase 2 derived analytical field,
concordance_visit_core,129,physician_race_imputation_available_flag,bool,one row per ED visit,,Phase 2 derived,See locked cohort builder and source release dictionary.,Preserve source missingness unless an explicit derived rule applies.,Missing remains missing; no implicit zero fill.,Primary derived cohort covers 2010-2024; consult source coverage and separate historical sensitivity.,,,,all,visit-level source or Phase 2 derived analytical field,
concordance_visit_core,130,black_racial_concordance_flag,bool,one row per ED visit,,Phase 2 derived,See locked cohort builder and source release dictionary.,Preserve source missingness unless an explicit derived rule applies.,Missing remains missing; no implicit zero fill.,Primary derived cohort covers 2010-2024; consult source coverage and separate historical sensitivity.,,,,all,visit-level source or Phase 2 derived analytical field,
concordance_visit_core,131,racial_concordance_flag,bool,one row per ED visit,,Phase 2 derived,See locked cohort builder and source release dictionary.,Preserve source missingness unless an explicit derived rule applies.,Missing remains missing; no implicit zero fill.,Primary derived cohort covers 2010-2024; consult source coverage and separate historical sensitivity.,,,,all,visit-level source or Phase 2 derived analytical field,
concordance_visit_core,132,race_primary_eligible_t50_flag,bool,one row per ED visit,,race_pair_defined_nh_flag; physician_linkage_method; physician_race_imputation_confidence,"Direct validated attending NPI, matched MD/DO, defined non-Hispanic Black/White pair, matched first and last name, full-name-proxy maximum posterior probability >=0.50.",Preserve source missingness unless an explicit derived rule applies.,Missing remains missing; no implicit zero fill.,2010-2024 primary period only.,"Selection depends on direct physician linkage, individual MD/DO classification, and full-name probability availability.",,,all,visit-level source or Phase 2 derived analytical field,
concordance_visit_core,133,race_primary_eligible_t70_flag,bool,one row per ED visit,,Phase 2 derived,See locked cohort builder and source release dictionary.,Preserve source missingness unless an explicit derived rule applies.,Missing remains missing; no implicit zero fill.,Primary derived cohort covers 2010-2024; consult source coverage and separate historical sensitivity.,,,,all,visit-level source or Phase 2 derived analytical field,
concordance_visit_core,134,race_primary_eligible_t80_flag,bool,one row per ED visit,,Phase 2 derived,See locked cohort builder and source release dictionary.,Preserve source missingness unless an explicit derived rule applies.,Missing remains missing; no implicit zero fill.,Primary derived cohort covers 2010-2024; consult source coverage and separate historical sensitivity.,,,,all,visit-level source or Phase 2 derived analytical field,
concordance_visit_core,135,race_primary_eligible_t90_flag,bool,one row per ED visit,,Phase 2 derived,See locked cohort builder and source release dictionary.,Preserve source missingness unless an explicit derived rule applies.,Missing remains missing; no implicit zero fill.,Primary derived cohort covers 2010-2024; consult source coverage and separate historical sensitivity.,,,,all,visit-level source or Phase 2 derived analytical field,
concordance_visit_core,136,sex_gender_pair_defined_flag,bool,one row per ED visit,,Phase 2 derived,See locked cohort builder and source release dictionary.,Preserve source missingness unless an explicit derived rule applies.,Missing remains missing; no implicit zero fill.,Primary derived cohort covers 2010-2024; consult source coverage and separate historical sensitivity.,,,,all,visit-level source or Phase 2 derived analytical field,
concordance_visit_core,137,sex_gender_pair_category,string,one row per ED visit,,patient_sex_category; physician_gender_category,Four-level recorded patient sex–physician gender pair; physician category is written first.,Preserve source missingness unless an explicit derived rule applies.,Undefined when either source is not Female or Male; unknown and ambiguous categories remain visible in QA tables.,Primary derived cohort covers 2010-2024; consult source coverage and separate historical sensitivity.,Neither variable is interpreted as gender identity.,,,all,visit-level source or Phase 2 derived analytical field,
concordance_visit_core,138,female_female,uint8,one row per ED visit,,sex_gender_pair_category,1 for Female physician gender and Female recorded patient sex.,Preserve source missingness unless an explicit derived rule applies.,Missing remains missing; no implicit zero fill.,Primary derived cohort covers 2010-2024; consult source coverage and separate historical sensitivity.,,,,all,visit-level source or Phase 2 derived analytical field,
concordance_visit_core,139,female_male,uint8,one row per ED visit,,sex_gender_pair_category,1 for Female physician gender and Male recorded patient sex.,Preserve source missingness unless an explicit derived rule applies.,Missing remains missing; no implicit zero fill.,Primary derived cohort covers 2010-2024; consult source coverage and separate historical sensitivity.,,,,all,visit-level source or Phase 2 derived analytical field,
concordance_visit_core,140,male_female,uint8,one row per ED visit,,sex_gender_pair_category,1 for Male physician gender and Female recorded patient sex.,Preserve source missingness unless an explicit derived rule applies.,Missing remains missing; no implicit zero fill.,Primary derived cohort covers 2010-2024; consult source coverage and separate historical sensitivity.,,,,all,visit-level source or Phase 2 derived analytical field,
concordance_visit_core,141,male_male,uint8,one row per ED visit,,sex_gender_pair_category,1 for Male physician gender and Male recorded patient sex.,Preserve source missingness unless an explicit derived rule applies.,Missing remains missing; no implicit zero fill.,Primary derived cohort covers 2010-2024; consult source coverage and separate historical sensitivity.,,,,all,visit-level source or Phase 2 derived analytical field,
concordance_visit_core,142,sex_gender_concordance_flag,bool,one row per ED visit,,Phase 2 derived,See locked cohort builder and source release dictionary.,Preserve source missingness unless an explicit derived rule applies.,Missing remains missing; no implicit zero fill.,Primary derived cohort covers 2010-2024; consult source coverage and separate historical sensitivity.,,,,all,visit-level source or Phase 2 derived analytical field,
concordance_visit_core,143,sex_gender_primary_eligible_flag,bool,one row per ED visit,,sex_gender_pair_defined_flag; physician_linkage_method; physician_md_do_flag,"Binary hierarchy-eligible flag written by the provider-v2 cohort: direct validated attending NPI, individual MD/DO, and defined Female/Male patient and physician categories.",The model-matrix primary filter additionally requires physician_gender_source to be recorded NPPES or CMS. The cohort flag alone is not the final recorded-source primary rule.,Missing remains missing; no implicit zero fill.,Primary derived cohort covers 2010-2024; consult source coverage and separate historical sensitivity.,SSA name-imputed physician gender can satisfy this intermediate flag but is excluded from primary model matrices.,,,all,visit-level source or Phase 2 derived analytical field,
concordance_visit_core,144,ami_icd9_principal_strict_flag,bool,one row per ED visit,,principal_diagnosis_code_norm,Principal ICD-9-CM acute myocardial infarction code 410.X1.,Preserve source missingness unless an explicit derived rule applies.,Missing remains missing; no implicit zero fill.,ICD-9-CM era only.,,,,all,visit-level source or Phase 2 derived analytical field,
concordance_visit_core,145,ami_icd9_principal_broad_flag,bool,one row per ED visit,,Phase 2 derived,See locked cohort builder and source release dictionary.,Preserve source missingness unless an explicit derived rule applies.,Missing remains missing; no implicit zero fill.,Primary derived cohort covers 2010-2024; consult source coverage and separate historical sensitivity.,,,,all,visit-level source or Phase 2 derived analytical field,
concordance_visit_core,146,ami_icd10_principal_primary_flag,bool,one row per ED visit,,principal_diagnosis_code_norm,Principal ICD-10-CM acute myocardial infarction I21.0-I21.4 or I21.9.,Preserve source missingness unless an explicit derived rule applies.,Missing remains missing; no implicit zero fill.,ICD-10-CM era only.,,,,all,visit-level source or Phase 2 derived analytical field,
concordance_visit_core,147,ami_icd10_principal_type2_other_flag,bool,one row per ED visit,,Phase 2 derived,See locked cohort builder and source release dictionary.,Preserve source missingness unless an explicit derived rule applies.,Missing remains missing; no implicit zero fill.,Primary derived cohort covers 2010-2024; consult source coverage and separate historical sensitivity.,,,,all,visit-level source or Phase 2 derived analytical field,
concordance_visit_core,148,ami_icd9_anylisted_strict_flag,uint8,one row per ED visit,,Phase 2 derived,See locked cohort builder and source release dictionary.,Preserve source missingness unless an explicit derived rule applies.,Missing remains missing; no implicit zero fill.,Primary derived cohort covers 2010-2024; consult source coverage and separate historical sensitivity.,,,,all,visit-level source or Phase 2 derived analytical field,
concordance_visit_core,149,ami_icd9_anylisted_broad_flag,uint8,one row per ED visit,,Phase 2 derived,See locked cohort builder and source release dictionary.,Preserve source missingness unless an explicit derived rule applies.,Missing remains missing; no implicit zero fill.,Primary derived cohort covers 2010-2024; consult source coverage and separate historical sensitivity.,,,,all,visit-level source or Phase 2 derived analytical field,
concordance_visit_core,150,ami_icd10_anylisted_primary_flag,uint8,one row per ED visit,,Phase 2 derived,See locked cohort builder and source release dictionary.,Preserve source missingness unless an explicit derived rule applies.,Missing remains missing; no implicit zero fill.,Primary derived cohort covers 2010-2024; consult source coverage and separate historical sensitivity.,,,,all,visit-level source or Phase 2 derived analytical field,
concordance_visit_core,151,ami_icd10_anylisted_type2_other_flag,uint8,one row per ED visit,,Phase 2 derived,See locked cohort builder and source release dictionary.,Preserve source missingness unless an explicit derived rule applies.,Missing remains missing; no implicit zero fill.,Primary derived cohort covers 2010-2024; consult source coverage and separate historical sensitivity.,,,,all,visit-level source or Phase 2 derived analytical field,
concordance_visit_core,152,ami_icd10_anylisted_i22_flag,uint8,one row per ED visit,,Phase 2 derived,See locked cohort builder and source release dictionary.,Preserve source missingness unless an explicit derived rule applies.,Missing remains missing; no implicit zero fill.,Primary derived cohort covers 2010-2024; consult source coverage and separate historical sensitivity.,,,,all,visit-level source or Phase 2 derived analytical field,
concordance_visit_core,153,ami_i22_with_i21_same_visit_flag,bool,one row per ED visit,,Phase 2 derived,See locked cohort builder and source release dictionary.,Preserve source missingness unless an explicit derived rule applies.,Missing remains missing; no implicit zero fill.,Primary derived cohort covers 2010-2024; consult source coverage and separate historical sensitivity.,,,,all,visit-level source or Phase 2 derived analytical field,
concordance_charge_components,1,visit_key,string,one row per ED visit,primary visit key component,visit_key,"Stable, pipeline-generated encounter key. It preserves every source row and adds a deterministic duplicate ordinal when a released source record identifier repeats.",Preserve source missingness unless an explicit derived rule applies.,Missing remains missing; no implicit zero fill.,Primary derived cohort covers 2010-2024; consult source coverage and separate historical sensitivity.,Computed from reopened Parquet row-group metadata,Encounter provenance,Derived enhancement,all,visit-level source or Phase 2 derived analytical field,
concordance_charge_components,2,visit_year,int64,one row per ED visit,primary visit key component,visit_year,Visit year.,Preserve source missingness unless an explicit derived rule applies.,Missing remains missing; no implicit zero fill.,Primary derived cohort covers 2010-2024; consult source coverage and separate historical sensitivity.,Computed from reopened Parquet row-group metadata,Encounter provenance,Source-preserved,all,visit-level source or Phase 2 derived analytical field,
concordance_charge_components,3,visit_quarter,int64,one row per ED visit,primary visit key component,visit_quarter,Visit quarter.,Preserve source missingness unless an explicit derived rule applies.,Missing remains missing; no implicit zero fill.,Primary derived cohort covers 2010-2024; consult source coverage and separate historical sensitivity.,Computed from reopened Parquet row-group metadata,Encounter provenance,Source-preserved,all,visit-level source or Phase 2 derived analytical field,
concordance_charge_components,4,pharmchgs,double,one row per ED visit,,pharmchgs,Numeric parsed charge for pharmchgs; invalid or missing source values are null.,Preserve source missingness unless an explicit derived rule applies.,Missing remains missing; no implicit zero fill.,Primary derived cohort covers 2010-2024; consult source coverage and separate historical sensitivity.,Computed from reopened Parquet row-group metadata,Charges,Derived enhancement,all,visit-level source or Phase 2 derived analytical field,
concordance_charge_components,5,pharmchgs_real_2024,double,one row per ED visit,,Phase 2 derived,See locked cohort builder and source release dictionary.,Preserve source missingness unless an explicit derived rule applies.,Missing remains missing; no implicit zero fill.,Primary derived cohort covers 2010-2024; consult source coverage and separate historical sensitivity.,,,,all,visit-level source or Phase 2 derived analytical field,
concordance_charge_components,6,medchgs,double,one row per ED visit,,medchgs,Numeric parsed charge for medchgs; invalid or missing source values are null.,Preserve source missingness unless an explicit derived rule applies.,Missing remains missing; no implicit zero fill.,Primary derived cohort covers 2010-2024; consult source coverage and separate historical sensitivity.,Computed from reopened Parquet row-group metadata,Charges,Derived enhancement,all,visit-level source or Phase 2 derived analytical field,
concordance_charge_components,7,medchgs_real_2024,double,one row per ED visit,,Phase 2 derived,See locked cohort builder and source release dictionary.,Preserve source missingness unless an explicit derived rule applies.,Missing remains missing; no implicit zero fill.,Primary derived cohort covers 2010-2024; consult source coverage and separate historical sensitivity.,,,,all,visit-level source or Phase 2 derived analytical field,
concordance_charge_components,8,labchgs,double,one row per ED visit,,labchgs,Numeric parsed charge for labchgs; invalid or missing source values are null.,Preserve source missingness unless an explicit derived rule applies.,Missing remains missing; no implicit zero fill.,Primary derived cohort covers 2010-2024; consult source coverage and separate historical sensitivity.,Computed from reopened Parquet row-group metadata,Charges,Derived enhancement,all,visit-level source or Phase 2 derived analytical field,
concordance_charge_components,9,labchgs_real_2024,double,one row per ED visit,,Phase 2 derived,See locked cohort builder and source release dictionary.,Preserve source missingness unless an explicit derived rule applies.,Missing remains missing; no implicit zero fill.,Primary derived cohort covers 2010-2024; consult source coverage and separate historical sensitivity.,,,,all,visit-level source or Phase 2 derived analytical field,
concordance_charge_components,10,radchgs,double,one row per ED visit,,radchgs,Numeric parsed charge for radchgs; invalid or missing source values are null.,Preserve source missingness unless an explicit derived rule applies.,Missing remains missing; no implicit zero fill.,Primary derived cohort covers 2010-2024; consult source coverage and separate historical sensitivity.,Computed from reopened Parquet row-group metadata,Charges,Derived enhancement,all,visit-level source or Phase 2 derived analytical field,
concordance_charge_components,11,radchgs_real_2024,double,one row per ED visit,,Phase 2 derived,See locked cohort builder and source release dictionary.,Preserve source missingness unless an explicit derived rule applies.,Missing remains missing; no implicit zero fill.,Primary derived cohort covers 2010-2024; consult source coverage and separate historical sensitivity.,,,,all,visit-level source or Phase 2 derived analytical field,
concordance_charge_components,12,cardiochgs,double,one row per ED visit,,cardiochgs,Numeric parsed charge for cardiochgs; invalid or missing source values are null.,Preserve source missingness unless an explicit derived rule applies.,Missing remains missing; no implicit zero fill.,Primary derived cohort covers 2010-2024; consult source coverage and separate historical sensitivity.,Computed from reopened Parquet row-group metadata,Charges,Derived enhancement,all,visit-level source or Phase 2 derived analytical field,
concordance_charge_components,13,cardiochgs_real_2024,double,one row per ED visit,,Phase 2 derived,See locked cohort builder and source release dictionary.,Preserve source missingness unless an explicit derived rule applies.,Missing remains missing; no implicit zero fill.,Primary derived cohort covers 2010-2024; consult source coverage and separate historical sensitivity.,,,,all,visit-level source or Phase 2 derived analytical field,
concordance_charge_components,14,oprmchgs,double,one row per ED visit,,oprmchgs,Numeric parsed charge for oprmchgs; invalid or missing source values are null.,Preserve source missingness unless an explicit derived rule applies.,Missing remains missing; no implicit zero fill.,Primary derived cohort covers 2010-2024; consult source coverage and separate historical sensitivity.,Computed from reopened Parquet row-group metadata,Charges,Derived enhancement,all,visit-level source or Phase 2 derived analytical field,
concordance_charge_components,15,oprmchgs_real_2024,double,one row per ED visit,,Phase 2 derived,See locked cohort builder and source release dictionary.,Preserve source missingness unless an explicit derived rule applies.,Missing remains missing; no implicit zero fill.,Primary derived cohort covers 2010-2024; consult source coverage and separate historical sensitivity.,,,,all,visit-level source or Phase 2 derived analytical field,
concordance_charge_components,16,aneschgs,double,one row per ED visit,,aneschgs,Numeric parsed charge for aneschgs; invalid or missing source values are null.,Preserve source missingness unless an explicit derived rule applies.,Missing remains missing; no implicit zero fill.,Primary derived cohort covers 2010-2024; consult source coverage and separate historical sensitivity.,Computed from reopened Parquet row-group metadata,Charges,Derived enhancement,all,visit-level source or Phase 2 derived analytical field,
concordance_charge_components,17,aneschgs_real_2024,double,one row per ED visit,,Phase 2 derived,See locked cohort builder and source release dictionary.,Preserve source missingness unless an explicit derived rule applies.,Missing remains missing; no implicit zero fill.,Primary derived cohort covers 2010-2024; consult source coverage and separate historical sensitivity.,,,,all,visit-level source or Phase 2 derived analytical field,
concordance_charge_components,18,recovchgs,double,one row per ED visit,,recovchgs,Numeric parsed charge for recovchgs; invalid or missing source values are null.,Preserve source missingness unless an explicit derived rule applies.,Missing remains missing; no implicit zero fill.,Primary derived cohort covers 2010-2024; consult source coverage and separate historical sensitivity.,Computed from reopened Parquet row-group metadata,Charges,Derived enhancement,all,visit-level source or Phase 2 derived analytical field,
concordance_charge_components,19,recovchgs_real_2024,double,one row per ED visit,,Phase 2 derived,See locked cohort builder and source release dictionary.,Preserve source missingness unless an explicit derived rule applies.,Missing remains missing; no implicit zero fill.,Primary derived cohort covers 2010-2024; consult source coverage and separate historical sensitivity.,,,,all,visit-level source or Phase 2 derived analytical field,
concordance_charge_components,20,erchgs,double,one row per ED visit,,erchgs,Numeric parsed charge for erchgs; invalid or missing source values are null.,Preserve source missingness unless an explicit derived rule applies.,Missing remains missing; no implicit zero fill.,Primary derived cohort covers 2010-2024; consult source coverage and separate historical sensitivity.,Computed from reopened Parquet row-group metadata,Charges,Derived enhancement,all,visit-level source or Phase 2 derived analytical field,
concordance_charge_components,21,erchgs_real_2024,double,one row per ED visit,,Phase 2 derived,See locked cohort builder and source release dictionary.,Preserve source missingness unless an explicit derived rule applies.,Missing remains missing; no implicit zero fill.,Primary derived cohort covers 2010-2024; consult source coverage and separate historical sensitivity.,,,,all,visit-level source or Phase 2 derived analytical field,
concordance_charge_components,22,traumachgs,double,one row per ED visit,,traumachgs,Numeric parsed charge for traumachgs; invalid or missing source values are null.,Preserve source missingness unless an explicit derived rule applies.,Missing remains missing; no implicit zero fill.,Primary derived cohort covers 2010-2024; consult source coverage and separate historical sensitivity.,Computed from reopened Parquet row-group metadata,Charges,Derived enhancement,all,visit-level source or Phase 2 derived analytical field,
concordance_charge_components,23,traumachgs_real_2024,double,one row per ED visit,,Phase 2 derived,See locked cohort builder and source release dictionary.,Preserve source missingness unless an explicit derived rule applies.,Missing remains missing; no implicit zero fill.,Primary derived cohort covers 2010-2024; consult source coverage and separate historical sensitivity.,,,,all,visit-level source or Phase 2 derived analytical field,
concordance_charge_components,24,obserchgs,double,one row per ED visit,,obserchgs,Numeric parsed charge for obserchgs; invalid or missing source values are null.,Preserve source missingness unless an explicit derived rule applies.,Missing remains missing; no implicit zero fill.,Primary derived cohort covers 2010-2024; consult source coverage and separate historical sensitivity.,Computed from reopened Parquet row-group metadata,Charges,Derived enhancement,all,visit-level source or Phase 2 derived analytical field,
concordance_charge_components,25,obserchgs_real_2024,double,one row per ED visit,,Phase 2 derived,See locked cohort builder and source release dictionary.,Preserve source missingness unless an explicit derived rule applies.,Missing remains missing; no implicit zero fill.,Primary derived cohort covers 2010-2024; consult source coverage and separate historical sensitivity.,,,,all,visit-level source or Phase 2 derived analytical field,
concordance_charge_components,26,gastrochgs,double,one row per ED visit,,gastrochgs,Numeric parsed charge for gastrochgs; invalid or missing source values are null.,Preserve source missingness unless an explicit derived rule applies.,Missing remains missing; no implicit zero fill.,Primary derived cohort covers 2010-2024; consult source coverage and separate historical sensitivity.,Computed from reopened Parquet row-group metadata,Charges,Derived enhancement,all,visit-level source or Phase 2 derived analytical field,
concordance_charge_components,27,gastrochgs_real_2024,double,one row per ED visit,,Phase 2 derived,See locked cohort builder and source release dictionary.,Preserve source missingness unless an explicit derived rule applies.,Missing remains missing; no implicit zero fill.,Primary derived cohort covers 2010-2024; consult source coverage and separate historical sensitivity.,,,,all,visit-level source or Phase 2 derived analytical field,
concordance_charge_components,28,lithochgs,double,one row per ED visit,,lithochgs,Numeric parsed charge for lithochgs; invalid or missing source values are null.,Preserve source missingness unless an explicit derived rule applies.,Missing remains missing; no implicit zero fill.,Primary derived cohort covers 2010-2024; consult source coverage and separate historical sensitivity.,Computed from reopened Parquet row-group metadata,Charges,Derived enhancement,all,visit-level source or Phase 2 derived analytical field,
concordance_charge_components,29,lithochgs_real_2024,double,one row per ED visit,,Phase 2 derived,See locked cohort builder and source release dictionary.,Preserve source missingness unless an explicit derived rule applies.,Missing remains missing; no implicit zero fill.,Primary derived cohort covers 2010-2024; consult source coverage and separate historical sensitivity.,,,,all,visit-level source or Phase 2 derived analytical field,
concordance_charge_components,30,othchgs,double,one row per ED visit,,othchgs,Numeric parsed charge for othchgs; invalid or missing source values are null.,Preserve source missingness unless an explicit derived rule applies.,Missing remains missing; no implicit zero fill.,Primary derived cohort covers 2010-2024; consult source coverage and separate historical sensitivity.,Computed from reopened Parquet row-group metadata,Charges,Derived enhancement,all,visit-level source or Phase 2 derived analytical field,
concordance_charge_components,31,othchgs_real_2024,double,one row per ED visit,,Phase 2 derived,See locked cohort builder and source release dictionary.,Preserve source missingness unless an explicit derived rule applies.,Missing remains missing; no implicit zero fill.,Primary derived cohort covers 2010-2024; consult source coverage and separate historical sensitivity.,,,,all,visit-level source or Phase 2 derived analytical field,
concordance_elixhauser_flags,1,visit_key,string,one row per ED visit,primary visit key component,visit_key,"Stable, pipeline-generated encounter key. It preserves every source row and adds a deterministic duplicate ordinal when a released source record identifier repeats.",Preserve source missingness unless an explicit derived rule applies.,Missing remains missing; no implicit zero fill.,Primary derived cohort covers 2010-2024; consult source coverage and separate historical sensitivity.,Computed from reopened Parquet row-group metadata,Encounter provenance,Derived enhancement,all,visit-level source or Phase 2 derived analytical field,
concordance_elixhauser_flags,2,visit_year,int64,one row per ED visit,primary visit key component,visit_year,Visit year.,Preserve source missingness unless an explicit derived rule applies.,Missing remains missing; no implicit zero fill.,Primary derived cohort covers 2010-2024; consult source coverage and separate historical sensitivity.,Computed from reopened Parquet row-group metadata,Encounter provenance,Source-preserved,all,visit-level source or Phase 2 derived analytical field,
concordance_elixhauser_flags,3,visit_quarter,int64,one row per ED visit,primary visit key component,visit_quarter,Visit quarter.,Preserve source missingness unless an explicit derived rule applies.,Missing remains missing; no implicit zero fill.,Primary derived cohort covers 2010-2024; consult source coverage and separate historical sensitivity.,Computed from reopened Parquet row-group metadata,Encounter provenance,Source-preserved,all,visit-level source or Phase 2 derived analytical field,
concordance_elixhauser_flags,4,elix_aids_flag,uint8,one row per ED visit,,elix_aids_flag,"Era-appropriate Elixhauser indicator for AIDS, derived from secondary diagnoses only. It is null outside the coding era whose mapping defines this condition.",Preserve source missingness unless an explicit derived rule applies.,Missing remains missing; no implicit zero fill.,Primary derived cohort covers 2010-2024; consult source coverage and separate historical sensitivity.,Computed from reopened Parquet row-group metadata,Risk adjustment,Derived enhancement,all,visit-level source or Phase 2 derived analytical field,
concordance_elixhauser_flags,5,elix_alcohol_flag,uint8,one row per ED visit,,elix_alcohol_flag,"Era-appropriate Elixhauser indicator for ALCOHOL, derived from secondary diagnoses only. It is null outside the coding era whose mapping defines this condition.",Preserve source missingness unless an explicit derived rule applies.,Missing remains missing; no implicit zero fill.,Primary derived cohort covers 2010-2024; consult source coverage and separate historical sensitivity.,Computed from reopened Parquet row-group metadata,Risk adjustment,Derived enhancement,all,visit-level source or Phase 2 derived analytical field,
concordance_elixhauser_flags,6,elix_anemdef_flag,uint8,one row per ED visit,,elix_anemdef_flag,"Era-appropriate Elixhauser indicator for ANEMDEF, derived from secondary diagnoses only. It is null outside the coding era whose mapping defines this condition.",Preserve source missingness unless an explicit derived rule applies.,Missing remains missing; no implicit zero fill.,Primary derived cohort covers 2010-2024; consult source coverage and separate historical sensitivity.,Computed from reopened Parquet row-group metadata,Risk adjustment,Derived enhancement,all,visit-level source or Phase 2 derived analytical field,
concordance_elixhauser_flags,7,elix_arth_flag,uint8,one row per ED visit,,elix_arth_flag,"Era-appropriate Elixhauser indicator for ARTH, derived from secondary diagnoses only. It is null outside the coding era whose mapping defines this condition.",Preserve source missingness unless an explicit derived rule applies.,Missing remains missing; no implicit zero fill.,Primary derived cohort covers 2010-2024; consult source coverage and separate historical sensitivity.,Computed from reopened Parquet row-group metadata,Risk adjustment,Derived enhancement,all,visit-level source or Phase 2 derived analytical field,
concordance_elixhauser_flags,8,elix_autoimmune_flag,uint8,one row per ED visit,,elix_autoimmune_flag,"Era-appropriate Elixhauser indicator for AUTOIMMUNE, derived from secondary diagnoses only. It is null outside the coding era whose mapping defines this condition.",Preserve source missingness unless an explicit derived rule applies.,Missing remains missing; no implicit zero fill.,Primary derived cohort covers 2010-2024; consult source coverage and separate historical sensitivity.,Computed from reopened Parquet row-group metadata,Risk adjustment,Derived enhancement,all,visit-level source or Phase 2 derived analytical field,
concordance_elixhauser_flags,9,elix_bldloss_flag,uint8,one row per ED visit,,elix_bldloss_flag,"Era-appropriate Elixhauser indicator for BLDLOSS, derived from secondary diagnoses only. It is null outside the coding era whose mapping defines this condition.",Preserve source missingness unless an explicit derived rule applies.,Missing remains missing; no implicit zero fill.,Primary derived cohort covers 2010-2024; consult source coverage and separate historical sensitivity.,Computed from reopened Parquet row-group metadata,Risk adjustment,Derived enhancement,all,visit-level source or Phase 2 derived analytical field,
concordance_elixhauser_flags,10,elix_cancer_leuk_flag,uint8,one row per ED visit,,elix_cancer_leuk_flag,"Era-appropriate Elixhauser indicator for CANCER LEUK, derived from secondary diagnoses only. It is null outside the coding era whose mapping defines this condition.",Preserve source missingness unless an explicit derived rule applies.,Missing remains missing; no implicit zero fill.,Primary derived cohort covers 2010-2024; consult source coverage and separate historical sensitivity.,Computed from reopened Parquet row-group metadata,Risk adjustment,Derived enhancement,all,visit-level source or Phase 2 derived analytical field,
concordance_elixhauser_flags,11,elix_cancer_lymph_flag,uint8,one row per ED visit,,elix_cancer_lymph_flag,"Era-appropriate Elixhauser indicator for CANCER LYMPH, derived from secondary diagnoses only. It is null outside the coding era whose mapping defines this condition.",Preserve source missingness unless an explicit derived rule applies.,Missing remains missing; no implicit zero fill.,Primary derived cohort covers 2010-2024; consult source coverage and separate historical sensitivity.,Computed from reopened Parquet row-group metadata,Risk adjustment,Derived enhancement,all,visit-level source or Phase 2 derived analytical field,
concordance_elixhauser_flags,12,elix_cancer_mets_flag,uint8,one row per ED visit,,elix_cancer_mets_flag,"Era-appropriate Elixhauser indicator for CANCER METS, derived from secondary diagnoses only. It is null outside the coding era whose mapping defines this condition.",Preserve source missingness unless an explicit derived rule applies.,Missing remains missing; no implicit zero fill.,Primary derived cohort covers 2010-2024; consult source coverage and separate historical sensitivity.,Computed from reopened Parquet row-group metadata,Risk adjustment,Derived enhancement,all,visit-level source or Phase 2 derived analytical field,
concordance_elixhauser_flags,13,elix_cancer_nsitu_flag,uint8,one row per ED visit,,elix_cancer_nsitu_flag,"Era-appropriate Elixhauser indicator for CANCER NSITU, derived from secondary diagnoses only. It is null outside the coding era whose mapping defines this condition.",Preserve source missingness unless an explicit derived rule applies.,Missing remains missing; no implicit zero fill.,Primary derived cohort covers 2010-2024; consult source coverage and separate historical sensitivity.,Computed from reopened Parquet row-group metadata,Risk adjustment,Derived enhancement,all,visit-level source or Phase 2 derived analytical field,
concordance_elixhauser_flags,14,elix_cancer_solid_flag,uint8,one row per ED visit,,elix_cancer_solid_flag,"Era-appropriate Elixhauser indicator for CANCER SOLID, derived from secondary diagnoses only. It is null outside the coding era whose mapping defines this condition.",Preserve source missingness unless an explicit derived rule applies.,Missing remains missing; no implicit zero fill.,Primary derived cohort covers 2010-2024; consult source coverage and separate historical sensitivity.,Computed from reopened Parquet row-group metadata,Risk adjustment,Derived enhancement,all,visit-level source or Phase 2 derived analytical field,
concordance_elixhauser_flags,15,elix_cbvd_poa_flag,uint8,one row per ED visit,,elix_cbvd_poa_flag,"Era-appropriate Elixhauser indicator for CBVD POA, derived from secondary diagnoses only. It is null outside the coding era whose mapping defines this condition.",Preserve source missingness unless an explicit derived rule applies.,Missing remains missing; no implicit zero fill.,Primary derived cohort covers 2010-2024; consult source coverage and separate historical sensitivity.,Computed from reopened Parquet row-group metadata,Risk adjustment,Derived enhancement,all,visit-level source or Phase 2 derived analytical field,
concordance_elixhauser_flags,16,elix_cbvd_sqla_flag,uint8,one row per ED visit,,elix_cbvd_sqla_flag,"Era-appropriate Elixhauser indicator for CBVD SQLA, derived from secondary diagnoses only. It is null outside the coding era whose mapping defines this condition.",Preserve source missingness unless an explicit derived rule applies.,Missing remains missing; no implicit zero fill.,Primary derived cohort covers 2010-2024; consult source coverage and separate historical sensitivity.,Computed from reopened Parquet row-group metadata,Risk adjustment,Derived enhancement,all,visit-level source or Phase 2 derived analytical field,
concordance_elixhauser_flags,17,elix_chf_flag,uint8,one row per ED visit,,elix_chf_flag,"Era-appropriate Elixhauser indicator for CHF, derived from secondary diagnoses only. It is null outside the coding era whose mapping defines this condition.",Preserve source missingness unless an explicit derived rule applies.,Missing remains missing; no implicit zero fill.,Primary derived cohort covers 2010-2024; consult source coverage and separate historical sensitivity.,Computed from reopened Parquet row-group metadata,Risk adjustment,Derived enhancement,all,visit-level source or Phase 2 derived analytical field,
concordance_elixhauser_flags,18,elix_chrnlung_flag,uint8,one row per ED visit,,elix_chrnlung_flag,"Era-appropriate Elixhauser indicator for CHRNLUNG, derived from secondary diagnoses only. It is null outside the coding era whose mapping defines this condition.",Preserve source missingness unless an explicit derived rule applies.,Missing remains missing; no implicit zero fill.,Primary derived cohort covers 2010-2024; consult source coverage and separate historical sensitivity.,Computed from reopened Parquet row-group metadata,Risk adjustment,Derived enhancement,all,visit-level source or Phase 2 derived analytical field,
concordance_elixhauser_flags,19,elix_coag_flag,uint8,one row per ED visit,,elix_coag_flag,"Era-appropriate Elixhauser indicator for COAG, derived from secondary diagnoses only. It is null outside the coding era whose mapping defines this condition.",Preserve source missingness unless an explicit derived rule applies.,Missing remains missing; no implicit zero fill.,Primary derived cohort covers 2010-2024; consult source coverage and separate historical sensitivity.,Computed from reopened Parquet row-group metadata,Risk adjustment,Derived enhancement,all,visit-level source or Phase 2 derived analytical field,
concordance_elixhauser_flags,20,elix_dementia_flag,uint8,one row per ED visit,,elix_dementia_flag,"Era-appropriate Elixhauser indicator for DEMENTIA, derived from secondary diagnoses only. It is null outside the coding era whose mapping defines this condition.",Preserve source missingness unless an explicit derived rule applies.,Missing remains missing; no implicit zero fill.,Primary derived cohort covers 2010-2024; consult source coverage and separate historical sensitivity.,Computed from reopened Parquet row-group metadata,Risk adjustment,Derived enhancement,all,visit-level source or Phase 2 derived analytical field,
concordance_elixhauser_flags,21,elix_depress_flag,uint8,one row per ED visit,,elix_depress_flag,"Era-appropriate Elixhauser indicator for DEPRESS, derived from secondary diagnoses only. It is null outside the coding era whose mapping defines this condition.",Preserve source missingness unless an explicit derived rule applies.,Missing remains missing; no implicit zero fill.,Primary derived cohort covers 2010-2024; consult source coverage and separate historical sensitivity.,Computed from reopened Parquet row-group metadata,Risk adjustment,Derived enhancement,all,visit-level source or Phase 2 derived analytical field,
concordance_elixhauser_flags,22,elix_diab_cx_flag,uint8,one row per ED visit,,elix_diab_cx_flag,"Era-appropriate Elixhauser indicator for DIAB CX, derived from secondary diagnoses only. It is null outside the coding era whose mapping defines this condition.",Preserve source missingness unless an explicit derived rule applies.,Missing remains missing; no implicit zero fill.,Primary derived cohort covers 2010-2024; consult source coverage and separate historical sensitivity.,Computed from reopened Parquet row-group metadata,Risk adjustment,Derived enhancement,all,visit-level source or Phase 2 derived analytical field,
concordance_elixhauser_flags,23,elix_diab_uncx_flag,uint8,one row per ED visit,,elix_diab_uncx_flag,"Era-appropriate Elixhauser indicator for DIAB UNCX, derived from secondary diagnoses only. It is null outside the coding era whose mapping defines this condition.",Preserve source missingness unless an explicit derived rule applies.,Missing remains missing; no implicit zero fill.,Primary derived cohort covers 2010-2024; consult source coverage and separate historical sensitivity.,Computed from reopened Parquet row-group metadata,Risk adjustment,Derived enhancement,all,visit-level source or Phase 2 derived analytical field,
concordance_elixhauser_flags,24,elix_dm_flag,uint8,one row per ED visit,,elix_dm_flag,"Era-appropriate Elixhauser indicator for DM, derived from secondary diagnoses only. It is null outside the coding era whose mapping defines this condition.",Preserve source missingness unless an explicit derived rule applies.,Missing remains missing; no implicit zero fill.,Primary derived cohort covers 2010-2024; consult source coverage and separate historical sensitivity.,Computed from reopened Parquet row-group metadata,Risk adjustment,Derived enhancement,all,visit-level source or Phase 2 derived analytical field,
concordance_elixhauser_flags,25,elix_dmcx_flag,uint8,one row per ED visit,,elix_dmcx_flag,"Era-appropriate Elixhauser indicator for DMCX, derived from secondary diagnoses only. It is null outside the coding era whose mapping defines this condition.",Preserve source missingness unless an explicit derived rule applies.,Missing remains missing; no implicit zero fill.,Primary derived cohort covers 2010-2024; consult source coverage and separate historical sensitivity.,Computed from reopened Parquet row-group metadata,Risk adjustment,Derived enhancement,all,visit-level source or Phase 2 derived analytical field,
concordance_elixhauser_flags,26,elix_drug_abuse_flag,uint8,one row per ED visit,,elix_drug_abuse_flag,"Era-appropriate Elixhauser indicator for DRUG ABUSE, derived from secondary diagnoses only. It is null outside the coding era whose mapping defines this condition.",Preserve source missingness unless an explicit derived rule applies.,Missing remains missing; no implicit zero fill.,Primary derived cohort covers 2010-2024; consult source coverage and separate historical sensitivity.,Computed from reopened Parquet row-group metadata,Risk adjustment,Derived enhancement,all,visit-level source or Phase 2 derived analytical field,
concordance_elixhauser_flags,27,elix_drug_flag,uint8,one row per ED visit,,elix_drug_flag,"Era-appropriate Elixhauser indicator for DRUG, derived from secondary diagnoses only. It is null outside the coding era whose mapping defines this condition.",Preserve source missingness unless an explicit derived rule applies.,Missing remains missing; no implicit zero fill.,Primary derived cohort covers 2010-2024; consult source coverage and separate historical sensitivity.,Computed from reopened Parquet row-group metadata,Risk adjustment,Derived enhancement,all,visit-level source or Phase 2 derived analytical field,
concordance_elixhauser_flags,28,elix_hf_flag,uint8,one row per ED visit,,elix_hf_flag,"Era-appropriate Elixhauser indicator for HF, derived from secondary diagnoses only. It is null outside the coding era whose mapping defines this condition.",Preserve source missingness unless an explicit derived rule applies.,Missing remains missing; no implicit zero fill.,Primary derived cohort covers 2010-2024; consult source coverage and separate historical sensitivity.,Computed from reopened Parquet row-group metadata,Risk adjustment,Derived enhancement,all,visit-level source or Phase 2 derived analytical field,
concordance_elixhauser_flags,29,elix_hhrwchf_flag,uint8,one row per ED visit,,elix_hhrwchf_flag,"Era-appropriate Elixhauser indicator for HHRWCHF, derived from secondary diagnoses only. It is null outside the coding era whose mapping defines this condition.",Preserve source missingness unless an explicit derived rule applies.,Missing remains missing; no implicit zero fill.,Primary derived cohort covers 2010-2024; consult source coverage and separate historical sensitivity.,Computed from reopened Parquet row-group metadata,Risk adjustment,Derived enhancement,all,visit-level source or Phase 2 derived analytical field,
concordance_elixhauser_flags,30,elix_hhrwhrf_flag,uint8,one row per ED visit,,elix_hhrwhrf_flag,"Era-appropriate Elixhauser indicator for HHRWHRF, derived from secondary diagnoses only. It is null outside the coding era whose mapping defines this condition.",Preserve source missingness unless an explicit derived rule applies.,Missing remains missing; no implicit zero fill.,Primary derived cohort covers 2010-2024; consult source coverage and separate historical sensitivity.,Computed from reopened Parquet row-group metadata,Risk adjustment,Derived enhancement,all,visit-level source or Phase 2 derived analytical field,
concordance_elixhauser_flags,31,elix_hhrwohrf_flag,uint8,one row per ED visit,,elix_hhrwohrf_flag,"Era-appropriate Elixhauser indicator for HHRWOHRF, derived from secondary diagnoses only. It is null outside the coding era whose mapping defines this condition.",Preserve source missingness unless an explicit derived rule applies.,Missing remains missing; no implicit zero fill.,Primary derived cohort covers 2010-2024; consult source coverage and separate historical sensitivity.,Computed from reopened Parquet row-group metadata,Risk adjustment,Derived enhancement,all,visit-level source or Phase 2 derived analytical field,
concordance_elixhauser_flags,32,elix_hhrwrf_flag,uint8,one row per ED visit,,elix_hhrwrf_flag,"Era-appropriate Elixhauser indicator for HHRWRF, derived from secondary diagnoses only. It is null outside the coding era whose mapping defines this condition.",Preserve source missingness unless an explicit derived rule applies.,Missing remains missing; no implicit zero fill.,Primary derived cohort covers 2010-2024; consult source coverage and separate historical sensitivity.,Computed from reopened Parquet row-group metadata,Risk adjustment,Derived enhancement,all,visit-level source or Phase 2 derived analytical field,
concordance_elixhauser_flags,33,elix_hrenworf_flag,uint8,one row per ED visit,,elix_hrenworf_flag,"Era-appropriate Elixhauser indicator for HRENWORF, derived from secondary diagnoses only. It is null outside the coding era whose mapping defines this condition.",Preserve source missingness unless an explicit derived rule applies.,Missing remains missing; no implicit zero fill.,Primary derived cohort covers 2010-2024; consult source coverage and separate historical sensitivity.,Computed from reopened Parquet row-group metadata,Risk adjustment,Derived enhancement,all,visit-level source or Phase 2 derived analytical field,
concordance_elixhauser_flags,34,elix_hrenwrf_flag,uint8,one row per ED visit,,elix_hrenwrf_flag,"Era-appropriate Elixhauser indicator for HRENWRF, derived from secondary diagnoses only. It is null outside the coding era whose mapping defines this condition.",Preserve source missingness unless an explicit derived rule applies.,Missing remains missing; no implicit zero fill.,Primary derived cohort covers 2010-2024; consult source coverage and separate historical sensitivity.,Computed from reopened Parquet row-group metadata,Risk adjustment,Derived enhancement,all,visit-level source or Phase 2 derived analytical field,
concordance_elixhauser_flags,35,elix_htn_cx_flag,uint8,one row per ED visit,,elix_htn_cx_flag,"Era-appropriate Elixhauser indicator for HTN CX, derived from secondary diagnoses only. It is null outside the coding era whose mapping defines this condition.",Preserve source missingness unless an explicit derived rule applies.,Missing remains missing; no implicit zero fill.,Primary derived cohort covers 2010-2024; consult source coverage and separate historical sensitivity.,Computed from reopened Parquet row-group metadata,Risk adjustment,Derived enhancement,all,visit-level source or Phase 2 derived analytical field,
concordance_elixhauser_flags,36,elix_htn_flag,uint8,one row per ED visit,,elix_htn_flag,"Era-appropriate Elixhauser indicator for HTN, derived from secondary diagnoses only. It is null outside the coding era whose mapping defines this condition.",Preserve source missingness unless an explicit derived rule applies.,Missing remains missing; no implicit zero fill.,Primary derived cohort covers 2010-2024; consult source coverage and separate historical sensitivity.,Computed from reopened Parquet row-group metadata,Risk adjustment,Derived enhancement,all,visit-level source or Phase 2 derived analytical field,
concordance_elixhauser_flags,37,elix_htn_uncx_flag,uint8,one row per ED visit,,elix_htn_uncx_flag,"Era-appropriate Elixhauser indicator for HTN UNCX, derived from secondary diagnoses only. It is null outside the coding era whose mapping defines this condition.",Preserve source missingness unless an explicit derived rule applies.,Missing remains missing; no implicit zero fill.,Primary derived cohort covers 2010-2024; consult source coverage and separate historical sensitivity.,Computed from reopened Parquet row-group metadata,Risk adjustment,Derived enhancement,all,visit-level source or Phase 2 derived analytical field,
concordance_elixhauser_flags,38,elix_htncx_flag,uint8,one row per ED visit,,elix_htncx_flag,"Era-appropriate Elixhauser indicator for HTNCX, derived from secondary diagnoses only. It is null outside the coding era whose mapping defines this condition.",Preserve source missingness unless an explicit derived rule applies.,Missing remains missing; no implicit zero fill.,Primary derived cohort covers 2010-2024; consult source coverage and separate historical sensitivity.,Computed from reopened Parquet row-group metadata,Risk adjustment,Derived enhancement,all,visit-level source or Phase 2 derived analytical field,
concordance_elixhauser_flags,39,elix_htnpreg_flag,uint8,one row per ED visit,,elix_htnpreg_flag,"Era-appropriate Elixhauser indicator for HTNPREG, derived from secondary diagnoses only. It is null outside the coding era whose mapping defines this condition.",Preserve source missingness unless an explicit derived rule applies.,Missing remains missing; no implicit zero fill.,Primary derived cohort covers 2010-2024; consult source coverage and separate historical sensitivity.,Computed from reopened Parquet row-group metadata,Risk adjustment,Derived enhancement,all,visit-level source or Phase 2 derived analytical field,
concordance_elixhauser_flags,40,elix_htnwchf_flag,uint8,one row per ED visit,,elix_htnwchf_flag,"Era-appropriate Elixhauser indicator for HTNWCHF, derived from secondary diagnoses only. It is null outside the coding era whose mapping defines this condition.",Preserve source missingness unless an explicit derived rule applies.,Missing remains missing; no implicit zero fill.,Primary derived cohort covers 2010-2024; consult source coverage and separate historical sensitivity.,Computed from reopened Parquet row-group metadata,Risk adjustment,Derived enhancement,all,visit-level source or Phase 2 derived analytical field,
concordance_elixhauser_flags,41,elix_htnwochf_flag,uint8,one row per ED visit,,elix_htnwochf_flag,"Era-appropriate Elixhauser indicator for HTNWOCHF, derived from secondary diagnoses only. It is null outside the coding era whose mapping defines this condition.",Preserve source missingness unless an explicit derived rule applies.,Missing remains missing; no implicit zero fill.,Primary derived cohort covers 2010-2024; consult source coverage and separate historical sensitivity.,Computed from reopened Parquet row-group metadata,Risk adjustment,Derived enhancement,all,visit-level source or Phase 2 derived analytical field,
concordance_elixhauser_flags,42,elix_hypothy_flag,uint8,one row per ED visit,,elix_hypothy_flag,"Era-appropriate Elixhauser indicator for HYPOTHY, derived from secondary diagnoses only. It is null outside the coding era whose mapping defines this condition.",Preserve source missingness unless an explicit derived rule applies.,Missing remains missing; no implicit zero fill.,Primary derived cohort covers 2010-2024; consult source coverage and separate historical sensitivity.,Computed from reopened Parquet row-group metadata,Risk adjustment,Derived enhancement,all,visit-level source or Phase 2 derived analytical field,
concordance_elixhauser_flags,43,elix_liver_flag,uint8,one row per ED visit,,elix_liver_flag,"Era-appropriate Elixhauser indicator for LIVER, derived from secondary diagnoses only. It is null outside the coding era whose mapping defines this condition.",Preserve source missingness unless an explicit derived rule applies.,Missing remains missing; no implicit zero fill.,Primary derived cohort covers 2010-2024; consult source coverage and separate historical sensitivity.,Computed from reopened Parquet row-group metadata,Risk adjustment,Derived enhancement,all,visit-level source or Phase 2 derived analytical field,
concordance_elixhauser_flags,44,elix_liver_mld_flag,uint8,one row per ED visit,,elix_liver_mld_flag,"Era-appropriate Elixhauser indicator for LIVER MLD, derived from secondary diagnoses only. It is null outside the coding era whose mapping defines this condition.",Preserve source missingness unless an explicit derived rule applies.,Missing remains missing; no implicit zero fill.,Primary derived cohort covers 2010-2024; consult source coverage and separate historical sensitivity.,Computed from reopened Parquet row-group metadata,Risk adjustment,Derived enhancement,all,visit-level source or Phase 2 derived analytical field,
concordance_elixhauser_flags,45,elix_liver_sev_flag,uint8,one row per ED visit,,elix_liver_sev_flag,"Era-appropriate Elixhauser indicator for LIVER SEV, derived from secondary diagnoses only. It is null outside the coding era whose mapping defines this condition.",Preserve source missingness unless an explicit derived rule applies.,Missing remains missing; no implicit zero fill.,Primary derived cohort covers 2010-2024; consult source coverage and separate historical sensitivity.,Computed from reopened Parquet row-group metadata,Risk adjustment,Derived enhancement,all,visit-level source or Phase 2 derived analytical field,
concordance_elixhauser_flags,46,elix_lung_chronic_flag,uint8,one row per ED visit,,elix_lung_chronic_flag,"Era-appropriate Elixhauser indicator for LUNG CHRONIC, derived from secondary diagnoses only. It is null outside the coding era whose mapping defines this condition.",Preserve source missingness unless an explicit derived rule applies.,Missing remains missing; no implicit zero fill.,Primary derived cohort covers 2010-2024; consult source coverage and separate historical sensitivity.,Computed from reopened Parquet row-group metadata,Risk adjustment,Derived enhancement,all,visit-level source or Phase 2 derived analytical field,
concordance_elixhauser_flags,47,elix_lymph_flag,uint8,one row per ED visit,,elix_lymph_flag,"Era-appropriate Elixhauser indicator for LYMPH, derived from secondary diagnoses only. It is null outside the coding era whose mapping defines this condition.",Preserve source missingness unless an explicit derived rule applies.,Missing remains missing; no implicit zero fill.,Primary derived cohort covers 2010-2024; consult source coverage and separate historical sensitivity.,Computed from reopened Parquet row-group metadata,Risk adjustment,Derived enhancement,all,visit-level source or Phase 2 derived analytical field,
concordance_elixhauser_flags,48,elix_lytes_flag,uint8,one row per ED visit,,elix_lytes_flag,"Era-appropriate Elixhauser indicator for LYTES, derived from secondary diagnoses only. It is null outside the coding era whose mapping defines this condition.",Preserve source missingness unless an explicit derived rule applies.,Missing remains missing; no implicit zero fill.,Primary derived cohort covers 2010-2024; consult source coverage and separate historical sensitivity.,Computed from reopened Parquet row-group metadata,Risk adjustment,Derived enhancement,all,visit-level source or Phase 2 derived analytical field,
concordance_elixhauser_flags,49,elix_mets_flag,uint8,one row per ED visit,,elix_mets_flag,"Era-appropriate Elixhauser indicator for METS, derived from secondary diagnoses only. It is null outside the coding era whose mapping defines this condition.",Preserve source missingness unless an explicit derived rule applies.,Missing remains missing; no implicit zero fill.,Primary derived cohort covers 2010-2024; consult source coverage and separate historical sensitivity.,Computed from reopened Parquet row-group metadata,Risk adjustment,Derived enhancement,all,visit-level source or Phase 2 derived analytical field,
concordance_elixhauser_flags,50,elix_neuro_flag,uint8,one row per ED visit,,elix_neuro_flag,"Era-appropriate Elixhauser indicator for NEURO, derived from secondary diagnoses only. It is null outside the coding era whose mapping defines this condition.",Preserve source missingness unless an explicit derived rule applies.,Missing remains missing; no implicit zero fill.,Primary derived cohort covers 2010-2024; consult source coverage and separate historical sensitivity.,Computed from reopened Parquet row-group metadata,Risk adjustment,Derived enhancement,all,visit-level source or Phase 2 derived analytical field,
concordance_elixhauser_flags,51,elix_neuro_movt_flag,uint8,one row per ED visit,,elix_neuro_movt_flag,"Era-appropriate Elixhauser indicator for NEURO MOVT, derived from secondary diagnoses only. It is null outside the coding era whose mapping defines this condition.",Preserve source missingness unless an explicit derived rule applies.,Missing remains missing; no implicit zero fill.,Primary derived cohort covers 2010-2024; consult source coverage and separate historical sensitivity.,Computed from reopened Parquet row-group metadata,Risk adjustment,Derived enhancement,all,visit-level source or Phase 2 derived analytical field,
concordance_elixhauser_flags,52,elix_neuro_oth_flag,uint8,one row per ED visit,,elix_neuro_oth_flag,"Era-appropriate Elixhauser indicator for NEURO OTH, derived from secondary diagnoses only. It is null outside the coding era whose mapping defines this condition.",Preserve source missingness unless an explicit derived rule applies.,Missing remains missing; no implicit zero fill.,Primary derived cohort covers 2010-2024; consult source coverage and separate historical sensitivity.,Computed from reopened Parquet row-group metadata,Risk adjustment,Derived enhancement,all,visit-level source or Phase 2 derived analytical field,
concordance_elixhauser_flags,53,elix_neuro_seiz_flag,uint8,one row per ED visit,,elix_neuro_seiz_flag,"Era-appropriate Elixhauser indicator for NEURO SEIZ, derived from secondary diagnoses only. It is null outside the coding era whose mapping defines this condition.",Preserve source missingness unless an explicit derived rule applies.,Missing remains missing; no implicit zero fill.,Primary derived cohort covers 2010-2024; consult source coverage and separate historical sensitivity.,Computed from reopened Parquet row-group metadata,Risk adjustment,Derived enhancement,all,visit-level source or Phase 2 derived analytical field,
concordance_elixhauser_flags,54,elix_obese_flag,uint8,one row per ED visit,,elix_obese_flag,"Era-appropriate Elixhauser indicator for OBESE, derived from secondary diagnoses only. It is null outside the coding era whose mapping defines this condition.",Preserve source missingness unless an explicit derived rule applies.,Missing remains missing; no implicit zero fill.,Primary derived cohort covers 2010-2024; consult source coverage and separate historical sensitivity.,Computed from reopened Parquet row-group metadata,Risk adjustment,Derived enhancement,all,visit-level source or Phase 2 derived analytical field,
concordance_elixhauser_flags,55,elix_ohtnpreg_flag,uint8,one row per ED visit,,elix_ohtnpreg_flag,"Era-appropriate Elixhauser indicator for OHTNPREG, derived from secondary diagnoses only. It is null outside the coding era whose mapping defines this condition.",Preserve source missingness unless an explicit derived rule applies.,Missing remains missing; no implicit zero fill.,Primary derived cohort covers 2010-2024; consult source coverage and separate historical sensitivity.,Computed from reopened Parquet row-group metadata,Risk adjustment,Derived enhancement,all,visit-level source or Phase 2 derived analytical field,
concordance_elixhauser_flags,56,elix_para_flag,uint8,one row per ED visit,,elix_para_flag,"Era-appropriate Elixhauser indicator for PARA, derived from secondary diagnoses only. It is null outside the coding era whose mapping defines this condition.",Preserve source missingness unless an explicit derived rule applies.,Missing remains missing; no implicit zero fill.,Primary derived cohort covers 2010-2024; consult source coverage and separate historical sensitivity.,Computed from reopened Parquet row-group metadata,Risk adjustment,Derived enhancement,all,visit-level source or Phase 2 derived analytical field,
concordance_elixhauser_flags,57,elix_paralysis_flag,uint8,one row per ED visit,,elix_paralysis_flag,"Era-appropriate Elixhauser indicator for PARALYSIS, derived from secondary diagnoses only. It is null outside the coding era whose mapping defines this condition.",Preserve source missingness unless an explicit derived rule applies.,Missing remains missing; no implicit zero fill.,Primary derived cohort covers 2010-2024; consult source coverage and separate historical sensitivity.,Computed from reopened Parquet row-group metadata,Risk adjustment,Derived enhancement,all,visit-level source or Phase 2 derived analytical field,
concordance_elixhauser_flags,58,elix_perivasc_flag,uint8,one row per ED visit,,elix_perivasc_flag,"Era-appropriate Elixhauser indicator for PERIVASC, derived from secondary diagnoses only. It is null outside the coding era whose mapping defines this condition.",Preserve source missingness unless an explicit derived rule applies.,Missing remains missing; no implicit zero fill.,Primary derived cohort covers 2010-2024; consult source coverage and separate historical sensitivity.,Computed from reopened Parquet row-group metadata,Risk adjustment,Derived enhancement,all,visit-level source or Phase 2 derived analytical field,
concordance_elixhauser_flags,59,elix_psych_flag,uint8,one row per ED visit,,elix_psych_flag,"Era-appropriate Elixhauser indicator for PSYCH, derived from secondary diagnoses only. It is null outside the coding era whose mapping defines this condition.",Preserve source missingness unless an explicit derived rule applies.,Missing remains missing; no implicit zero fill.,Primary derived cohort covers 2010-2024; consult source coverage and separate historical sensitivity.,Computed from reopened Parquet row-group metadata,Risk adjustment,Derived enhancement,all,visit-level source or Phase 2 derived analytical field,
concordance_elixhauser_flags,60,elix_psychoses_flag,uint8,one row per ED visit,,elix_psychoses_flag,"Era-appropriate Elixhauser indicator for PSYCHOSES, derived from secondary diagnoses only. It is null outside the coding era whose mapping defines this condition.",Preserve source missingness unless an explicit derived rule applies.,Missing remains missing; no implicit zero fill.,Primary derived cohort covers 2010-2024; consult source coverage and separate historical sensitivity.,Computed from reopened Parquet row-group metadata,Risk adjustment,Derived enhancement,all,visit-level source or Phase 2 derived analytical field,
concordance_elixhauser_flags,61,elix_pulmcirc_flag,uint8,one row per ED visit,,elix_pulmcirc_flag,"Era-appropriate Elixhauser indicator for PULMCIRC, derived from secondary diagnoses only. It is null outside the coding era whose mapping defines this condition.",Preserve source missingness unless an explicit derived rule applies.,Missing remains missing; no implicit zero fill.,Primary derived cohort covers 2010-2024; consult source coverage and separate historical sensitivity.,Computed from reopened Parquet row-group metadata,Risk adjustment,Derived enhancement,all,visit-level source or Phase 2 derived analytical field,
concordance_elixhauser_flags,62,elix_renlfail_flag,uint8,one row per ED visit,,elix_renlfail_flag,"Era-appropriate Elixhauser indicator for RENLFAIL, derived from secondary diagnoses only. It is null outside the coding era whose mapping defines this condition.",Preserve source missingness unless an explicit derived rule applies.,Missing remains missing; no implicit zero fill.,Primary derived cohort covers 2010-2024; consult source coverage and separate historical sensitivity.,Computed from reopened Parquet row-group metadata,Risk adjustment,Derived enhancement,all,visit-level source or Phase 2 derived analytical field,
concordance_elixhauser_flags,63,elix_renlfl_mod_flag,uint8,one row per ED visit,,elix_renlfl_mod_flag,"Era-appropriate Elixhauser indicator for RENLFL MOD, derived from secondary diagnoses only. It is null outside the coding era whose mapping defines this condition.",Preserve source missingness unless an explicit derived rule applies.,Missing remains missing; no implicit zero fill.,Primary derived cohort covers 2010-2024; consult source coverage and separate historical sensitivity.,Computed from reopened Parquet row-group metadata,Risk adjustment,Derived enhancement,all,visit-level source or Phase 2 derived analytical field,
concordance_elixhauser_flags,64,elix_renlfl_sev_flag,uint8,one row per ED visit,,elix_renlfl_sev_flag,"Era-appropriate Elixhauser indicator for RENLFL SEV, derived from secondary diagnoses only. It is null outside the coding era whose mapping defines this condition.",Preserve source missingness unless an explicit derived rule applies.,Missing remains missing; no implicit zero fill.,Primary derived cohort covers 2010-2024; consult source coverage and separate historical sensitivity.,Computed from reopened Parquet row-group metadata,Risk adjustment,Derived enhancement,all,visit-level source or Phase 2 derived analytical field,
concordance_elixhauser_flags,65,elix_thyroid_hypo_flag,uint8,one row per ED visit,,elix_thyroid_hypo_flag,"Era-appropriate Elixhauser indicator for THYROID HYPO, derived from secondary diagnoses only. It is null outside the coding era whose mapping defines this condition.",Preserve source missingness unless an explicit derived rule applies.,Missing remains missing; no implicit zero fill.,Primary derived cohort covers 2010-2024; consult source coverage and separate historical sensitivity.,Computed from reopened Parquet row-group metadata,Risk adjustment,Derived enhancement,all,visit-level source or Phase 2 derived analytical field,
concordance_elixhauser_flags,66,elix_thyroid_oth_flag,uint8,one row per ED visit,,elix_thyroid_oth_flag,"Era-appropriate Elixhauser indicator for THYROID OTH, derived from secondary diagnoses only. It is null outside the coding era whose mapping defines this condition.",Preserve source missingness unless an explicit derived rule applies.,Missing remains missing; no implicit zero fill.,Primary derived cohort covers 2010-2024; consult source coverage and separate historical sensitivity.,Computed from reopened Parquet row-group metadata,Risk adjustment,Derived enhancement,all,visit-level source or Phase 2 derived analytical field,
concordance_elixhauser_flags,67,elix_tumor_flag,uint8,one row per ED visit,,elix_tumor_flag,"Era-appropriate Elixhauser indicator for TUMOR, derived from secondary diagnoses only. It is null outside the coding era whose mapping defines this condition.",Preserve source missingness unless an explicit derived rule applies.,Missing remains missing; no implicit zero fill.,Primary derived cohort covers 2010-2024; consult source coverage and separate historical sensitivity.,Computed from reopened Parquet row-group metadata,Risk adjustment,Derived enhancement,all,visit-level source or Phase 2 derived analytical field,
concordance_elixhauser_flags,68,elix_ulcer_flag,uint8,one row per ED visit,,elix_ulcer_flag,"Era-appropriate Elixhauser indicator for ULCER, derived from secondary diagnoses only. It is null outside the coding era whose mapping defines this condition.",Preserve source missingness unless an explicit derived rule applies.,Missing remains missing; no implicit zero fill.,Primary derived cohort covers 2010-2024; consult source coverage and separate historical sensitivity.,Computed from reopened Parquet row-group metadata,Risk adjustment,Derived enhancement,all,visit-level source or Phase 2 derived analytical field,
concordance_elixhauser_flags,69,elix_ulcer_peptic_flag,uint8,one row per ED visit,,elix_ulcer_peptic_flag,"Era-appropriate Elixhauser indicator for ULCER PEPTIC, derived from secondary diagnoses only. It is null outside the coding era whose mapping defines this condition.",Preserve source missingness unless an explicit derived rule applies.,Missing remains missing; no implicit zero fill.,Primary derived cohort covers 2010-2024; consult source coverage and separate historical sensitivity.,Computed from reopened Parquet row-group metadata,Risk adjustment,Derived enhancement,all,visit-level source or Phase 2 derived analytical field,
concordance_elixhauser_flags,70,elix_valve_flag,uint8,one row per ED visit,,elix_valve_flag,"Era-appropriate Elixhauser indicator for VALVE, derived from secondary diagnoses only. It is null outside the coding era whose mapping defines this condition.",Preserve source missingness unless an explicit derived rule applies.,Missing remains missing; no implicit zero fill.,Primary derived cohort covers 2010-2024; consult source coverage and separate historical sensitivity.,Computed from reopened Parquet row-group metadata,Risk adjustment,Derived enhancement,all,visit-level source or Phase 2 derived analytical field,
concordance_elixhauser_flags,71,elix_wghtloss_flag,uint8,one row per ED visit,,elix_wghtloss_flag,"Era-appropriate Elixhauser indicator for WGHTLOSS, derived from secondary diagnoses only. It is null outside the coding era whose mapping defines this condition.",Preserve source missingness unless an explicit derived rule applies.,Missing remains missing; no implicit zero fill.,Primary derived cohort covers 2010-2024; consult source coverage and separate historical sensitivity.,Computed from reopened Parquet row-group metadata,Risk adjustment,Derived enhancement,all,visit-level source or Phase 2 derived analytical field,
visit_discretion_outcomes,1,visit_key,string,one row per ED visit,primary visit key component,visit_key,"Stable, pipeline-generated encounter key. It preserves every source row and adds a deterministic duplicate ordinal when a released source record identifier repeats.",Preserve source missingness unless an explicit derived rule applies.,Missing remains missing; no implicit zero fill.,Primary derived cohort covers 2010-2024; consult source coverage and separate historical sensitivity.,Computed from reopened Parquet row-group metadata,Encounter provenance,Derived enhancement,all,visit-level source or Phase 2 derived analytical field,
visit_discretion_outcomes,2,visit_year,int64,one row per ED visit,primary visit key component,visit_year,Visit year.,Preserve source missingness unless an explicit derived rule applies.,Missing remains missing; no implicit zero fill.,Primary derived cohort covers 2010-2024; consult source coverage and separate historical sensitivity.,Computed from reopened Parquet row-group metadata,Encounter provenance,Source-preserved,all,visit-level source or Phase 2 derived analytical field,
visit_discretion_outcomes,3,visit_quarter,int64,one row per ED visit,primary visit key component,visit_quarter,Visit quarter.,Preserve source missingness unless an explicit derived rule applies.,Missing remains missing; no implicit zero fill.,Primary derived cohort covers 2010-2024; consult source coverage and separate historical sensitivity.,Computed from reopened Parquet row-group metadata,Encounter provenance,Source-preserved,all,visit-level source or Phase 2 derived analytical field,
visit_discretion_outcomes,4,higher_discretion_procedure_count,uint32,one row per ED visit,,visit_procedure; treatment_discretion_review.csv,Number of coded procedures mapped to a provisional higher-discretion candidate group.,Preserve source missingness unless an explicit derived rule applies.,Missing remains missing; no implicit zero fill.,Primary derived cohort covers 2010-2024; consult source coverage and separate historical sensitivity.,Evidence-informed and provisional pending clinician review.,,,all,visit-level source or Phase 2 derived analytical field,
visit_discretion_outcomes,5,lower_discretion_procedure_count,uint32,one row per ED visit,,visit_procedure; treatment_discretion_review.csv,Number of coded procedures mapped to a provisional lower-discretion candidate group.,Preserve source missingness unless an explicit derived rule applies.,Missing remains missing; no implicit zero fill.,Primary derived cohort covers 2010-2024; consult source coverage and separate historical sensitivity.,Evidence-informed and provisional pending clinician review.,,,all,visit-level source or Phase 2 derived analytical field,
visit_discretion_outcomes,6,ambiguous_discretion_procedure_count,uint32,one row per ED visit,,visit_procedure; treatment_discretion_review.csv,"Number of coded procedures that remain ambiguous, unclassified, or unmatched in the provisional discretion crosswalk.",Preserve source missingness unless an explicit derived rule applies.,Missing remains missing; no implicit zero fill.,Primary derived cohort covers 2010-2024; consult source coverage and separate historical sensitivity.,Ambiguity is preserved rather than forced into a binary group.,,,all,visit-level source or Phase 2 derived analytical field,
visit_discretion_outcomes,7,any_higher_discretion_candidate_flag,uint8,one row per ED visit,,higher_discretion_procedure_count,1 when the higher-discretion candidate count is greater than zero.,Preserve source missingness unless an explicit derived rule applies.,Missing remains missing; no implicit zero fill.,Primary derived cohort covers 2010-2024; consult source coverage and separate historical sensitivity.,,,,all,visit-level source or Phase 2 derived analytical field,
visit_discretion_outcomes,8,any_lower_discretion_candidate_flag,uint8,one row per ED visit,,lower_discretion_procedure_count,1 when the lower-discretion candidate count is greater than zero.,Preserve source missingness unless an explicit derived rule applies.,Missing remains missing; no implicit zero fill.,Primary derived cohort covers 2010-2024; consult source coverage and separate historical sensitivity.,,,,all,visit-level source or Phase 2 derived analytical field,
model_design_race,1,intercept,float64 matrix column,one row per eligible model encounter,,intercept,Constant equal to 1.,Computed exactly by design_batch() in 07_prepare_primary_model_matrix.py.,Frozen missing-category indicators or documented median imputation are used; exposure eligibility rules are applied before matrix construction.,Primary 2010-2024 model design only.,"Interpret with the cohort, reference levels, and fixed effects stored in the matrix manifest.",,,race,model design,intercept
model_design_race,2,physician_black_proxy,float64 matrix column,one row per eligible model encounter,,physician_black_imputed_flag,1 for a Black physician full-name proxy and 0 for a White proxy in the eligible race cohort.,Computed exactly by design_batch() in 07_prepare_primary_model_matrix.py.,Frozen missing-category indicators or documented median imputation are used; exposure eligibility rules are applied before matrix construction.,Primary 2010-2024 model design only.,"Interpret with the cohort, reference levels, and fixed effects stored in the matrix manifest.",,,race,model design,exposure
model_design_race,3,patient_black,float64 matrix column,one row per eligible model encounter,,patient_black_flag,1 for a recorded non-Hispanic Black patient and 0 for a recorded non-Hispanic White patient in the primary race cohort.,Computed exactly by design_batch() in 07_prepare_primary_model_matrix.py.,Frozen missing-category indicators or documented median imputation are used; exposure eligibility rules are applied before matrix construction.,Primary 2010-2024 model design only.,"Interpret with the cohort, reference levels, and fixed effects stored in the matrix manifest.",,,race,model design,exposure
model_design_race,4,race_interaction,float64 matrix column,one row per eligible model encounter,,physician_black_proxy; patient_black,physician_black_proxy multiplied by patient_black.,Computed exactly by design_batch() in 07_prepare_primary_model_matrix.py.,Frozen missing-category indicators or documented median imputation are used; exposure eligibility rules are applied before matrix construction.,Primary 2010-2024 model design only.,"Interpret with the cohort, reference levels, and fixed effects stored in the matrix manifest.",,,race,model design,primary_interaction
model_design_race,5,physician_black_probability,float64 matrix column,one row per eligible model encounter,,physician_race_proxy_prob_black; physician_race_proxy_prob_white,Black posterior divided by Black plus White posterior under the Florida active-physician prior.,Computed exactly by design_batch() in 07_prepare_primary_model_matrix.py.,Frozen missing-category indicators or documented median imputation are used; exposure eligibility rules are applied before matrix construction.,Primary 2010-2024 model design only.,"Interpret with the cohort, reference levels, and fixed effects stored in the matrix manifest.",,,race,model design,sensitivity_exposure
model_design_race,6,race_probability_interaction,float64 matrix column,one row per eligible model encounter,,physician_black_probability; patient_black,physician_black_probability multiplied by patient_black.,Computed exactly by design_batch() in 07_prepare_primary_model_matrix.py.,Frozen missing-category indicators or documented median imputation are used; exposure eligibility rules are applied before matrix construction.,Primary 2010-2024 model design only.,"Interpret with the cohort, reference levels, and fixed effects stored in the matrix manifest.",,,race,model design,sensitivity_interaction
model_design_race,7,physician_black_probability_population_prior,float64 matrix column,one row per eligible model encounter,,physician_race_population_prob_black; physician_race_population_prob_white,Black posterior divided by Black plus White posterior under the official wru national-population prior sensitivity.,Computed exactly by design_batch() in 07_prepare_primary_model_matrix.py.,Frozen missing-category indicators or documented median imputation are used; exposure eligibility rules are applied before matrix construction.,Primary 2010-2024 model design only.,"Interpret with the cohort, reference levels, and fixed effects stored in the matrix manifest.",,,race,model design,sensitivity_exposure
model_design_race,8,race_probability_interaction_population_prior,float64 matrix column,one row per eligible model encounter,,physician_black_probability_population_prior; patient_black,population-prior physician Black probability multiplied by patient_black.,Computed exactly by design_batch() in 07_prepare_primary_model_matrix.py.,Frozen missing-category indicators or documented median imputation are used; exposure eligibility rules are applied before matrix construction.,Primary 2010-2024 model design only.,"Interpret with the cohort, reference levels, and fixed effects stored in the matrix manifest.",,,race,model design,sensitivity_interaction
model_design_race,9,race_proxy_confidence,float64 matrix column,one row per eligible model encounter,,race_proxy_confidence,Analysis design field defined deterministically in the locked matrix builder; the source field and design group are recorded here.,Computed exactly by design_batch() in 07_prepare_primary_model_matrix.py.,Frozen missing-category indicators or documented median imputation are used; exposure eligibility rules are applied before matrix construction.,Primary 2010-2024 model design only.,"Interpret with the cohort, reference levels, and fixed effects stored in the matrix manifest.",,,race,model design,selection_only
model_design_race,10,eligible_t70,float64 matrix column,one row per eligible model encounter,,eligible_t70,Analysis design field defined deterministically in the locked matrix builder; the source field and design group are recorded here.,Computed exactly by design_batch() in 07_prepare_primary_model_matrix.py.,Frozen missing-category indicators or documented median imputation are used; exposure eligibility rules are applied before matrix construction.,Primary 2010-2024 model design only.,"Interpret with the cohort, reference levels, and fixed effects stored in the matrix manifest.",,,race,model design,selection_only
model_design_race,11,eligible_t80,float64 matrix column,one row per eligible model encounter,,eligible_t80,Analysis design field defined deterministically in the locked matrix builder; the source field and design group are recorded here.,Computed exactly by design_batch() in 07_prepare_primary_model_matrix.py.,Frozen missing-category indicators or documented median imputation are used; exposure eligibility rules are applied before matrix construction.,Primary 2010-2024 model design only.,"Interpret with the cohort, reference levels, and fixed effects stored in the matrix manifest.",,,race,model design,selection_only
model_design_race,12,eligible_t90,float64 matrix column,one row per eligible model encounter,,eligible_t90,Analysis design field defined deterministically in the locked matrix builder; the source field and design group are recorded here.,Computed exactly by design_batch() in 07_prepare_primary_model_matrix.py.,Frozen missing-category indicators or documented median imputation are used; exposure eligibility rules are applied before matrix construction.,Primary 2010-2024 model design only.,"Interpret with the cohort, reference levels, and fixed effects stored in the matrix manifest.",,,race,model design,selection_only
model_design_race,13,intersectional_eligible,float64 matrix column,one row per eligible model encounter,,intersectional_eligible,Analysis design field defined deterministically in the locked matrix builder; the source field and design group are recorded here.,Computed exactly by design_batch() in 07_prepare_primary_model_matrix.py.,Frozen missing-category indicators or documented median imputation are used; exposure eligibility rules are applied before matrix construction.,Primary 2010-2024 model design only.,"Interpret with the cohort, reference levels, and fixed effects stored in the matrix manifest.",,,race,model design,selection_only
model_design_race,14,intersection_physician_female,float64 matrix column,one row per eligible model encounter,,physician_black_proxy; patient_black; physician_female; patient_female,"Explicit product term among the race and recorded-sex/physician-gender exposure indicators, with physician components written first.",Computed exactly by design_batch() in 07_prepare_primary_model_matrix.py.,Frozen missing-category indicators or documented median imputation are used; exposure eligibility rules are applied before matrix construction.,Primary 2010-2024 model design only.,"Interpret with the cohort, reference levels, and fixed effects stored in the matrix manifest.",,,race,model design,intersectional
model_design_race,15,intersection_patient_female,float64 matrix column,one row per eligible model encounter,,physician_black_proxy; patient_black; physician_female; patient_female,"Explicit product term among the race and recorded-sex/physician-gender exposure indicators, with physician components written first.",Computed exactly by design_batch() in 07_prepare_primary_model_matrix.py.,Frozen missing-category indicators or documented median imputation are used; exposure eligibility rules are applied before matrix construction.,Primary 2010-2024 model design only.,"Interpret with the cohort, reference levels, and fixed effects stored in the matrix manifest.",,,race,model design,intersectional
model_design_race,16,intersection_female_pair,float64 matrix column,one row per eligible model encounter,,physician_black_proxy; patient_black; physician_female; patient_female,"Explicit product term among the race and recorded-sex/physician-gender exposure indicators, with physician components written first.",Computed exactly by design_batch() in 07_prepare_primary_model_matrix.py.,Frozen missing-category indicators or documented median imputation are used; exposure eligibility rules are applied before matrix construction.,Primary 2010-2024 model design only.,"Interpret with the cohort, reference levels, and fixed effects stored in the matrix manifest.",,,race,model design,intersectional
model_design_race,17,intersection_physician_black_x_physician_female,float64 matrix column,one row per eligible model encounter,,intersection_physician_black_female; cohort-specific physician exposure,intersection_physician_black_female multiplied by the cohort-specific physician exposure.,Computed exactly by design_batch() in 07_prepare_primary_model_matrix.py.,Frozen missing-category indicators or documented median imputation are used; exposure eligibility rules are applied before matrix construction.,Primary 2010-2024 model design only.,"Interpret with the cohort, reference levels, and fixed effects stored in the matrix manifest.",,,race,model design,intersectional
model_design_race,18,intersection_physician_black_x_patient_female,float64 matrix column,one row per eligible model encounter,,intersection_physician_black_female; cohort-specific patient exposure,intersection_physician_black_female multiplied by the cohort-specific patient exposure.,Computed exactly by design_batch() in 07_prepare_primary_model_matrix.py.,Frozen missing-category indicators or documented median imputation are used; exposure eligibility rules are applied before matrix construction.,Primary 2010-2024 model design only.,"Interpret with the cohort, reference levels, and fixed effects stored in the matrix manifest.",,,race,model design,intersectional
model_design_race,19,intersection_patient_black_x_physician_female,float64 matrix column,one row per eligible model encounter,,intersection_patient_black_female; cohort-specific physician exposure,intersection_patient_black_female multiplied by the cohort-specific physician exposure.,Computed exactly by design_batch() in 07_prepare_primary_model_matrix.py.,Frozen missing-category indicators or documented median imputation are used; exposure eligibility rules are applied before matrix construction.,Primary 2010-2024 model design only.,"Interpret with the cohort, reference levels, and fixed effects stored in the matrix manifest.",,,race,model design,intersectional
model_design_race,20,intersection_patient_black_x_patient_female,float64 matrix column,one row per eligible model encounter,,intersection_patient_black_female; cohort-specific patient exposure,intersection_patient_black_female multiplied by the cohort-specific patient exposure.,Computed exactly by design_batch() in 07_prepare_primary_model_matrix.py.,Frozen missing-category indicators or documented median imputation are used; exposure eligibility rules are applied before matrix construction.,Primary 2010-2024 model design only.,"Interpret with the cohort, reference levels, and fixed effects stored in the matrix manifest.",,,race,model design,intersectional
model_design_race,21,intersection_race_pair_x_physician_female,float64 matrix column,one row per eligible model encounter,,intersection_race_pair_female; cohort-specific physician exposure,intersection_race_pair_female multiplied by the cohort-specific physician exposure.,Computed exactly by design_batch() in 07_prepare_primary_model_matrix.py.,Frozen missing-category indicators or documented median imputation are used; exposure eligibility rules are applied before matrix construction.,Primary 2010-2024 model design only.,"Interpret with the cohort, reference levels, and fixed effects stored in the matrix manifest.",,,race,model design,intersectional
model_design_race,22,intersection_race_pair_x_patient_female,float64 matrix column,one row per eligible model encounter,,intersection_race_pair_female; cohort-specific patient exposure,intersection_race_pair_female multiplied by the cohort-specific patient exposure.,Computed exactly by design_batch() in 07_prepare_primary_model_matrix.py.,Frozen missing-category indicators or documented median imputation are used; exposure eligibility rules are applied before matrix construction.,Primary 2010-2024 model design only.,"Interpret with the cohort, reference levels, and fixed effects stored in the matrix manifest.",,,race,model design,intersectional
model_design_race,23,intersection_physician_black_x_female_pair,float64 matrix column,one row per eligible model encounter,,physician_black_proxy; patient_black; physician_female; patient_female,"Explicit product term among the race and recorded-sex/physician-gender exposure indicators, with physician components written first.",Computed exactly by design_batch() in 07_prepare_primary_model_matrix.py.,Frozen missing-category indicators or documented median imputation are used; exposure eligibility rules are applied before matrix construction.,Primary 2010-2024 model design only.,"Interpret with the cohort, reference levels, and fixed effects stored in the matrix manifest.",,,race,model design,intersectional
model_design_race,24,intersection_patient_black_x_female_pair,float64 matrix column,one row per eligible model encounter,,physician_black_proxy; patient_black; physician_female; patient_female,"Explicit product term among the race and recorded-sex/physician-gender exposure indicators, with physician components written first.",Computed exactly by design_batch() in 07_prepare_primary_model_matrix.py.,Frozen missing-category indicators or documented median imputation are used; exposure eligibility rules are applied before matrix construction.,Primary 2010-2024 model design only.,"Interpret with the cohort, reference levels, and fixed effects stored in the matrix manifest.",,,race,model design,intersectional
model_design_race,25,intersection_four_way,float64 matrix column,one row per eligible model encounter,,physician_black_proxy; patient_black; physician_female; patient_female,"Explicit product term among the race and recorded-sex/physician-gender exposure indicators, with physician components written first.",Computed exactly by design_batch() in 07_prepare_primary_model_matrix.py.,Frozen missing-category indicators or documented median imputation are used; exposure eligibility rules are applied before matrix construction.,Primary 2010-2024 model design only.,"Interpret with the cohort, reference levels, and fixed effects stored in the matrix manifest.",,,race,model design,intersectional
model_design_race,26,visit_year_numeric,float64 matrix column,one row per eligible model encounter,,visit_year,Calendar year as a numeric selection field.,Computed exactly by design_batch() in 07_prepare_primary_model_matrix.py.,Frozen missing-category indicators or documented median imputation are used; exposure eligibility rules are applied before matrix construction.,Primary 2010-2024 model design only.,"Interpret with the cohort, reference levels, and fixed effects stored in the matrix manifest.",,,race,model design,selection_only
model_design_race,27,los_le72,float64 matrix column,one row per eligible model encounter,,los_hours_primary_0_168,1 when primary LOS is no more than 72 hours.,Computed exactly by design_batch() in 07_prepare_primary_model_matrix.py.,Frozen missing-category indicators or documented median imputation are used; exposure eligibility rules are applied before matrix construction.,Primary 2010-2024 model design only.,"Interpret with the cohort, reference levels, and fixed effects stored in the matrix manifest.",,,race,model design,selection_only
model_design_race,28,positive_reported_charge,float64 matrix column,one row per eligible model encounter,,total_charge_reported_real_2024,1 when real reported total charge is positive.,Computed exactly by design_batch() in 07_prepare_primary_model_matrix.py.,Frozen missing-category indicators or documented median imputation are used; exposure eligibility rules are applied before matrix construction.,Primary 2010-2024 model design only.,"Interpret with the cohort, reference levels, and fixed effects stored in the matrix manifest.",,,race,model design,selection_only
model_design_race,29,complete_case_covariates,float64 matrix column,one row per eligible model encounter,,all documented M1/M2 covariates,1 when all covariates designated for the complete-case sensitivity are observed and nonunknown.,Computed exactly by design_batch() in 07_prepare_primary_model_matrix.py.,Frozen missing-category indicators or documented median imputation are used; exposure eligibility rules are applied before matrix construction.,Primary 2010-2024 model design only.,"Interpret with the cohort, reference levels, and fixed effects stored in the matrix manifest.",,,race,model design,selection_only
model_design_race,30,em_acuity_available,float64 matrix column,one row per eligible model encounter,,em_acuity_proxy_level,1 when the billing-derived E/M acuity proxy is available.,Computed exactly by design_batch() in 07_prepare_primary_model_matrix.py.,Frozen missing-category indicators or documented median imputation are used; exposure eligibility rules are applied before matrix construction.,Primary 2010-2024 model design only.,"Interpret with the cohort, reference levels, and fixed effects stored in the matrix manifest.",,,race,model design,selection_only
model_design_race,31,em_acuity_value,float64 matrix column,one row per eligible model encounter,,em_acuity_proxy_level,Numeric billing-derived E/M acuity proxy value.,Computed exactly by design_batch() in 07_prepare_primary_model_matrix.py.,Frozen missing-category indicators or documented median imputation are used; exposure eligibility rules are applied before matrix construction.,Primary 2010-2024 model design only.,"Interpret with the cohort, reference levels, and fixed effects stored in the matrix manifest.",,,race,model design,selection_only
model_design_race,32,em_critical_care_available,float64 matrix column,one row per eligible model encounter,,em_critical_care_flag,1 when the billing-derived critical-care indicator is available.,Computed exactly by design_batch() in 07_prepare_primary_model_matrix.py.,Frozen missing-category indicators or documented median imputation are used; exposure eligibility rules are applied before matrix construction.,Primary 2010-2024 model design only.,"Interpret with the cohort, reference levels, and fixed effects stored in the matrix manifest.",,,race,model design,selection_only
model_design_race,33,em_critical_care_value,float64 matrix column,one row per eligible model encounter,,em_critical_care_flag,Billing-derived critical-care indicator value.,Computed exactly by design_batch() in 07_prepare_primary_model_matrix.py.,Frozen missing-category indicators or documented median imputation are used; exposure eligibility rules are applied before matrix construction.,Primary 2010-2024 model design only.,"Interpret with the cohort, reference levels, and fixed effects stored in the matrix manifest.",,,race,model design,selection_only
model_design_race,34,presentation_subjectivity_classified,float64 matrix column,one row per eligible model encounter,,diagnosis_code_system; principal_clinical_category; presentation_subjectivity_review.csv,1 when the versioned category-level review labels the presentation higher- or lower-uncertainty; 0 when ambiguous/mixed.,Computed exactly by design_batch() in 07_prepare_primary_model_matrix.py.,Frozen missing-category indicators or documented median imputation are used; exposure eligibility rules are applied before matrix construction.,Primary 2010-2024 model design only.,Provisional and evidence-informed pending clinician review.,,,race,model design,selection_only
model_design_race,35,age,float64 matrix column,one row per eligible model encounter,,age,Age in years after frozen median imputation for invalid/missing values.,Computed exactly by design_batch() in 07_prepare_primary_model_matrix.py.,Frozen missing-category indicators or documented median imputation are used; exposure eligibility rules are applied before matrix construction.,Primary 2010-2024 model design only.,"Interpret with the cohort, reference levels, and fixed effects stored in the matrix manifest.",,,race,model design,patient_visit
model_design_race,36,age_gt18,float64 matrix column,one row per eligible model encounter,,age_gt18,"Positive-part age spline max(age - 18, 0).",Computed exactly by design_batch() in 07_prepare_primary_model_matrix.py.,Frozen missing-category indicators or documented median imputation are used; exposure eligibility rules are applied before matrix construction.,Primary 2010-2024 model design only.,"Interpret with the cohort, reference levels, and fixed effects stored in the matrix manifest.",,,race,model design,patient_visit
model_design_race,37,age_gt45,float64 matrix column,one row per eligible model encounter,,age_gt45,"Positive-part age spline max(age - 45, 0).",Computed exactly by design_batch() in 07_prepare_primary_model_matrix.py.,Frozen missing-category indicators or documented median imputation are used; exposure eligibility rules are applied before matrix construction.,Primary 2010-2024 model design only.,"Interpret with the cohort, reference levels, and fixed effects stored in the matrix manifest.",,,race,model design,patient_visit
model_design_race,38,age_gt65,float64 matrix column,one row per eligible model encounter,,age_gt65,"Positive-part age spline max(age - 65, 0).",Computed exactly by design_batch() in 07_prepare_primary_model_matrix.py.,Frozen missing-category indicators or documented median imputation are used; exposure eligibility rules are applied before matrix construction.,Primary 2010-2024 model design only.,"Interpret with the cohort, reference levels, and fixed effects stored in the matrix manifest.",,,race,model design,patient_visit
model_design_race,39,age_gt80,float64 matrix column,one row per eligible model encounter,,age_gt80,"Positive-part age spline max(age - 80, 0).",Computed exactly by design_batch() in 07_prepare_primary_model_matrix.py.,Frozen missing-category indicators or documented median imputation are used; exposure eligibility rules are applied before matrix construction.,Primary 2010-2024 model design only.,"Interpret with the cohort, reference levels, and fixed effects stored in the matrix manifest.",,,race,model design,patient_visit
model_design_race,40,age_missing,float64 matrix column,one row per eligible model encounter,,age_missing,1 when source age is invalid or missing and median imputation is used.,Computed exactly by design_batch() in 07_prepare_primary_model_matrix.py.,Frozen missing-category indicators or documented median imputation are used; exposure eligibility rules are applied before matrix construction.,Primary 2010-2024 model design only.,"Interpret with the cohort, reference levels, and fixed effects stored in the matrix manifest.",,,race,model design,patient_visit
model_design_race,41,patient_female,float64 matrix column,one row per eligible model encounter,,patient_sex_category,1 for recorded Female patient sex and 0 for Male.,Computed exactly by design_batch() in 07_prepare_primary_model_matrix.py.,Frozen missing-category indicators or documented median imputation are used; exposure eligibility rules are applied before matrix construction.,Primary 2010-2024 model design only.,"Interpret with the cohort, reference levels, and fixed effects stored in the matrix manifest.",,,race,model design,patient_visit
model_design_race,42,patient_sex_unknown,float64 matrix column,one row per eligible model encounter,,patient_sex_unknown,Analysis design field defined deterministically in the locked matrix builder; the source field and design group are recorded here.,Computed exactly by design_batch() in 07_prepare_primary_model_matrix.py.,Frozen missing-category indicators or documented median imputation are used; exposure eligibility rules are applied before matrix construction.,Primary 2010-2024 model design only.,"Interpret with the cohort, reference levels, and fixed effects stored in the matrix manifest.",,,race,model design,patient_visit
model_design_race,43,patient_ethnicity__Hispanic or Latino,float64 matrix column,one row per eligible model encounter,,patient_ethnicity_category,Indicator for patient ethnicity category Hispanic or Latino; the reference category is stored in the matrix manifest.,Computed exactly by design_batch() in 07_prepare_primary_model_matrix.py.,Frozen missing-category indicators or documented median imputation are used; exposure eligibility rules are applied before matrix construction.,Primary 2010-2024 model design only.,"Interpret with the cohort, reference levels, and fixed effects stored in the matrix manifest.",,,race,model design,patient_visit
model_design_race,44,patient_ethnicity__Unknown,float64 matrix column,one row per eligible model encounter,,patient_ethnicity_category,Indicator for patient ethnicity category Unknown; the reference category is stored in the matrix manifest.,Computed exactly by design_batch() in 07_prepare_primary_model_matrix.py.,Frozen missing-category indicators or documented median imputation are used; exposure eligibility rules are applied before matrix construction.,Primary 2010-2024 model design only.,"Interpret with the cohort, reference levels, and fixed effects stored in the matrix manifest.",,,race,model design,patient_visit
model_design_race,45,patient_ethnicity__<MISSING>,float64 matrix column,one row per eligible model encounter,,patient_ethnicity_category,Indicator for patient ethnicity category <MISSING>; the reference category is stored in the matrix manifest.,Computed exactly by design_batch() in 07_prepare_primary_model_matrix.py.,Frozen missing-category indicators or documented median imputation are used; exposure eligibility rules are applied before matrix construction.,Primary 2010-2024 model design only.,"Interpret with the cohort, reference levels, and fixed effects stored in the matrix manifest.",,,race,model design,patient_visit
model_design_race,46,payer__Medicaid,float64 matrix column,one row per eligible model encounter,,payer_group,Indicator for payer category Medicaid; the reference category is stored in the matrix manifest.,Computed exactly by design_batch() in 07_prepare_primary_model_matrix.py.,Frozen missing-category indicators or documented median imputation are used; exposure eligibility rules are applied before matrix construction.,Primary 2010-2024 model design only.,"Interpret with the cohort, reference levels, and fixed effects stored in the matrix manifest.",,,race,model design,patient_visit
model_design_race,47,payer__Medicare,float64 matrix column,one row per eligible model encounter,,payer_group,Indicator for payer category Medicare; the reference category is stored in the matrix manifest.,Computed exactly by design_batch() in 07_prepare_primary_model_matrix.py.,Frozen missing-category indicators or documented median imputation are used; exposure eligibility rules are applied before matrix construction.,Primary 2010-2024 model design only.,"Interpret with the cohort, reference levels, and fixed effects stored in the matrix manifest.",,,race,model design,patient_visit
model_design_race,48,payer__Self-pay,float64 matrix column,one row per eligible model encounter,,payer_group,Indicator for payer category Self-pay; the reference category is stored in the matrix manifest.,Computed exactly by design_batch() in 07_prepare_primary_model_matrix.py.,Frozen missing-category indicators or documented median imputation are used; exposure eligibility rules are applied before matrix construction.,Primary 2010-2024 model design only.,"Interpret with the cohort, reference levels, and fixed effects stored in the matrix manifest.",,,race,model design,patient_visit
model_design_race,49,payer__Non-payment/charity,float64 matrix column,one row per eligible model encounter,,payer_group,Indicator for payer category Non-payment/charity; the reference category is stored in the matrix manifest.,Computed exactly by design_batch() in 07_prepare_primary_model_matrix.py.,Frozen missing-category indicators or documented median imputation are used; exposure eligibility rules are applied before matrix construction.,Primary 2010-2024 model design only.,"Interpret with the cohort, reference levels, and fixed effects stored in the matrix manifest.",,,race,model design,patient_visit
model_design_race,50,payer__Other government,float64 matrix column,one row per eligible model encounter,,payer_group,Indicator for payer category Other government; the reference category is stored in the matrix manifest.,Computed exactly by design_batch() in 07_prepare_primary_model_matrix.py.,Frozen missing-category indicators or documented median imputation are used; exposure eligibility rules are applied before matrix construction.,Primary 2010-2024 model design only.,"Interpret with the cohort, reference levels, and fixed effects stored in the matrix manifest.",,,race,model design,patient_visit
model_design_race,51,payer__Federal government,float64 matrix column,one row per eligible model encounter,,payer_group,Indicator for payer category Federal government; the reference category is stored in the matrix manifest.,Computed exactly by design_batch() in 07_prepare_primary_model_matrix.py.,Frozen missing-category indicators or documented median imputation are used; exposure eligibility rules are applied before matrix construction.,Primary 2010-2024 model design only.,"Interpret with the cohort, reference levels, and fixed effects stored in the matrix manifest.",,,race,model design,patient_visit
model_design_race,52,payer__Workers compensation,float64 matrix column,one row per eligible model encounter,,payer_group,Indicator for payer category Workers compensation; the reference category is stored in the matrix manifest.,Computed exactly by design_batch() in 07_prepare_primary_model_matrix.py.,Frozen missing-category indicators or documented median imputation are used; exposure eligibility rules are applied before matrix construction.,Primary 2010-2024 model design only.,"Interpret with the cohort, reference levels, and fixed effects stored in the matrix manifest.",,,race,model design,patient_visit
model_design_race,53,payer__Liability,float64 matrix column,one row per eligible model encounter,,payer_group,Indicator for payer category Liability; the reference category is stored in the matrix manifest.,Computed exactly by design_batch() in 07_prepare_primary_model_matrix.py.,Frozen missing-category indicators or documented median imputation are used; exposure eligibility rules are applied before matrix construction.,Primary 2010-2024 model design only.,"Interpret with the cohort, reference levels, and fixed effects stored in the matrix manifest.",,,race,model design,patient_visit
model_design_race,54,payer__Other,float64 matrix column,one row per eligible model encounter,,payer_group,Indicator for payer category Other; the reference category is stored in the matrix manifest.,Computed exactly by design_batch() in 07_prepare_primary_model_matrix.py.,Frozen missing-category indicators or documented median imputation are used; exposure eligibility rules are applied before matrix construction.,Primary 2010-2024 model design only.,"Interpret with the cohort, reference levels, and fixed effects stored in the matrix manifest.",,,race,model design,patient_visit
model_design_race,55,payer__Unknown,float64 matrix column,one row per eligible model encounter,,payer_group,Indicator for payer category Unknown; the reference category is stored in the matrix manifest.,Computed exactly by design_batch() in 07_prepare_primary_model_matrix.py.,Frozen missing-category indicators or documented median imputation are used; exposure eligibility rules are applied before matrix construction.,Primary 2010-2024 model design only.,"Interpret with the cohort, reference levels, and fixed effects stored in the matrix manifest.",,,race,model design,patient_visit
model_design_race,56,payer__<MISSING>,float64 matrix column,one row per eligible model encounter,,payer_group,Indicator for payer category <MISSING>; the reference category is stored in the matrix manifest.,Computed exactly by design_batch() in 07_prepare_primary_model_matrix.py.,Frozen missing-category indicators or documented median imputation are used; exposure eligibility rules are applied before matrix construction.,Primary 2010-2024 model design only.,"Interpret with the cohort, reference levels, and fixed effects stored in the matrix manifest.",,,race,model design,patient_visit
model_design_race,57,patient_rurality__Micropolitan,float64 matrix column,one row per eligible model encounter,,patient_zip_rurality_3level,Indicator for patient rurality category Micropolitan; the reference category is stored in the matrix manifest.,Computed exactly by design_batch() in 07_prepare_primary_model_matrix.py.,Frozen missing-category indicators or documented median imputation are used; exposure eligibility rules are applied before matrix construction.,Primary 2010-2024 model design only.,"Interpret with the cohort, reference levels, and fixed effects stored in the matrix manifest.",,,race,model design,patient_visit
model_design_race,58,patient_rurality__Small town/rural,float64 matrix column,one row per eligible model encounter,,patient_zip_rurality_3level,Indicator for patient rurality category Small town/rural; the reference category is stored in the matrix manifest.,Computed exactly by design_batch() in 07_prepare_primary_model_matrix.py.,Frozen missing-category indicators or documented median imputation are used; exposure eligibility rules are applied before matrix construction.,Primary 2010-2024 model design only.,"Interpret with the cohort, reference levels, and fixed effects stored in the matrix manifest.",,,race,model design,patient_visit
model_design_race,59,patient_rurality__<MISSING>,float64 matrix column,one row per eligible model encounter,,patient_zip_rurality_3level,Indicator for patient rurality category <MISSING>; the reference category is stored in the matrix manifest.,Computed exactly by design_batch() in 07_prepare_primary_model_matrix.py.,Frozen missing-category indicators or documented median imputation are used; exposure eligibility rules are applied before matrix construction.,Primary 2010-2024 model design only.,"Interpret with the cohort, reference levels, and fixed effects stored in the matrix manifest.",,,race,model design,patient_visit
model_design_race,60,weekend,float64 matrix column,one row per eligible model encounter,,weekend,Analysis design field defined deterministically in the locked matrix builder; the source field and design group are recorded here.,Computed exactly by design_batch() in 07_prepare_primary_model_matrix.py.,Frozen missing-category indicators or documented median imputation are used; exposure eligibility rules are applied before matrix construction.,Primary 2010-2024 model design only.,"Interpret with the cohort, reference levels, and fixed effects stored in the matrix manifest.",,,race,model design,patient_visit
model_design_race,61,weekend_missing,float64 matrix column,one row per eligible model encounter,,weekend_missing,Analysis design field defined deterministically in the locked matrix builder; the source field and design group are recorded here.,Computed exactly by design_batch() in 07_prepare_primary_model_matrix.py.,Frozen missing-category indicators or documented median imputation are used; exposure eligibility rules are applied before matrix construction.,Primary 2010-2024 model design only.,"Interpret with the cohort, reference levels, and fixed effects stored in the matrix manifest.",,,race,model design,patient_visit
model_design_race,62,off_hours,float64 matrix column,one row per eligible model encounter,,off_hours,Analysis design field defined deterministically in the locked matrix builder; the source field and design group are recorded here.,Computed exactly by design_batch() in 07_prepare_primary_model_matrix.py.,Frozen missing-category indicators or documented median imputation are used; exposure eligibility rules are applied before matrix construction.,Primary 2010-2024 model design only.,"Interpret with the cohort, reference levels, and fixed effects stored in the matrix manifest.",,,race,model design,patient_visit
model_design_race,63,off_hours_missing,float64 matrix column,one row per eligible model encounter,,off_hours_missing,Analysis design field defined deterministically in the locked matrix builder; the source field and design group are recorded here.,Computed exactly by design_batch() in 07_prepare_primary_model_matrix.py.,Frozen missing-category indicators or documented median imputation are used; exposure eligibility rules are applied before matrix construction.,Primary 2010-2024 model design only.,"Interpret with the cohort, reference levels, and fixed effects stored in the matrix manifest.",,,race,model design,patient_visit
model_design_race,64,arrival_band__Afternoon,float64 matrix column,one row per eligible model encounter,,arrival_time_band,Indicator for arrival band category Afternoon; the reference category is stored in the matrix manifest.,Computed exactly by design_batch() in 07_prepare_primary_model_matrix.py.,Frozen missing-category indicators or documented median imputation are used; exposure eligibility rules are applied before matrix construction.,Primary 2010-2024 model design only.,"Interpret with the cohort, reference levels, and fixed effects stored in the matrix manifest.",,,race,model design,patient_visit
model_design_race,65,arrival_band__Evening,float64 matrix column,one row per eligible model encounter,,arrival_time_band,Indicator for arrival band category Evening; the reference category is stored in the matrix manifest.,Computed exactly by design_batch() in 07_prepare_primary_model_matrix.py.,Frozen missing-category indicators or documented median imputation are used; exposure eligibility rules are applied before matrix construction.,Primary 2010-2024 model design only.,"Interpret with the cohort, reference levels, and fixed effects stored in the matrix manifest.",,,race,model design,patient_visit
model_design_race,66,arrival_band__Night,float64 matrix column,one row per eligible model encounter,,arrival_time_band,Indicator for arrival band category Night; the reference category is stored in the matrix manifest.,Computed exactly by design_batch() in 07_prepare_primary_model_matrix.py.,Frozen missing-category indicators or documented median imputation are used; exposure eligibility rules are applied before matrix construction.,Primary 2010-2024 model design only.,"Interpret with the cohort, reference levels, and fixed effects stored in the matrix manifest.",,,race,model design,patient_visit
model_design_race,67,arrival_band__Unknown,float64 matrix column,one row per eligible model encounter,,arrival_time_band,Indicator for arrival band category Unknown; the reference category is stored in the matrix manifest.,Computed exactly by design_batch() in 07_prepare_primary_model_matrix.py.,Frozen missing-category indicators or documented median imputation are used; exposure eligibility rules are applied before matrix construction.,Primary 2010-2024 model design only.,"Interpret with the cohort, reference levels, and fixed effects stored in the matrix manifest.",,,race,model design,patient_visit
model_design_race,68,arrival_band__<MISSING>,float64 matrix column,one row per eligible model encounter,,arrival_time_band,Indicator for arrival band category <MISSING>; the reference category is stored in the matrix manifest.,Computed exactly by design_batch() in 07_prepare_primary_model_matrix.py.,Frozen missing-category indicators or documented median imputation are used; exposure eligibility rules are applied before matrix construction.,Primary 2010-2024 model design only.,"Interpret with the cohort, reference levels, and fixed effects stored in the matrix manifest.",,,race,model design,patient_visit
model_design_race,69,elix_aids_flag,float64 matrix column,one row per eligible model encounter,,elix_aids_flag,Binary AHRQ Elixhauser comorbidity indicator.,Computed exactly by design_batch() in 07_prepare_primary_model_matrix.py.,Frozen missing-category indicators or documented median imputation are used; exposure eligibility rules are applied before matrix construction.,Primary 2010-2024 model design only.,"Interpret with the cohort, reference levels, and fixed effects stored in the matrix manifest.",,,race,model design,patient_risk
model_design_race,70,elix_alcohol_flag,float64 matrix column,one row per eligible model encounter,,elix_alcohol_flag,Binary AHRQ Elixhauser comorbidity indicator.,Computed exactly by design_batch() in 07_prepare_primary_model_matrix.py.,Frozen missing-category indicators or documented median imputation are used; exposure eligibility rules are applied before matrix construction.,Primary 2010-2024 model design only.,"Interpret with the cohort, reference levels, and fixed effects stored in the matrix manifest.",,,race,model design,patient_risk
model_design_race,71,elix_anemdef_flag,float64 matrix column,one row per eligible model encounter,,elix_anemdef_flag,Binary AHRQ Elixhauser comorbidity indicator.,Computed exactly by design_batch() in 07_prepare_primary_model_matrix.py.,Frozen missing-category indicators or documented median imputation are used; exposure eligibility rules are applied before matrix construction.,Primary 2010-2024 model design only.,"Interpret with the cohort, reference levels, and fixed effects stored in the matrix manifest.",,,race,model design,patient_risk
model_design_race,72,elix_arth_flag,float64 matrix column,one row per eligible model encounter,,elix_arth_flag,Binary AHRQ Elixhauser comorbidity indicator.,Computed exactly by design_batch() in 07_prepare_primary_model_matrix.py.,Frozen missing-category indicators or documented median imputation are used; exposure eligibility rules are applied before matrix construction.,Primary 2010-2024 model design only.,"Interpret with the cohort, reference levels, and fixed effects stored in the matrix manifest.",,,race,model design,patient_risk
model_design_race,73,elix_autoimmune_flag,float64 matrix column,one row per eligible model encounter,,elix_autoimmune_flag,Binary AHRQ Elixhauser comorbidity indicator.,Computed exactly by design_batch() in 07_prepare_primary_model_matrix.py.,Frozen missing-category indicators or documented median imputation are used; exposure eligibility rules are applied before matrix construction.,Primary 2010-2024 model design only.,"Interpret with the cohort, reference levels, and fixed effects stored in the matrix manifest.",,,race,model design,patient_risk
model_design_race,74,elix_bldloss_flag,float64 matrix column,one row per eligible model encounter,,elix_bldloss_flag,Binary AHRQ Elixhauser comorbidity indicator.,Computed exactly by design_batch() in 07_prepare_primary_model_matrix.py.,Frozen missing-category indicators or documented median imputation are used; exposure eligibility rules are applied before matrix construction.,Primary 2010-2024 model design only.,"Interpret with the cohort, reference levels, and fixed effects stored in the matrix manifest.",,,race,model design,patient_risk
model_design_race,75,elix_cancer_leuk_flag,float64 matrix column,one row per eligible model encounter,,elix_cancer_leuk_flag,Binary AHRQ Elixhauser comorbidity indicator.,Computed exactly by design_batch() in 07_prepare_primary_model_matrix.py.,Frozen missing-category indicators or documented median imputation are used; exposure eligibility rules are applied before matrix construction.,Primary 2010-2024 model design only.,"Interpret with the cohort, reference levels, and fixed effects stored in the matrix manifest.",,,race,model design,patient_risk
model_design_race,76,elix_cancer_lymph_flag,float64 matrix column,one row per eligible model encounter,,elix_cancer_lymph_flag,Binary AHRQ Elixhauser comorbidity indicator.,Computed exactly by design_batch() in 07_prepare_primary_model_matrix.py.,Frozen missing-category indicators or documented median imputation are used; exposure eligibility rules are applied before matrix construction.,Primary 2010-2024 model design only.,"Interpret with the cohort, reference levels, and fixed effects stored in the matrix manifest.",,,race,model design,patient_risk
model_design_race,77,elix_cancer_mets_flag,float64 matrix column,one row per eligible model encounter,,elix_cancer_mets_flag,Binary AHRQ Elixhauser comorbidity indicator.,Computed exactly by design_batch() in 07_prepare_primary_model_matrix.py.,Frozen missing-category indicators or documented median imputation are used; exposure eligibility rules are applied before matrix construction.,Primary 2010-2024 model design only.,"Interpret with the cohort, reference levels, and fixed effects stored in the matrix manifest.",,,race,model design,patient_risk
model_design_race,78,elix_cancer_nsitu_flag,float64 matrix column,one row per eligible model encounter,,elix_cancer_nsitu_flag,Binary AHRQ Elixhauser comorbidity indicator.,Computed exactly by design_batch() in 07_prepare_primary_model_matrix.py.,Frozen missing-category indicators or documented median imputation are used; exposure eligibility rules are applied before matrix construction.,Primary 2010-2024 model design only.,"Interpret with the cohort, reference levels, and fixed effects stored in the matrix manifest.",,,race,model design,patient_risk
model_design_race,79,elix_cancer_solid_flag,float64 matrix column,one row per eligible model encounter,,elix_cancer_solid_flag,Binary AHRQ Elixhauser comorbidity indicator.,Computed exactly by design_batch() in 07_prepare_primary_model_matrix.py.,Frozen missing-category indicators or documented median imputation are used; exposure eligibility rules are applied before matrix construction.,Primary 2010-2024 model design only.,"Interpret with the cohort, reference levels, and fixed effects stored in the matrix manifest.",,,race,model design,patient_risk
model_design_race,80,elix_cbvd_poa_flag,float64 matrix column,one row per eligible model encounter,,elix_cbvd_poa_flag,Binary AHRQ Elixhauser comorbidity indicator.,Computed exactly by design_batch() in 07_prepare_primary_model_matrix.py.,Frozen missing-category indicators or documented median imputation are used; exposure eligibility rules are applied before matrix construction.,Primary 2010-2024 model design only.,"Interpret with the cohort, reference levels, and fixed effects stored in the matrix manifest.",,,race,model design,patient_risk
model_design_race,81,elix_cbvd_sqla_flag,float64 matrix column,one row per eligible model encounter,,elix_cbvd_sqla_flag,Binary AHRQ Elixhauser comorbidity indicator.,Computed exactly by design_batch() in 07_prepare_primary_model_matrix.py.,Frozen missing-category indicators or documented median imputation are used; exposure eligibility rules are applied before matrix construction.,Primary 2010-2024 model design only.,"Interpret with the cohort, reference levels, and fixed effects stored in the matrix manifest.",,,race,model design,patient_risk
model_design_race,82,elix_chf_flag,float64 matrix column,one row per eligible model encounter,,elix_chf_flag,Binary AHRQ Elixhauser comorbidity indicator.,Computed exactly by design_batch() in 07_prepare_primary_model_matrix.py.,Frozen missing-category indicators or documented median imputation are used; exposure eligibility rules are applied before matrix construction.,Primary 2010-2024 model design only.,"Interpret with the cohort, reference levels, and fixed effects stored in the matrix manifest.",,,race,model design,patient_risk
model_design_race,83,elix_chrnlung_flag,float64 matrix column,one row per eligible model encounter,,elix_chrnlung_flag,Binary AHRQ Elixhauser comorbidity indicator.,Computed exactly by design_batch() in 07_prepare_primary_model_matrix.py.,Frozen missing-category indicators or documented median imputation are used; exposure eligibility rules are applied before matrix construction.,Primary 2010-2024 model design only.,"Interpret with the cohort, reference levels, and fixed effects stored in the matrix manifest.",,,race,model design,patient_risk
model_design_race,84,elix_coag_flag,float64 matrix column,one row per eligible model encounter,,elix_coag_flag,Binary AHRQ Elixhauser comorbidity indicator.,Computed exactly by design_batch() in 07_prepare_primary_model_matrix.py.,Frozen missing-category indicators or documented median imputation are used; exposure eligibility rules are applied before matrix construction.,Primary 2010-2024 model design only.,"Interpret with the cohort, reference levels, and fixed effects stored in the matrix manifest.",,,race,model design,patient_risk
model_design_race,85,elix_dementia_flag,float64 matrix column,one row per eligible model encounter,,elix_dementia_flag,Binary AHRQ Elixhauser comorbidity indicator.,Computed exactly by design_batch() in 07_prepare_primary_model_matrix.py.,Frozen missing-category indicators or documented median imputation are used; exposure eligibility rules are applied before matrix construction.,Primary 2010-2024 model design only.,"Interpret with the cohort, reference levels, and fixed effects stored in the matrix manifest.",,,race,model design,patient_risk
model_design_race,86,elix_depress_flag,float64 matrix column,one row per eligible model encounter,,elix_depress_flag,Binary AHRQ Elixhauser comorbidity indicator.,Computed exactly by design_batch() in 07_prepare_primary_model_matrix.py.,Frozen missing-category indicators or documented median imputation are used; exposure eligibility rules are applied before matrix construction.,Primary 2010-2024 model design only.,"Interpret with the cohort, reference levels, and fixed effects stored in the matrix manifest.",,,race,model design,patient_risk
model_design_race,87,elix_diab_cx_flag,float64 matrix column,one row per eligible model encounter,,elix_diab_cx_flag,Binary AHRQ Elixhauser comorbidity indicator.,Computed exactly by design_batch() in 07_prepare_primary_model_matrix.py.,Frozen missing-category indicators or documented median imputation are used; exposure eligibility rules are applied before matrix construction.,Primary 2010-2024 model design only.,"Interpret with the cohort, reference levels, and fixed effects stored in the matrix manifest.",,,race,model design,patient_risk
model_design_race,88,elix_diab_uncx_flag,float64 matrix column,one row per eligible model encounter,,elix_diab_uncx_flag,Binary AHRQ Elixhauser comorbidity indicator.,Computed exactly by design_batch() in 07_prepare_primary_model_matrix.py.,Frozen missing-category indicators or documented median imputation are used; exposure eligibility rules are applied before matrix construction.,Primary 2010-2024 model design only.,"Interpret with the cohort, reference levels, and fixed effects stored in the matrix manifest.",,,race,model design,patient_risk
model_design_race,89,elix_dm_flag,float64 matrix column,one row per eligible model encounter,,elix_dm_flag,Binary AHRQ Elixhauser comorbidity indicator.,Computed exactly by design_batch() in 07_prepare_primary_model_matrix.py.,Frozen missing-category indicators or documented median imputation are used; exposure eligibility rules are applied before matrix construction.,Primary 2010-2024 model design only.,"Interpret with the cohort, reference levels, and fixed effects stored in the matrix manifest.",,,race,model design,patient_risk
model_design_race,90,elix_dmcx_flag,float64 matrix column,one row per eligible model encounter,,elix_dmcx_flag,Binary AHRQ Elixhauser comorbidity indicator.,Computed exactly by design_batch() in 07_prepare_primary_model_matrix.py.,Frozen missing-category indicators or documented median imputation are used; exposure eligibility rules are applied before matrix construction.,Primary 2010-2024 model design only.,"Interpret with the cohort, reference levels, and fixed effects stored in the matrix manifest.",,,race,model design,patient_risk
model_design_race,91,elix_drug_abuse_flag,float64 matrix column,one row per eligible model encounter,,elix_drug_abuse_flag,Binary AHRQ Elixhauser comorbidity indicator.,Computed exactly by design_batch() in 07_prepare_primary_model_matrix.py.,Frozen missing-category indicators or documented median imputation are used; exposure eligibility rules are applied before matrix construction.,Primary 2010-2024 model design only.,"Interpret with the cohort, reference levels, and fixed effects stored in the matrix manifest.",,,race,model design,patient_risk
model_design_race,92,elix_drug_flag,float64 matrix column,one row per eligible model encounter,,elix_drug_flag,Binary AHRQ Elixhauser comorbidity indicator.,Computed exactly by design_batch() in 07_prepare_primary_model_matrix.py.,Frozen missing-category indicators or documented median imputation are used; exposure eligibility rules are applied before matrix construction.,Primary 2010-2024 model design only.,"Interpret with the cohort, reference levels, and fixed effects stored in the matrix manifest.",,,race,model design,patient_risk
model_design_race,93,elix_hf_flag,float64 matrix column,one row per eligible model encounter,,elix_hf_flag,Binary AHRQ Elixhauser comorbidity indicator.,Computed exactly by design_batch() in 07_prepare_primary_model_matrix.py.,Frozen missing-category indicators or documented median imputation are used; exposure eligibility rules are applied before matrix construction.,Primary 2010-2024 model design only.,"Interpret with the cohort, reference levels, and fixed effects stored in the matrix manifest.",,,race,model design,patient_risk
model_design_race,94,elix_hhrwchf_flag,float64 matrix column,one row per eligible model encounter,,elix_hhrwchf_flag,Binary AHRQ Elixhauser comorbidity indicator.,Computed exactly by design_batch() in 07_prepare_primary_model_matrix.py.,Frozen missing-category indicators or documented median imputation are used; exposure eligibility rules are applied before matrix construction.,Primary 2010-2024 model design only.,"Interpret with the cohort, reference levels, and fixed effects stored in the matrix manifest.",,,race,model design,patient_risk
model_design_race,95,elix_hhrwhrf_flag,float64 matrix column,one row per eligible model encounter,,elix_hhrwhrf_flag,Binary AHRQ Elixhauser comorbidity indicator.,Computed exactly by design_batch() in 07_prepare_primary_model_matrix.py.,Frozen missing-category indicators or documented median imputation are used; exposure eligibility rules are applied before matrix construction.,Primary 2010-2024 model design only.,"Interpret with the cohort, reference levels, and fixed effects stored in the matrix manifest.",,,race,model design,patient_risk
model_design_race,96,elix_hhrwohrf_flag,float64 matrix column,one row per eligible model encounter,,elix_hhrwohrf_flag,Binary AHRQ Elixhauser comorbidity indicator.,Computed exactly by design_batch() in 07_prepare_primary_model_matrix.py.,Frozen missing-category indicators or documented median imputation are used; exposure eligibility rules are applied before matrix construction.,Primary 2010-2024 model design only.,"Interpret with the cohort, reference levels, and fixed effects stored in the matrix manifest.",,,race,model design,patient_risk
model_design_race,97,elix_hhrwrf_flag,float64 matrix column,one row per eligible model encounter,,elix_hhrwrf_flag,Binary AHRQ Elixhauser comorbidity indicator.,Computed exactly by design_batch() in 07_prepare_primary_model_matrix.py.,Frozen missing-category indicators or documented median imputation are used; exposure eligibility rules are applied before matrix construction.,Primary 2010-2024 model design only.,"Interpret with the cohort, reference levels, and fixed effects stored in the matrix manifest.",,,race,model design,patient_risk
model_design_race,98,elix_hrenworf_flag,float64 matrix column,one row per eligible model encounter,,elix_hrenworf_flag,Binary AHRQ Elixhauser comorbidity indicator.,Computed exactly by design_batch() in 07_prepare_primary_model_matrix.py.,Frozen missing-category indicators or documented median imputation are used; exposure eligibility rules are applied before matrix construction.,Primary 2010-2024 model design only.,"Interpret with the cohort, reference levels, and fixed effects stored in the matrix manifest.",,,race,model design,patient_risk
model_design_race,99,elix_hrenwrf_flag,float64 matrix column,one row per eligible model encounter,,elix_hrenwrf_flag,Binary AHRQ Elixhauser comorbidity indicator.,Computed exactly by design_batch() in 07_prepare_primary_model_matrix.py.,Frozen missing-category indicators or documented median imputation are used; exposure eligibility rules are applied before matrix construction.,Primary 2010-2024 model design only.,"Interpret with the cohort, reference levels, and fixed effects stored in the matrix manifest.",,,race,model design,patient_risk
model_design_race,100,elix_htn_cx_flag,float64 matrix column,one row per eligible model encounter,,elix_htn_cx_flag,Binary AHRQ Elixhauser comorbidity indicator.,Computed exactly by design_batch() in 07_prepare_primary_model_matrix.py.,Frozen missing-category indicators or documented median imputation are used; exposure eligibility rules are applied before matrix construction.,Primary 2010-2024 model design only.,"Interpret with the cohort, reference levels, and fixed effects stored in the matrix manifest.",,,race,model design,patient_risk
model_design_race,101,elix_htn_flag,float64 matrix column,one row per eligible model encounter,,elix_htn_flag,Binary AHRQ Elixhauser comorbidity indicator.,Computed exactly by design_batch() in 07_prepare_primary_model_matrix.py.,Frozen missing-category indicators or documented median imputation are used; exposure eligibility rules are applied before matrix construction.,Primary 2010-2024 model design only.,"Interpret with the cohort, reference levels, and fixed effects stored in the matrix manifest.",,,race,model design,patient_risk
model_design_race,102,elix_htn_uncx_flag,float64 matrix column,one row per eligible model encounter,,elix_htn_uncx_flag,Binary AHRQ Elixhauser comorbidity indicator.,Computed exactly by design_batch() in 07_prepare_primary_model_matrix.py.,Frozen missing-category indicators or documented median imputation are used; exposure eligibility rules are applied before matrix construction.,Primary 2010-2024 model design only.,"Interpret with the cohort, reference levels, and fixed effects stored in the matrix manifest.",,,race,model design,patient_risk
model_design_race,103,elix_htncx_flag,float64 matrix column,one row per eligible model encounter,,elix_htncx_flag,Binary AHRQ Elixhauser comorbidity indicator.,Computed exactly by design_batch() in 07_prepare_primary_model_matrix.py.,Frozen missing-category indicators or documented median imputation are used; exposure eligibility rules are applied before matrix construction.,Primary 2010-2024 model design only.,"Interpret with the cohort, reference levels, and fixed effects stored in the matrix manifest.",,,race,model design,patient_risk
model_design_race,104,elix_htnpreg_flag,float64 matrix column,one row per eligible model encounter,,elix_htnpreg_flag,Binary AHRQ Elixhauser comorbidity indicator.,Computed exactly by design_batch() in 07_prepare_primary_model_matrix.py.,Frozen missing-category indicators or documented median imputation are used; exposure eligibility rules are applied before matrix construction.,Primary 2010-2024 model design only.,"Interpret with the cohort, reference levels, and fixed effects stored in the matrix manifest.",,,race,model design,patient_risk
model_design_race,105,elix_htnwchf_flag,float64 matrix column,one row per eligible model encounter,,elix_htnwchf_flag,Binary AHRQ Elixhauser comorbidity indicator.,Computed exactly by design_batch() in 07_prepare_primary_model_matrix.py.,Frozen missing-category indicators or documented median imputation are used; exposure eligibility rules are applied before matrix construction.,Primary 2010-2024 model design only.,"Interpret with the cohort, reference levels, and fixed effects stored in the matrix manifest.",,,race,model design,patient_risk
model_design_race,106,elix_htnwochf_flag,float64 matrix column,one row per eligible model encounter,,elix_htnwochf_flag,Binary AHRQ Elixhauser comorbidity indicator.,Computed exactly by design_batch() in 07_prepare_primary_model_matrix.py.,Frozen missing-category indicators or documented median imputation are used; exposure eligibility rules are applied before matrix construction.,Primary 2010-2024 model design only.,"Interpret with the cohort, reference levels, and fixed effects stored in the matrix manifest.",,,race,model design,patient_risk
model_design_race,107,elix_hypothy_flag,float64 matrix column,one row per eligible model encounter,,elix_hypothy_flag,Binary AHRQ Elixhauser comorbidity indicator.,Computed exactly by design_batch() in 07_prepare_primary_model_matrix.py.,Frozen missing-category indicators or documented median imputation are used; exposure eligibility rules are applied before matrix construction.,Primary 2010-2024 model design only.,"Interpret with the cohort, reference levels, and fixed effects stored in the matrix manifest.",,,race,model design,patient_risk
model_design_race,108,elix_liver_flag,float64 matrix column,one row per eligible model encounter,,elix_liver_flag,Binary AHRQ Elixhauser comorbidity indicator.,Computed exactly by design_batch() in 07_prepare_primary_model_matrix.py.,Frozen missing-category indicators or documented median imputation are used; exposure eligibility rules are applied before matrix construction.,Primary 2010-2024 model design only.,"Interpret with the cohort, reference levels, and fixed effects stored in the matrix manifest.",,,race,model design,patient_risk
model_design_race,109,elix_liver_mld_flag,float64 matrix column,one row per eligible model encounter,,elix_liver_mld_flag,Binary AHRQ Elixhauser comorbidity indicator.,Computed exactly by design_batch() in 07_prepare_primary_model_matrix.py.,Frozen missing-category indicators or documented median imputation are used; exposure eligibility rules are applied before matrix construction.,Primary 2010-2024 model design only.,"Interpret with the cohort, reference levels, and fixed effects stored in the matrix manifest.",,,race,model design,patient_risk
model_design_race,110,elix_liver_sev_flag,float64 matrix column,one row per eligible model encounter,,elix_liver_sev_flag,Binary AHRQ Elixhauser comorbidity indicator.,Computed exactly by design_batch() in 07_prepare_primary_model_matrix.py.,Frozen missing-category indicators or documented median imputation are used; exposure eligibility rules are applied before matrix construction.,Primary 2010-2024 model design only.,"Interpret with the cohort, reference levels, and fixed effects stored in the matrix manifest.",,,race,model design,patient_risk
model_design_race,111,elix_lung_chronic_flag,float64 matrix column,one row per eligible model encounter,,elix_lung_chronic_flag,Binary AHRQ Elixhauser comorbidity indicator.,Computed exactly by design_batch() in 07_prepare_primary_model_matrix.py.,Frozen missing-category indicators or documented median imputation are used; exposure eligibility rules are applied before matrix construction.,Primary 2010-2024 model design only.,"Interpret with the cohort, reference levels, and fixed effects stored in the matrix manifest.",,,race,model design,patient_risk
model_design_race,112,elix_lymph_flag,float64 matrix column,one row per eligible model encounter,,elix_lymph_flag,Binary AHRQ Elixhauser comorbidity indicator.,Computed exactly by design_batch() in 07_prepare_primary_model_matrix.py.,Frozen missing-category indicators or documented median imputation are used; exposure eligibility rules are applied before matrix construction.,Primary 2010-2024 model design only.,"Interpret with the cohort, reference levels, and fixed effects stored in the matrix manifest.",,,race,model design,patient_risk
model_design_race,113,elix_lytes_flag,float64 matrix column,one row per eligible model encounter,,elix_lytes_flag,Binary AHRQ Elixhauser comorbidity indicator.,Computed exactly by design_batch() in 07_prepare_primary_model_matrix.py.,Frozen missing-category indicators or documented median imputation are used; exposure eligibility rules are applied before matrix construction.,Primary 2010-2024 model design only.,"Interpret with the cohort, reference levels, and fixed effects stored in the matrix manifest.",,,race,model design,patient_risk
model_design_race,114,elix_mets_flag,float64 matrix column,one row per eligible model encounter,,elix_mets_flag,Binary AHRQ Elixhauser comorbidity indicator.,Computed exactly by design_batch() in 07_prepare_primary_model_matrix.py.,Frozen missing-category indicators or documented median imputation are used; exposure eligibility rules are applied before matrix construction.,Primary 2010-2024 model design only.,"Interpret with the cohort, reference levels, and fixed effects stored in the matrix manifest.",,,race,model design,patient_risk
model_design_race,115,elix_neuro_flag,float64 matrix column,one row per eligible model encounter,,elix_neuro_flag,Binary AHRQ Elixhauser comorbidity indicator.,Computed exactly by design_batch() in 07_prepare_primary_model_matrix.py.,Frozen missing-category indicators or documented median imputation are used; exposure eligibility rules are applied before matrix construction.,Primary 2010-2024 model design only.,"Interpret with the cohort, reference levels, and fixed effects stored in the matrix manifest.",,,race,model design,patient_risk
model_design_race,116,elix_neuro_movt_flag,float64 matrix column,one row per eligible model encounter,,elix_neuro_movt_flag,Binary AHRQ Elixhauser comorbidity indicator.,Computed exactly by design_batch() in 07_prepare_primary_model_matrix.py.,Frozen missing-category indicators or documented median imputation are used; exposure eligibility rules are applied before matrix construction.,Primary 2010-2024 model design only.,"Interpret with the cohort, reference levels, and fixed effects stored in the matrix manifest.",,,race,model design,patient_risk
model_design_race,117,elix_neuro_oth_flag,float64 matrix column,one row per eligible model encounter,,elix_neuro_oth_flag,Binary AHRQ Elixhauser comorbidity indicator.,Computed exactly by design_batch() in 07_prepare_primary_model_matrix.py.,Frozen missing-category indicators or documented median imputation are used; exposure eligibility rules are applied before matrix construction.,Primary 2010-2024 model design only.,"Interpret with the cohort, reference levels, and fixed effects stored in the matrix manifest.",,,race,model design,patient_risk
model_design_race,118,elix_neuro_seiz_flag,float64 matrix column,one row per eligible model encounter,,elix_neuro_seiz_flag,Binary AHRQ Elixhauser comorbidity indicator.,Computed exactly by design_batch() in 07_prepare_primary_model_matrix.py.,Frozen missing-category indicators or documented median imputation are used; exposure eligibility rules are applied before matrix construction.,Primary 2010-2024 model design only.,"Interpret with the cohort, reference levels, and fixed effects stored in the matrix manifest.",,,race,model design,patient_risk
model_design_race,119,elix_obese_flag,float64 matrix column,one row per eligible model encounter,,elix_obese_flag,Binary AHRQ Elixhauser comorbidity indicator.,Computed exactly by design_batch() in 07_prepare_primary_model_matrix.py.,Frozen missing-category indicators or documented median imputation are used; exposure eligibility rules are applied before matrix construction.,Primary 2010-2024 model design only.,"Interpret with the cohort, reference levels, and fixed effects stored in the matrix manifest.",,,race,model design,patient_risk
model_design_race,120,elix_ohtnpreg_flag,float64 matrix column,one row per eligible model encounter,,elix_ohtnpreg_flag,Binary AHRQ Elixhauser comorbidity indicator.,Computed exactly by design_batch() in 07_prepare_primary_model_matrix.py.,Frozen missing-category indicators or documented median imputation are used; exposure eligibility rules are applied before matrix construction.,Primary 2010-2024 model design only.,"Interpret with the cohort, reference levels, and fixed effects stored in the matrix manifest.",,,race,model design,patient_risk
model_design_race,121,elix_para_flag,float64 matrix column,one row per eligible model encounter,,elix_para_flag,Binary AHRQ Elixhauser comorbidity indicator.,Computed exactly by design_batch() in 07_prepare_primary_model_matrix.py.,Frozen missing-category indicators or documented median imputation are used; exposure eligibility rules are applied before matrix construction.,Primary 2010-2024 model design only.,"Interpret with the cohort, reference levels, and fixed effects stored in the matrix manifest.",,,race,model design,patient_risk
model_design_race,122,elix_paralysis_flag,float64 matrix column,one row per eligible model encounter,,elix_paralysis_flag,Binary AHRQ Elixhauser comorbidity indicator.,Computed exactly by design_batch() in 07_prepare_primary_model_matrix.py.,Frozen missing-category indicators or documented median imputation are used; exposure eligibility rules are applied before matrix construction.,Primary 2010-2024 model design only.,"Interpret with the cohort, reference levels, and fixed effects stored in the matrix manifest.",,,race,model design,patient_risk
model_design_race,123,elix_perivasc_flag,float64 matrix column,one row per eligible model encounter,,elix_perivasc_flag,Binary AHRQ Elixhauser comorbidity indicator.,Computed exactly by design_batch() in 07_prepare_primary_model_matrix.py.,Frozen missing-category indicators or documented median imputation are used; exposure eligibility rules are applied before matrix construction.,Primary 2010-2024 model design only.,"Interpret with the cohort, reference levels, and fixed effects stored in the matrix manifest.",,,race,model design,patient_risk
model_design_race,124,elix_psych_flag,float64 matrix column,one row per eligible model encounter,,elix_psych_flag,Binary AHRQ Elixhauser comorbidity indicator.,Computed exactly by design_batch() in 07_prepare_primary_model_matrix.py.,Frozen missing-category indicators or documented median imputation are used; exposure eligibility rules are applied before matrix construction.,Primary 2010-2024 model design only.,"Interpret with the cohort, reference levels, and fixed effects stored in the matrix manifest.",,,race,model design,patient_risk
model_design_race,125,elix_psychoses_flag,float64 matrix column,one row per eligible model encounter,,elix_psychoses_flag,Binary AHRQ Elixhauser comorbidity indicator.,Computed exactly by design_batch() in 07_prepare_primary_model_matrix.py.,Frozen missing-category indicators or documented median imputation are used; exposure eligibility rules are applied before matrix construction.,Primary 2010-2024 model design only.,"Interpret with the cohort, reference levels, and fixed effects stored in the matrix manifest.",,,race,model design,patient_risk
model_design_race,126,elix_pulmcirc_flag,float64 matrix column,one row per eligible model encounter,,elix_pulmcirc_flag,Binary AHRQ Elixhauser comorbidity indicator.,Computed exactly by design_batch() in 07_prepare_primary_model_matrix.py.,Frozen missing-category indicators or documented median imputation are used; exposure eligibility rules are applied before matrix construction.,Primary 2010-2024 model design only.,"Interpret with the cohort, reference levels, and fixed effects stored in the matrix manifest.",,,race,model design,patient_risk
model_design_race,127,elix_renlfail_flag,float64 matrix column,one row per eligible model encounter,,elix_renlfail_flag,Binary AHRQ Elixhauser comorbidity indicator.,Computed exactly by design_batch() in 07_prepare_primary_model_matrix.py.,Frozen missing-category indicators or documented median imputation are used; exposure eligibility rules are applied before matrix construction.,Primary 2010-2024 model design only.,"Interpret with the cohort, reference levels, and fixed effects stored in the matrix manifest.",,,race,model design,patient_risk
model_design_race,128,elix_renlfl_mod_flag,float64 matrix column,one row per eligible model encounter,,elix_renlfl_mod_flag,Binary AHRQ Elixhauser comorbidity indicator.,Computed exactly by design_batch() in 07_prepare_primary_model_matrix.py.,Frozen missing-category indicators or documented median imputation are used; exposure eligibility rules are applied before matrix construction.,Primary 2010-2024 model design only.,"Interpret with the cohort, reference levels, and fixed effects stored in the matrix manifest.",,,race,model design,patient_risk
model_design_race,129,elix_renlfl_sev_flag,float64 matrix column,one row per eligible model encounter,,elix_renlfl_sev_flag,Binary AHRQ Elixhauser comorbidity indicator.,Computed exactly by design_batch() in 07_prepare_primary_model_matrix.py.,Frozen missing-category indicators or documented median imputation are used; exposure eligibility rules are applied before matrix construction.,Primary 2010-2024 model design only.,"Interpret with the cohort, reference levels, and fixed effects stored in the matrix manifest.",,,race,model design,patient_risk
model_design_race,130,elix_thyroid_hypo_flag,float64 matrix column,one row per eligible model encounter,,elix_thyroid_hypo_flag,Binary AHRQ Elixhauser comorbidity indicator.,Computed exactly by design_batch() in 07_prepare_primary_model_matrix.py.,Frozen missing-category indicators or documented median imputation are used; exposure eligibility rules are applied before matrix construction.,Primary 2010-2024 model design only.,"Interpret with the cohort, reference levels, and fixed effects stored in the matrix manifest.",,,race,model design,patient_risk
model_design_race,131,elix_thyroid_oth_flag,float64 matrix column,one row per eligible model encounter,,elix_thyroid_oth_flag,Binary AHRQ Elixhauser comorbidity indicator.,Computed exactly by design_batch() in 07_prepare_primary_model_matrix.py.,Frozen missing-category indicators or documented median imputation are used; exposure eligibility rules are applied before matrix construction.,Primary 2010-2024 model design only.,"Interpret with the cohort, reference levels, and fixed effects stored in the matrix manifest.",,,race,model design,patient_risk
model_design_race,132,elix_tumor_flag,float64 matrix column,one row per eligible model encounter,,elix_tumor_flag,Binary AHRQ Elixhauser comorbidity indicator.,Computed exactly by design_batch() in 07_prepare_primary_model_matrix.py.,Frozen missing-category indicators or documented median imputation are used; exposure eligibility rules are applied before matrix construction.,Primary 2010-2024 model design only.,"Interpret with the cohort, reference levels, and fixed effects stored in the matrix manifest.",,,race,model design,patient_risk
model_design_race,133,elix_ulcer_flag,float64 matrix column,one row per eligible model encounter,,elix_ulcer_flag,Binary AHRQ Elixhauser comorbidity indicator.,Computed exactly by design_batch() in 07_prepare_primary_model_matrix.py.,Frozen missing-category indicators or documented median imputation are used; exposure eligibility rules are applied before matrix construction.,Primary 2010-2024 model design only.,"Interpret with the cohort, reference levels, and fixed effects stored in the matrix manifest.",,,race,model design,patient_risk
model_design_race,134,elix_ulcer_peptic_flag,float64 matrix column,one row per eligible model encounter,,elix_ulcer_peptic_flag,Binary AHRQ Elixhauser comorbidity indicator.,Computed exactly by design_batch() in 07_prepare_primary_model_matrix.py.,Frozen missing-category indicators or documented median imputation are used; exposure eligibility rules are applied before matrix construction.,Primary 2010-2024 model design only.,"Interpret with the cohort, reference levels, and fixed effects stored in the matrix manifest.",,,race,model design,patient_risk
model_design_race,135,elix_valve_flag,float64 matrix column,one row per eligible model encounter,,elix_valve_flag,Binary AHRQ Elixhauser comorbidity indicator.,Computed exactly by design_batch() in 07_prepare_primary_model_matrix.py.,Frozen missing-category indicators or documented median imputation are used; exposure eligibility rules are applied before matrix construction.,Primary 2010-2024 model design only.,"Interpret with the cohort, reference levels, and fixed effects stored in the matrix manifest.",,,race,model design,patient_risk
model_design_race,136,elix_wghtloss_flag,float64 matrix column,one row per eligible model encounter,,elix_wghtloss_flag,Binary AHRQ Elixhauser comorbidity indicator.,Computed exactly by design_batch() in 07_prepare_primary_model_matrix.py.,Frozen missing-category indicators or documented median imputation are used; exposure eligibility rules are applied before matrix construction.,Primary 2010-2024 model design only.,"Interpret with the cohort, reference levels, and fixed effects stored in the matrix manifest.",,,race,model design,patient_risk
model_design_race,137,elixhauser_condition_count,float64 matrix column,one row per eligible model encounter,,elixhauser_condition_count,Analysis design field defined deterministically in the locked matrix builder; the source field and design group are recorded here.,Computed exactly by design_batch() in 07_prepare_primary_model_matrix.py.,Frozen missing-category indicators or documented median imputation are used; exposure eligibility rules are applied before matrix construction.,Primary 2010-2024 model design only.,"Interpret with the cohort, reference levels, and fixed effects stored in the matrix manifest.",,,race,model design,patient_risk
model_design_race,138,physician_ed_specialist,float64 matrix column,one row per eligible model encounter,,physician_ed_specialist,Analysis design field defined deterministically in the locked matrix builder; the source field and design group are recorded here.,Computed exactly by design_batch() in 07_prepare_primary_model_matrix.py.,Frozen missing-category indicators or documented median imputation are used; exposure eligibility rules are applied before matrix construction.,Primary 2010-2024 model design only.,"Interpret with the cohort, reference levels, and fixed effects stored in the matrix manifest.",,,race,model design,physician
model_design_race,139,physician_ed_specialist_missing,float64 matrix column,one row per eligible model encounter,,physician_ed_specialist_missing,Analysis design field defined deterministically in the locked matrix builder; the source field and design group are recorded here.,Computed exactly by design_batch() in 07_prepare_primary_model_matrix.py.,Frozen missing-category indicators or documented median imputation are used; exposure eligibility rules are applied before matrix construction.,Primary 2010-2024 model design only.,"Interpret with the cohort, reference levels, and fixed effects stored in the matrix manifest.",,,race,model design,physician
model_design_race,140,experience,float64 matrix column,one row per eligible model encounter,,experience,Years since medical-school graduation after frozen median imputation for invalid/missing values.,Computed exactly by design_batch() in 07_prepare_primary_model_matrix.py.,Frozen missing-category indicators or documented median imputation are used; exposure eligibility rules are applied before matrix construction.,Primary 2010-2024 model design only.,"Interpret with the cohort, reference levels, and fixed effects stored in the matrix manifest.",,,race,model design,physician
model_design_race,141,experience_gt10,float64 matrix column,one row per eligible model encounter,,experience_gt10,"Positive-part years-since-medical-school spline max(experience - 10, 0).",Computed exactly by design_batch() in 07_prepare_primary_model_matrix.py.,Frozen missing-category indicators or documented median imputation are used; exposure eligibility rules are applied before matrix construction.,Primary 2010-2024 model design only.,"Interpret with the cohort, reference levels, and fixed effects stored in the matrix manifest.",,,race,model design,physician
model_design_race,142,experience_gt20,float64 matrix column,one row per eligible model encounter,,experience_gt20,"Positive-part years-since-medical-school spline max(experience - 20, 0).",Computed exactly by design_batch() in 07_prepare_primary_model_matrix.py.,Frozen missing-category indicators or documented median imputation are used; exposure eligibility rules are applied before matrix construction.,Primary 2010-2024 model design only.,"Interpret with the cohort, reference levels, and fixed effects stored in the matrix manifest.",,,race,model design,physician
model_design_race,143,experience_gt30,float64 matrix column,one row per eligible model encounter,,experience_gt30,"Positive-part years-since-medical-school spline max(experience - 30, 0).",Computed exactly by design_batch() in 07_prepare_primary_model_matrix.py.,Frozen missing-category indicators or documented median imputation are used; exposure eligibility rules are applied before matrix construction.,Primary 2010-2024 model design only.,"Interpret with the cohort, reference levels, and fixed effects stored in the matrix manifest.",,,race,model design,physician
model_design_race,144,experience_missing,float64 matrix column,one row per eligible model encounter,,experience_missing,Analysis design field defined deterministically in the locked matrix builder; the source field and design group are recorded here.,Computed exactly by design_batch() in 07_prepare_primary_model_matrix.py.,Frozen missing-category indicators or documented median imputation are used; exposure eligibility rules are applied before matrix construction.,Primary 2010-2024 model design only.,"Interpret with the cohort, reference levels, and fixed effects stored in the matrix manifest.",,,race,model design,physician
model_design_race,145,log1p_physician_quarter_volume,float64 matrix column,one row per eligible model encounter,,log1p_physician_quarter_volume,Analysis design field defined deterministically in the locked matrix builder; the source field and design group are recorded here.,Computed exactly by design_batch() in 07_prepare_primary_model_matrix.py.,Frozen missing-category indicators or documented median imputation are used; exposure eligibility rules are applied before matrix construction.,Primary 2010-2024 model design only.,"Interpret with the cohort, reference levels, and fixed effects stored in the matrix manifest.",,,race,model design,physician
model_design_race,146,physician_quarter_volume_missing,float64 matrix column,one row per eligible model encounter,,physician_quarter_volume_missing,Analysis design field defined deterministically in the locked matrix builder; the source field and design group are recorded here.,Computed exactly by design_batch() in 07_prepare_primary_model_matrix.py.,Frozen missing-category indicators or documented median imputation are used; exposure eligibility rules are applied before matrix construction.,Primary 2010-2024 model design only.,"Interpret with the cohort, reference levels, and fixed effects stored in the matrix manifest.",,,race,model design,physician
model_design_race,147,symptom_sign,float64 matrix column,one row per eligible model encounter,,symptom_sign,Prespecified binary heterogeneity modifier.,Computed exactly by design_batch() in 07_prepare_primary_model_matrix.py.,Frozen missing-category indicators or documented median imputation are used; exposure eligibility rules are applied before matrix construction.,Primary 2010-2024 model design only.,"Interpret with the cohort, reference levels, and fixed effects stored in the matrix manifest.",,,race,model design,heterogeneity_symptom_sign
model_design_race,148,symptom_sign_x_physician,float64 matrix column,one row per eligible model encounter,,symptom_sign; cohort-specific physician exposure,symptom_sign multiplied by the cohort-specific physician exposure.,Computed exactly by design_batch() in 07_prepare_primary_model_matrix.py.,Frozen missing-category indicators or documented median imputation are used; exposure eligibility rules are applied before matrix construction.,Primary 2010-2024 model design only.,"Interpret with the cohort, reference levels, and fixed effects stored in the matrix manifest.",,,race,model design,heterogeneity_symptom_sign
model_design_race,149,symptom_sign_x_patient,float64 matrix column,one row per eligible model encounter,,symptom_sign; cohort-specific patient exposure,symptom_sign multiplied by the cohort-specific patient exposure.,Computed exactly by design_batch() in 07_prepare_primary_model_matrix.py.,Frozen missing-category indicators or documented median imputation are used; exposure eligibility rules are applied before matrix construction.,Primary 2010-2024 model design only.,"Interpret with the cohort, reference levels, and fixed effects stored in the matrix manifest.",,,race,model design,heterogeneity_symptom_sign
model_design_race,150,symptom_sign_x_interaction,float64 matrix column,one row per eligible model encounter,,symptom_sign; cohort-specific physician-by-patient interaction,symptom_sign multiplied by the cohort-specific physician-by-patient interaction.,Computed exactly by design_batch() in 07_prepare_primary_model_matrix.py.,Frozen missing-category indicators or documented median imputation are used; exposure eligibility rules are applied before matrix construction.,Primary 2010-2024 model design only.,"Interpret with the cohort, reference levels, and fixed effects stored in the matrix manifest.",,,race,model design,heterogeneity_symptom_sign
model_design_race,151,uninsured,float64 matrix column,one row per eligible model encounter,,uninsured,Prespecified binary heterogeneity modifier.,Computed exactly by design_batch() in 07_prepare_primary_model_matrix.py.,Frozen missing-category indicators or documented median imputation are used; exposure eligibility rules are applied before matrix construction.,Primary 2010-2024 model design only.,"Interpret with the cohort, reference levels, and fixed effects stored in the matrix manifest.",,,race,model design,heterogeneity_uninsured
model_design_race,152,uninsured_x_physician,float64 matrix column,one row per eligible model encounter,,uninsured; cohort-specific physician exposure,uninsured multiplied by the cohort-specific physician exposure.,Computed exactly by design_batch() in 07_prepare_primary_model_matrix.py.,Frozen missing-category indicators or documented median imputation are used; exposure eligibility rules are applied before matrix construction.,Primary 2010-2024 model design only.,"Interpret with the cohort, reference levels, and fixed effects stored in the matrix manifest.",,,race,model design,heterogeneity_uninsured
model_design_race,153,uninsured_x_patient,float64 matrix column,one row per eligible model encounter,,uninsured; cohort-specific patient exposure,uninsured multiplied by the cohort-specific patient exposure.,Computed exactly by design_batch() in 07_prepare_primary_model_matrix.py.,Frozen missing-category indicators or documented median imputation are used; exposure eligibility rules are applied before matrix construction.,Primary 2010-2024 model design only.,"Interpret with the cohort, reference levels, and fixed effects stored in the matrix manifest.",,,race,model design,heterogeneity_uninsured
model_design_race,154,uninsured_x_interaction,float64 matrix column,one row per eligible model encounter,,uninsured; cohort-specific physician-by-patient interaction,uninsured multiplied by the cohort-specific physician-by-patient interaction.,Computed exactly by design_batch() in 07_prepare_primary_model_matrix.py.,Frozen missing-category indicators or documented median imputation are used; exposure eligibility rules are applied before matrix construction.,Primary 2010-2024 model design only.,"Interpret with the cohort, reference levels, and fixed effects stored in the matrix manifest.",,,race,model design,heterogeneity_uninsured
model_design_race,155,ed_specialist,float64 matrix column,one row per eligible model encounter,,ed_specialist,Prespecified binary heterogeneity modifier.,Computed exactly by design_batch() in 07_prepare_primary_model_matrix.py.,Frozen missing-category indicators or documented median imputation are used; exposure eligibility rules are applied before matrix construction.,Primary 2010-2024 model design only.,"Interpret with the cohort, reference levels, and fixed effects stored in the matrix manifest.",,,race,model design,heterogeneity_ed_specialist
model_design_race,156,ed_specialist_x_physician,float64 matrix column,one row per eligible model encounter,,ed_specialist; cohort-specific physician exposure,ed_specialist multiplied by the cohort-specific physician exposure.,Computed exactly by design_batch() in 07_prepare_primary_model_matrix.py.,Frozen missing-category indicators or documented median imputation are used; exposure eligibility rules are applied before matrix construction.,Primary 2010-2024 model design only.,"Interpret with the cohort, reference levels, and fixed effects stored in the matrix manifest.",,,race,model design,heterogeneity_ed_specialist
model_design_race,157,ed_specialist_x_patient,float64 matrix column,one row per eligible model encounter,,ed_specialist; cohort-specific patient exposure,ed_specialist multiplied by the cohort-specific patient exposure.,Computed exactly by design_batch() in 07_prepare_primary_model_matrix.py.,Frozen missing-category indicators or documented median imputation are used; exposure eligibility rules are applied before matrix construction.,Primary 2010-2024 model design only.,"Interpret with the cohort, reference levels, and fixed effects stored in the matrix manifest.",,,race,model design,heterogeneity_ed_specialist
model_design_race,158,ed_specialist_x_interaction,float64 matrix column,one row per eligible model encounter,,ed_specialist; cohort-specific physician-by-patient interaction,ed_specialist multiplied by the cohort-specific physician-by-patient interaction.,Computed exactly by design_batch() in 07_prepare_primary_model_matrix.py.,Frozen missing-category indicators or documented median imputation are used; exposure eligibility rules are applied before matrix construction.,Primary 2010-2024 model design only.,"Interpret with the cohort, reference levels, and fixed effects stored in the matrix manifest.",,,race,model design,heterogeneity_ed_specialist
model_design_race,159,age65plus,float64 matrix column,one row per eligible model encounter,,age65plus,Prespecified binary heterogeneity modifier.,Computed exactly by design_batch() in 07_prepare_primary_model_matrix.py.,Frozen missing-category indicators or documented median imputation are used; exposure eligibility rules are applied before matrix construction.,Primary 2010-2024 model design only.,"Interpret with the cohort, reference levels, and fixed effects stored in the matrix manifest.",,,race,model design,heterogeneity_age65plus
model_design_race,160,age65plus_x_physician,float64 matrix column,one row per eligible model encounter,,age65plus; cohort-specific physician exposure,age65plus multiplied by the cohort-specific physician exposure.,Computed exactly by design_batch() in 07_prepare_primary_model_matrix.py.,Frozen missing-category indicators or documented median imputation are used; exposure eligibility rules are applied before matrix construction.,Primary 2010-2024 model design only.,"Interpret with the cohort, reference levels, and fixed effects stored in the matrix manifest.",,,race,model design,heterogeneity_age65plus
model_design_race,161,age65plus_x_patient,float64 matrix column,one row per eligible model encounter,,age65plus; cohort-specific patient exposure,age65plus multiplied by the cohort-specific patient exposure.,Computed exactly by design_batch() in 07_prepare_primary_model_matrix.py.,Frozen missing-category indicators or documented median imputation are used; exposure eligibility rules are applied before matrix construction.,Primary 2010-2024 model design only.,"Interpret with the cohort, reference levels, and fixed effects stored in the matrix manifest.",,,race,model design,heterogeneity_age65plus
model_design_race,162,age65plus_x_interaction,float64 matrix column,one row per eligible model encounter,,age65plus; cohort-specific physician-by-patient interaction,age65plus multiplied by the cohort-specific physician-by-patient interaction.,Computed exactly by design_batch() in 07_prepare_primary_model_matrix.py.,Frozen missing-category indicators or documented median imputation are used; exposure eligibility rules are applied before matrix construction.,Primary 2010-2024 model design only.,"Interpret with the cohort, reference levels, and fixed effects stored in the matrix manifest.",,,race,model design,heterogeneity_age65plus
model_design_race,163,high_comorbidity,float64 matrix column,one row per eligible model encounter,,high_comorbidity,Prespecified binary heterogeneity modifier.,Computed exactly by design_batch() in 07_prepare_primary_model_matrix.py.,Frozen missing-category indicators or documented median imputation are used; exposure eligibility rules are applied before matrix construction.,Primary 2010-2024 model design only.,"Interpret with the cohort, reference levels, and fixed effects stored in the matrix manifest.",,,race,model design,heterogeneity_high_comorbidity
model_design_race,164,high_comorbidity_x_physician,float64 matrix column,one row per eligible model encounter,,high_comorbidity; cohort-specific physician exposure,high_comorbidity multiplied by the cohort-specific physician exposure.,Computed exactly by design_batch() in 07_prepare_primary_model_matrix.py.,Frozen missing-category indicators or documented median imputation are used; exposure eligibility rules are applied before matrix construction.,Primary 2010-2024 model design only.,"Interpret with the cohort, reference levels, and fixed effects stored in the matrix manifest.",,,race,model design,heterogeneity_high_comorbidity
model_design_race,165,high_comorbidity_x_patient,float64 matrix column,one row per eligible model encounter,,high_comorbidity; cohort-specific patient exposure,high_comorbidity multiplied by the cohort-specific patient exposure.,Computed exactly by design_batch() in 07_prepare_primary_model_matrix.py.,Frozen missing-category indicators or documented median imputation are used; exposure eligibility rules are applied before matrix construction.,Primary 2010-2024 model design only.,"Interpret with the cohort, reference levels, and fixed effects stored in the matrix manifest.",,,race,model design,heterogeneity_high_comorbidity
model_design_race,166,high_comorbidity_x_interaction,float64 matrix column,one row per eligible model encounter,,high_comorbidity; cohort-specific physician-by-patient interaction,high_comorbidity multiplied by the cohort-specific physician-by-patient interaction.,Computed exactly by design_batch() in 07_prepare_primary_model_matrix.py.,Frozen missing-category indicators or documented median imputation are used; exposure eligibility rules are applied before matrix construction.,Primary 2010-2024 model design only.,"Interpret with the cohort, reference levels, and fixed effects stored in the matrix manifest.",,,race,model design,heterogeneity_high_comorbidity
model_design_race,167,icd10_era,float64 matrix column,one row per eligible model encounter,,icd10_era,Prespecified binary heterogeneity modifier.,Computed exactly by design_batch() in 07_prepare_primary_model_matrix.py.,Frozen missing-category indicators or documented median imputation are used; exposure eligibility rules are applied before matrix construction.,Primary 2010-2024 model design only.,"Interpret with the cohort, reference levels, and fixed effects stored in the matrix manifest.",,,race,model design,heterogeneity_icd10_era
model_design_race,168,icd10_era_x_physician,float64 matrix column,one row per eligible model encounter,,icd10_era; cohort-specific physician exposure,icd10_era multiplied by the cohort-specific physician exposure.,Computed exactly by design_batch() in 07_prepare_primary_model_matrix.py.,Frozen missing-category indicators or documented median imputation are used; exposure eligibility rules are applied before matrix construction.,Primary 2010-2024 model design only.,"Interpret with the cohort, reference levels, and fixed effects stored in the matrix manifest.",,,race,model design,heterogeneity_icd10_era
model_design_race,169,icd10_era_x_patient,float64 matrix column,one row per eligible model encounter,,icd10_era; cohort-specific patient exposure,icd10_era multiplied by the cohort-specific patient exposure.,Computed exactly by design_batch() in 07_prepare_primary_model_matrix.py.,Frozen missing-category indicators or documented median imputation are used; exposure eligibility rules are applied before matrix construction.,Primary 2010-2024 model design only.,"Interpret with the cohort, reference levels, and fixed effects stored in the matrix manifest.",,,race,model design,heterogeneity_icd10_era
model_design_race,170,icd10_era_x_interaction,float64 matrix column,one row per eligible model encounter,,icd10_era; cohort-specific physician-by-patient interaction,icd10_era multiplied by the cohort-specific physician-by-patient interaction.,Computed exactly by design_batch() in 07_prepare_primary_model_matrix.py.,Frozen missing-category indicators or documented median imputation are used; exposure eligibility rules are applied before matrix construction.,Primary 2010-2024 model design only.,"Interpret with the cohort, reference levels, and fixed effects stored in the matrix manifest.",,,race,model design,heterogeneity_icd10_era
model_design_race,171,high_experience,float64 matrix column,one row per eligible model encounter,,high_experience,Prespecified binary heterogeneity modifier.,Computed exactly by design_batch() in 07_prepare_primary_model_matrix.py.,Frozen missing-category indicators or documented median imputation are used; exposure eligibility rules are applied before matrix construction.,Primary 2010-2024 model design only.,"Interpret with the cohort, reference levels, and fixed effects stored in the matrix manifest.",,,race,model design,heterogeneity_high_experience
model_design_race,172,high_experience_x_physician,float64 matrix column,one row per eligible model encounter,,high_experience; cohort-specific physician exposure,high_experience multiplied by the cohort-specific physician exposure.,Computed exactly by design_batch() in 07_prepare_primary_model_matrix.py.,Frozen missing-category indicators or documented median imputation are used; exposure eligibility rules are applied before matrix construction.,Primary 2010-2024 model design only.,"Interpret with the cohort, reference levels, and fixed effects stored in the matrix manifest.",,,race,model design,heterogeneity_high_experience
model_design_race,173,high_experience_x_patient,float64 matrix column,one row per eligible model encounter,,high_experience; cohort-specific patient exposure,high_experience multiplied by the cohort-specific patient exposure.,Computed exactly by design_batch() in 07_prepare_primary_model_matrix.py.,Frozen missing-category indicators or documented median imputation are used; exposure eligibility rules are applied before matrix construction.,Primary 2010-2024 model design only.,"Interpret with the cohort, reference levels, and fixed effects stored in the matrix manifest.",,,race,model design,heterogeneity_high_experience
model_design_race,174,high_experience_x_interaction,float64 matrix column,one row per eligible model encounter,,high_experience; cohort-specific physician-by-patient interaction,high_experience multiplied by the cohort-specific physician-by-patient interaction.,Computed exactly by design_batch() in 07_prepare_primary_model_matrix.py.,Frozen missing-category indicators or documented median imputation are used; exposure eligibility rules are applied before matrix construction.,Primary 2010-2024 model design only.,"Interpret with the cohort, reference levels, and fixed effects stored in the matrix manifest.",,,race,model design,heterogeneity_high_experience
model_design_race,175,high_physician_volume,float64 matrix column,one row per eligible model encounter,,high_physician_volume,Prespecified binary heterogeneity modifier.,Computed exactly by design_batch() in 07_prepare_primary_model_matrix.py.,Frozen missing-category indicators or documented median imputation are used; exposure eligibility rules are applied before matrix construction.,Primary 2010-2024 model design only.,"Interpret with the cohort, reference levels, and fixed effects stored in the matrix manifest.",,,race,model design,heterogeneity_high_physician_volume
model_design_race,176,high_physician_volume_x_physician,float64 matrix column,one row per eligible model encounter,,high_physician_volume; cohort-specific physician exposure,high_physician_volume multiplied by the cohort-specific physician exposure.,Computed exactly by design_batch() in 07_prepare_primary_model_matrix.py.,Frozen missing-category indicators or documented median imputation are used; exposure eligibility rules are applied before matrix construction.,Primary 2010-2024 model design only.,"Interpret with the cohort, reference levels, and fixed effects stored in the matrix manifest.",,,race,model design,heterogeneity_high_physician_volume
model_design_race,177,high_physician_volume_x_patient,float64 matrix column,one row per eligible model encounter,,high_physician_volume; cohort-specific patient exposure,high_physician_volume multiplied by the cohort-specific patient exposure.,Computed exactly by design_batch() in 07_prepare_primary_model_matrix.py.,Frozen missing-category indicators or documented median imputation are used; exposure eligibility rules are applied before matrix construction.,Primary 2010-2024 model design only.,"Interpret with the cohort, reference levels, and fixed effects stored in the matrix manifest.",,,race,model design,heterogeneity_high_physician_volume
model_design_race,178,high_physician_volume_x_interaction,float64 matrix column,one row per eligible model encounter,,high_physician_volume; cohort-specific physician-by-patient interaction,high_physician_volume multiplied by the cohort-specific physician-by-patient interaction.,Computed exactly by design_batch() in 07_prepare_primary_model_matrix.py.,Frozen missing-category indicators or documented median imputation are used; exposure eligibility rules are applied before matrix construction.,Primary 2010-2024 model design only.,"Interpret with the cohort, reference levels, and fixed effects stored in the matrix manifest.",,,race,model design,heterogeneity_high_physician_volume
model_design_race,179,facility_rural,float64 matrix column,one row per eligible model encounter,,facility_rural,Prespecified binary heterogeneity modifier.,Computed exactly by design_batch() in 07_prepare_primary_model_matrix.py.,Frozen missing-category indicators or documented median imputation are used; exposure eligibility rules are applied before matrix construction.,Primary 2010-2024 model design only.,"Interpret with the cohort, reference levels, and fixed effects stored in the matrix manifest.",,,race,model design,heterogeneity_facility_rural
model_design_race,180,facility_rural_x_physician,float64 matrix column,one row per eligible model encounter,,facility_rural; cohort-specific physician exposure,facility_rural multiplied by the cohort-specific physician exposure.,Computed exactly by design_batch() in 07_prepare_primary_model_matrix.py.,Frozen missing-category indicators or documented median imputation are used; exposure eligibility rules are applied before matrix construction.,Primary 2010-2024 model design only.,"Interpret with the cohort, reference levels, and fixed effects stored in the matrix manifest.",,,race,model design,heterogeneity_facility_rural
model_design_race,181,facility_rural_x_patient,float64 matrix column,one row per eligible model encounter,,facility_rural; cohort-specific patient exposure,facility_rural multiplied by the cohort-specific patient exposure.,Computed exactly by design_batch() in 07_prepare_primary_model_matrix.py.,Frozen missing-category indicators or documented median imputation are used; exposure eligibility rules are applied before matrix construction.,Primary 2010-2024 model design only.,"Interpret with the cohort, reference levels, and fixed effects stored in the matrix manifest.",,,race,model design,heterogeneity_facility_rural
model_design_race,182,facility_rural_x_interaction,float64 matrix column,one row per eligible model encounter,,facility_rural; cohort-specific physician-by-patient interaction,facility_rural multiplied by the cohort-specific physician-by-patient interaction.,Computed exactly by design_batch() in 07_prepare_primary_model_matrix.py.,Frozen missing-category indicators or documented median imputation are used; exposure eligibility rules are applied before matrix construction.,Primary 2010-2024 model design only.,"Interpret with the cohort, reference levels, and fixed effects stored in the matrix manifest.",,,race,model design,heterogeneity_facility_rural
model_design_race,183,facility_for_profit,float64 matrix column,one row per eligible model encounter,,facility_for_profit,Prespecified binary heterogeneity modifier.,Computed exactly by design_batch() in 07_prepare_primary_model_matrix.py.,Frozen missing-category indicators or documented median imputation are used; exposure eligibility rules are applied before matrix construction.,Primary 2010-2024 model design only.,"Interpret with the cohort, reference levels, and fixed effects stored in the matrix manifest.",,,race,model design,heterogeneity_facility_for_profit
model_design_race,184,facility_for_profit_x_physician,float64 matrix column,one row per eligible model encounter,,facility_for_profit; cohort-specific physician exposure,facility_for_profit multiplied by the cohort-specific physician exposure.,Computed exactly by design_batch() in 07_prepare_primary_model_matrix.py.,Frozen missing-category indicators or documented median imputation are used; exposure eligibility rules are applied before matrix construction.,Primary 2010-2024 model design only.,"Interpret with the cohort, reference levels, and fixed effects stored in the matrix manifest.",,,race,model design,heterogeneity_facility_for_profit
model_design_race,185,facility_for_profit_x_patient,float64 matrix column,one row per eligible model encounter,,facility_for_profit; cohort-specific patient exposure,facility_for_profit multiplied by the cohort-specific patient exposure.,Computed exactly by design_batch() in 07_prepare_primary_model_matrix.py.,Frozen missing-category indicators or documented median imputation are used; exposure eligibility rules are applied before matrix construction.,Primary 2010-2024 model design only.,"Interpret with the cohort, reference levels, and fixed effects stored in the matrix manifest.",,,race,model design,heterogeneity_facility_for_profit
model_design_race,186,facility_for_profit_x_interaction,float64 matrix column,one row per eligible model encounter,,facility_for_profit; cohort-specific physician-by-patient interaction,facility_for_profit multiplied by the cohort-specific physician-by-patient interaction.,Computed exactly by design_batch() in 07_prepare_primary_model_matrix.py.,Frozen missing-category indicators or documented median imputation are used; exposure eligibility rules are applied before matrix construction.,Primary 2010-2024 model design only.,"Interpret with the cohort, reference levels, and fixed effects stored in the matrix manifest.",,,race,model design,heterogeneity_facility_for_profit
model_design_race,187,classified_subjectivity_high,float64 matrix column,one row per eligible model encounter,,presentation_subjectivity_review.csv,1 for a nonambiguous higher-uncertainty proxy category and 0 for a lower-uncertainty proxy category; ambiguous rows are excluded from the exact sensitivity.,Computed exactly by design_batch() in 07_prepare_primary_model_matrix.py.,Frozen missing-category indicators or documented median imputation are used; exposure eligibility rules are applied before matrix construction.,Primary 2010-2024 model design only.,Not a validated measure of clinical subjectivity.,,,race,model design,heterogeneity_classified_subjectivity_high
model_design_race,188,classified_subjectivity_high_x_physician,float64 matrix column,one row per eligible model encounter,,classified_subjectivity_high; cohort-specific physician exposure,classified_subjectivity_high multiplied by the cohort-specific physician exposure.,Computed exactly by design_batch() in 07_prepare_primary_model_matrix.py.,Frozen missing-category indicators or documented median imputation are used; exposure eligibility rules are applied before matrix construction.,Primary 2010-2024 model design only.,"Interpret with the cohort, reference levels, and fixed effects stored in the matrix manifest.",,,race,model design,heterogeneity_classified_subjectivity_high
model_design_race,189,classified_subjectivity_high_x_patient,float64 matrix column,one row per eligible model encounter,,classified_subjectivity_high; cohort-specific patient exposure,classified_subjectivity_high multiplied by the cohort-specific patient exposure.,Computed exactly by design_batch() in 07_prepare_primary_model_matrix.py.,Frozen missing-category indicators or documented median imputation are used; exposure eligibility rules are applied before matrix construction.,Primary 2010-2024 model design only.,"Interpret with the cohort, reference levels, and fixed effects stored in the matrix manifest.",,,race,model design,heterogeneity_classified_subjectivity_high
model_design_race,190,classified_subjectivity_high_x_interaction,float64 matrix column,one row per eligible model encounter,,classified_subjectivity_high; cohort-specific physician-by-patient interaction,classified_subjectivity_high multiplied by the cohort-specific physician-by-patient interaction.,Computed exactly by design_batch() in 07_prepare_primary_model_matrix.py.,Frozen missing-category indicators or documented median imputation are used; exposure eligibility rules are applied before matrix construction.,Primary 2010-2024 model design only.,"Interpret with the cohort, reference levels, and fixed effects stored in the matrix manifest.",,,race,model design,heterogeneity_classified_subjectivity_high
model_design_sex_gender,1,intercept,float64 matrix column,one row per eligible model encounter,,intercept,Constant equal to 1.,Computed exactly by design_batch() in 07_prepare_primary_model_matrix.py.,Frozen missing-category indicators or documented median imputation are used; exposure eligibility rules are applied before matrix construction.,Primary 2010-2024 model design only.,"Interpret with the cohort, reference levels, and fixed effects stored in the matrix manifest.",,,sex_gender,model design,intercept
model_design_sex_gender,2,physician_female,float64 matrix column,one row per eligible model encounter,,physician_gender_category,1 for recorded Female physician gender and 0 for Male.,Computed exactly by design_batch() in 07_prepare_primary_model_matrix.py.,Frozen missing-category indicators or documented median imputation are used; exposure eligibility rules are applied before matrix construction.,Primary 2010-2024 model design only.,"Interpret with the cohort, reference levels, and fixed effects stored in the matrix manifest.",,,sex_gender,model design,exposure
model_design_sex_gender,3,patient_female,float64 matrix column,one row per eligible model encounter,,patient_sex_category,1 for recorded Female patient sex and 0 for Male.,Computed exactly by design_batch() in 07_prepare_primary_model_matrix.py.,Frozen missing-category indicators or documented median imputation are used; exposure eligibility rules are applied before matrix construction.,Primary 2010-2024 model design only.,"Interpret with the cohort, reference levels, and fixed effects stored in the matrix manifest.",,,sex_gender,model design,exposure
model_design_sex_gender,4,sex_gender_interaction,float64 matrix column,one row per eligible model encounter,,physician_female; patient_female,physician_female multiplied by patient_female.,Computed exactly by design_batch() in 07_prepare_primary_model_matrix.py.,Frozen missing-category indicators or documented median imputation are used; exposure eligibility rules are applied before matrix construction.,Primary 2010-2024 model design only.,"Interpret with the cohort, reference levels, and fixed effects stored in the matrix manifest.",,,sex_gender,model design,primary_interaction
model_design_sex_gender,5,physician_gender_source_no_conflict,float64 matrix column,one row per eligible model encounter,,provider_master_v2.gender_conflict_flag,Model-matrix selection indicator equal to 1 when recorded NPPES and CMS binary physician-gender categories do not disagree.,Used for exact M2 subset re-demeaning; missing conflict flags for new current-NPPES records are treated as no observed conflict.,Frozen missing-category indicators or documented median imputation are used; exposure eligibility rules are applied before matrix construction.,Primary 2010-2024 model design only.,Absence of recorded disagreement does not validate the category as self-identified gender.,,,sex_gender,model design,selection_only
model_design_sex_gender,6,visit_year_numeric,float64 matrix column,one row per eligible model encounter,,visit_year,Calendar year as a numeric selection field.,Computed exactly by design_batch() in 07_prepare_primary_model_matrix.py.,Frozen missing-category indicators or documented median imputation are used; exposure eligibility rules are applied before matrix construction.,Primary 2010-2024 model design only.,"Interpret with the cohort, reference levels, and fixed effects stored in the matrix manifest.",,,sex_gender,model design,selection_only
model_design_sex_gender,7,los_le72,float64 matrix column,one row per eligible model encounter,,los_hours_primary_0_168,1 when primary LOS is no more than 72 hours.,Computed exactly by design_batch() in 07_prepare_primary_model_matrix.py.,Frozen missing-category indicators or documented median imputation are used; exposure eligibility rules are applied before matrix construction.,Primary 2010-2024 model design only.,"Interpret with the cohort, reference levels, and fixed effects stored in the matrix manifest.",,,sex_gender,model design,selection_only
model_design_sex_gender,8,positive_reported_charge,float64 matrix column,one row per eligible model encounter,,total_charge_reported_real_2024,1 when real reported total charge is positive.,Computed exactly by design_batch() in 07_prepare_primary_model_matrix.py.,Frozen missing-category indicators or documented median imputation are used; exposure eligibility rules are applied before matrix construction.,Primary 2010-2024 model design only.,"Interpret with the cohort, reference levels, and fixed effects stored in the matrix manifest.",,,sex_gender,model design,selection_only
model_design_sex_gender,9,complete_case_covariates,float64 matrix column,one row per eligible model encounter,,all documented M1/M2 covariates,1 when all covariates designated for the complete-case sensitivity are observed and nonunknown.,Computed exactly by design_batch() in 07_prepare_primary_model_matrix.py.,Frozen missing-category indicators or documented median imputation are used; exposure eligibility rules are applied before matrix construction.,Primary 2010-2024 model design only.,"Interpret with the cohort, reference levels, and fixed effects stored in the matrix manifest.",,,sex_gender,model design,selection_only
model_design_sex_gender,10,em_acuity_available,float64 matrix column,one row per eligible model encounter,,em_acuity_proxy_level,1 when the billing-derived E/M acuity proxy is available.,Computed exactly by design_batch() in 07_prepare_primary_model_matrix.py.,Frozen missing-category indicators or documented median imputation are used; exposure eligibility rules are applied before matrix construction.,Primary 2010-2024 model design only.,"Interpret with the cohort, reference levels, and fixed effects stored in the matrix manifest.",,,sex_gender,model design,selection_only
model_design_sex_gender,11,em_acuity_value,float64 matrix column,one row per eligible model encounter,,em_acuity_proxy_level,Numeric billing-derived E/M acuity proxy value.,Computed exactly by design_batch() in 07_prepare_primary_model_matrix.py.,Frozen missing-category indicators or documented median imputation are used; exposure eligibility rules are applied before matrix construction.,Primary 2010-2024 model design only.,"Interpret with the cohort, reference levels, and fixed effects stored in the matrix manifest.",,,sex_gender,model design,selection_only
model_design_sex_gender,12,em_critical_care_available,float64 matrix column,one row per eligible model encounter,,em_critical_care_flag,1 when the billing-derived critical-care indicator is available.,Computed exactly by design_batch() in 07_prepare_primary_model_matrix.py.,Frozen missing-category indicators or documented median imputation are used; exposure eligibility rules are applied before matrix construction.,Primary 2010-2024 model design only.,"Interpret with the cohort, reference levels, and fixed effects stored in the matrix manifest.",,,sex_gender,model design,selection_only
model_design_sex_gender,13,em_critical_care_value,float64 matrix column,one row per eligible model encounter,,em_critical_care_flag,Billing-derived critical-care indicator value.,Computed exactly by design_batch() in 07_prepare_primary_model_matrix.py.,Frozen missing-category indicators or documented median imputation are used; exposure eligibility rules are applied before matrix construction.,Primary 2010-2024 model design only.,"Interpret with the cohort, reference levels, and fixed effects stored in the matrix manifest.",,,sex_gender,model design,selection_only
model_design_sex_gender,14,presentation_subjectivity_classified,float64 matrix column,one row per eligible model encounter,,diagnosis_code_system; principal_clinical_category; presentation_subjectivity_review.csv,1 when the versioned category-level review labels the presentation higher- or lower-uncertainty; 0 when ambiguous/mixed.,Computed exactly by design_batch() in 07_prepare_primary_model_matrix.py.,Frozen missing-category indicators or documented median imputation are used; exposure eligibility rules are applied before matrix construction.,Primary 2010-2024 model design only.,Provisional and evidence-informed pending clinician review.,,,sex_gender,model design,selection_only
model_design_sex_gender,15,age,float64 matrix column,one row per eligible model encounter,,age,Age in years after frozen median imputation for invalid/missing values.,Computed exactly by design_batch() in 07_prepare_primary_model_matrix.py.,Frozen missing-category indicators or documented median imputation are used; exposure eligibility rules are applied before matrix construction.,Primary 2010-2024 model design only.,"Interpret with the cohort, reference levels, and fixed effects stored in the matrix manifest.",,,sex_gender,model design,patient_visit
model_design_sex_gender,16,age_gt18,float64 matrix column,one row per eligible model encounter,,age_gt18,"Positive-part age spline max(age - 18, 0).",Computed exactly by design_batch() in 07_prepare_primary_model_matrix.py.,Frozen missing-category indicators or documented median imputation are used; exposure eligibility rules are applied before matrix construction.,Primary 2010-2024 model design only.,"Interpret with the cohort, reference levels, and fixed effects stored in the matrix manifest.",,,sex_gender,model design,patient_visit
model_design_sex_gender,17,age_gt45,float64 matrix column,one row per eligible model encounter,,age_gt45,"Positive-part age spline max(age - 45, 0).",Computed exactly by design_batch() in 07_prepare_primary_model_matrix.py.,Frozen missing-category indicators or documented median imputation are used; exposure eligibility rules are applied before matrix construction.,Primary 2010-2024 model design only.,"Interpret with the cohort, reference levels, and fixed effects stored in the matrix manifest.",,,sex_gender,model design,patient_visit
model_design_sex_gender,18,age_gt65,float64 matrix column,one row per eligible model encounter,,age_gt65,"Positive-part age spline max(age - 65, 0).",Computed exactly by design_batch() in 07_prepare_primary_model_matrix.py.,Frozen missing-category indicators or documented median imputation are used; exposure eligibility rules are applied before matrix construction.,Primary 2010-2024 model design only.,"Interpret with the cohort, reference levels, and fixed effects stored in the matrix manifest.",,,sex_gender,model design,patient_visit
model_design_sex_gender,19,age_gt80,float64 matrix column,one row per eligible model encounter,,age_gt80,"Positive-part age spline max(age - 80, 0).",Computed exactly by design_batch() in 07_prepare_primary_model_matrix.py.,Frozen missing-category indicators or documented median imputation are used; exposure eligibility rules are applied before matrix construction.,Primary 2010-2024 model design only.,"Interpret with the cohort, reference levels, and fixed effects stored in the matrix manifest.",,,sex_gender,model design,patient_visit
model_design_sex_gender,20,age_missing,float64 matrix column,one row per eligible model encounter,,age_missing,1 when source age is invalid or missing and median imputation is used.,Computed exactly by design_batch() in 07_prepare_primary_model_matrix.py.,Frozen missing-category indicators or documented median imputation are used; exposure eligibility rules are applied before matrix construction.,Primary 2010-2024 model design only.,"Interpret with the cohort, reference levels, and fixed effects stored in the matrix manifest.",,,sex_gender,model design,patient_visit
model_design_sex_gender,21,patient_race_ethnicity__NH_Black,float64 matrix column,one row per eligible model encounter,,patient_race_category; patient_ethnicity_category,Indicator for patient race ethnicity category NH_Black; the reference category is stored in the matrix manifest.,Computed exactly by design_batch() in 07_prepare_primary_model_matrix.py.,Frozen missing-category indicators or documented median imputation are used; exposure eligibility rules are applied before matrix construction.,Primary 2010-2024 model design only.,"Interpret with the cohort, reference levels, and fixed effects stored in the matrix manifest.",,,sex_gender,model design,patient_visit
model_design_sex_gender,22,patient_race_ethnicity__Hispanic,float64 matrix column,one row per eligible model encounter,,patient_race_category; patient_ethnicity_category,Indicator for patient race ethnicity category Hispanic; the reference category is stored in the matrix manifest.,Computed exactly by design_batch() in 07_prepare_primary_model_matrix.py.,Frozen missing-category indicators or documented median imputation are used; exposure eligibility rules are applied before matrix construction.,Primary 2010-2024 model design only.,"Interpret with the cohort, reference levels, and fixed effects stored in the matrix manifest.",,,sex_gender,model design,patient_visit
model_design_sex_gender,23,patient_race_ethnicity__NH_Other,float64 matrix column,one row per eligible model encounter,,patient_race_category; patient_ethnicity_category,Indicator for patient race ethnicity category NH_Other; the reference category is stored in the matrix manifest.,Computed exactly by design_batch() in 07_prepare_primary_model_matrix.py.,Frozen missing-category indicators or documented median imputation are used; exposure eligibility rules are applied before matrix construction.,Primary 2010-2024 model design only.,"Interpret with the cohort, reference levels, and fixed effects stored in the matrix manifest.",,,sex_gender,model design,patient_visit
model_design_sex_gender,24,patient_race_ethnicity__Unknown,float64 matrix column,one row per eligible model encounter,,patient_race_category; patient_ethnicity_category,Indicator for patient race ethnicity category Unknown; the reference category is stored in the matrix manifest.,Computed exactly by design_batch() in 07_prepare_primary_model_matrix.py.,Frozen missing-category indicators or documented median imputation are used; exposure eligibility rules are applied before matrix construction.,Primary 2010-2024 model design only.,"Interpret with the cohort, reference levels, and fixed effects stored in the matrix manifest.",,,sex_gender,model design,patient_visit
model_design_sex_gender,25,payer__Medicaid,float64 matrix column,one row per eligible model encounter,,payer_group,Indicator for payer category Medicaid; the reference category is stored in the matrix manifest.,Computed exactly by design_batch() in 07_prepare_primary_model_matrix.py.,Frozen missing-category indicators or documented median imputation are used; exposure eligibility rules are applied before matrix construction.,Primary 2010-2024 model design only.,"Interpret with the cohort, reference levels, and fixed effects stored in the matrix manifest.",,,sex_gender,model design,patient_visit
model_design_sex_gender,26,payer__Medicare,float64 matrix column,one row per eligible model encounter,,payer_group,Indicator for payer category Medicare; the reference category is stored in the matrix manifest.,Computed exactly by design_batch() in 07_prepare_primary_model_matrix.py.,Frozen missing-category indicators or documented median imputation are used; exposure eligibility rules are applied before matrix construction.,Primary 2010-2024 model design only.,"Interpret with the cohort, reference levels, and fixed effects stored in the matrix manifest.",,,sex_gender,model design,patient_visit
model_design_sex_gender,27,payer__Self-pay,float64 matrix column,one row per eligible model encounter,,payer_group,Indicator for payer category Self-pay; the reference category is stored in the matrix manifest.,Computed exactly by design_batch() in 07_prepare_primary_model_matrix.py.,Frozen missing-category indicators or documented median imputation are used; exposure eligibility rules are applied before matrix construction.,Primary 2010-2024 model design only.,"Interpret with the cohort, reference levels, and fixed effects stored in the matrix manifest.",,,sex_gender,model design,patient_visit
model_design_sex_gender,28,payer__Non-payment/charity,float64 matrix column,one row per eligible model encounter,,payer_group,Indicator for payer category Non-payment/charity; the reference category is stored in the matrix manifest.,Computed exactly by design_batch() in 07_prepare_primary_model_matrix.py.,Frozen missing-category indicators or documented median imputation are used; exposure eligibility rules are applied before matrix construction.,Primary 2010-2024 model design only.,"Interpret with the cohort, reference levels, and fixed effects stored in the matrix manifest.",,,sex_gender,model design,patient_visit
model_design_sex_gender,29,payer__Other government,float64 matrix column,one row per eligible model encounter,,payer_group,Indicator for payer category Other government; the reference category is stored in the matrix manifest.,Computed exactly by design_batch() in 07_prepare_primary_model_matrix.py.,Frozen missing-category indicators or documented median imputation are used; exposure eligibility rules are applied before matrix construction.,Primary 2010-2024 model design only.,"Interpret with the cohort, reference levels, and fixed effects stored in the matrix manifest.",,,sex_gender,model design,patient_visit
model_design_sex_gender,30,payer__Federal government,float64 matrix column,one row per eligible model encounter,,payer_group,Indicator for payer category Federal government; the reference category is stored in the matrix manifest.,Computed exactly by design_batch() in 07_prepare_primary_model_matrix.py.,Frozen missing-category indicators or documented median imputation are used; exposure eligibility rules are applied before matrix construction.,Primary 2010-2024 model design only.,"Interpret with the cohort, reference levels, and fixed effects stored in the matrix manifest.",,,sex_gender,model design,patient_visit
model_design_sex_gender,31,payer__Workers compensation,float64 matrix column,one row per eligible model encounter,,payer_group,Indicator for payer category Workers compensation; the reference category is stored in the matrix manifest.,Computed exactly by design_batch() in 07_prepare_primary_model_matrix.py.,Frozen missing-category indicators or documented median imputation are used; exposure eligibility rules are applied before matrix construction.,Primary 2010-2024 model design only.,"Interpret with the cohort, reference levels, and fixed effects stored in the matrix manifest.",,,sex_gender,model design,patient_visit
model_design_sex_gender,32,payer__Liability,float64 matrix column,one row per eligible model encounter,,payer_group,Indicator for payer category Liability; the reference category is stored in the matrix manifest.,Computed exactly by design_batch() in 07_prepare_primary_model_matrix.py.,Frozen missing-category indicators or documented median imputation are used; exposure eligibility rules are applied before matrix construction.,Primary 2010-2024 model design only.,"Interpret with the cohort, reference levels, and fixed effects stored in the matrix manifest.",,,sex_gender,model design,patient_visit
model_design_sex_gender,33,payer__Other,float64 matrix column,one row per eligible model encounter,,payer_group,Indicator for payer category Other; the reference category is stored in the matrix manifest.,Computed exactly by design_batch() in 07_prepare_primary_model_matrix.py.,Frozen missing-category indicators or documented median imputation are used; exposure eligibility rules are applied before matrix construction.,Primary 2010-2024 model design only.,"Interpret with the cohort, reference levels, and fixed effects stored in the matrix manifest.",,,sex_gender,model design,patient_visit
model_design_sex_gender,34,payer__Unknown,float64 matrix column,one row per eligible model encounter,,payer_group,Indicator for payer category Unknown; the reference category is stored in the matrix manifest.,Computed exactly by design_batch() in 07_prepare_primary_model_matrix.py.,Frozen missing-category indicators or documented median imputation are used; exposure eligibility rules are applied before matrix construction.,Primary 2010-2024 model design only.,"Interpret with the cohort, reference levels, and fixed effects stored in the matrix manifest.",,,sex_gender,model design,patient_visit
model_design_sex_gender,35,payer__<MISSING>,float64 matrix column,one row per eligible model encounter,,payer_group,Indicator for payer category <MISSING>; the reference category is stored in the matrix manifest.,Computed exactly by design_batch() in 07_prepare_primary_model_matrix.py.,Frozen missing-category indicators or documented median imputation are used; exposure eligibility rules are applied before matrix construction.,Primary 2010-2024 model design only.,"Interpret with the cohort, reference levels, and fixed effects stored in the matrix manifest.",,,sex_gender,model design,patient_visit
model_design_sex_gender,36,patient_rurality__Micropolitan,float64 matrix column,one row per eligible model encounter,,patient_zip_rurality_3level,Indicator for patient rurality category Micropolitan; the reference category is stored in the matrix manifest.,Computed exactly by design_batch() in 07_prepare_primary_model_matrix.py.,Frozen missing-category indicators or documented median imputation are used; exposure eligibility rules are applied before matrix construction.,Primary 2010-2024 model design only.,"Interpret with the cohort, reference levels, and fixed effects stored in the matrix manifest.",,,sex_gender,model design,patient_visit
model_design_sex_gender,37,patient_rurality__Small town/rural,float64 matrix column,one row per eligible model encounter,,patient_zip_rurality_3level,Indicator for patient rurality category Small town/rural; the reference category is stored in the matrix manifest.,Computed exactly by design_batch() in 07_prepare_primary_model_matrix.py.,Frozen missing-category indicators or documented median imputation are used; exposure eligibility rules are applied before matrix construction.,Primary 2010-2024 model design only.,"Interpret with the cohort, reference levels, and fixed effects stored in the matrix manifest.",,,sex_gender,model design,patient_visit
model_design_sex_gender,38,patient_rurality__<MISSING>,float64 matrix column,one row per eligible model encounter,,patient_zip_rurality_3level,Indicator for patient rurality category <MISSING>; the reference category is stored in the matrix manifest.,Computed exactly by design_batch() in 07_prepare_primary_model_matrix.py.,Frozen missing-category indicators or documented median imputation are used; exposure eligibility rules are applied before matrix construction.,Primary 2010-2024 model design only.,"Interpret with the cohort, reference levels, and fixed effects stored in the matrix manifest.",,,sex_gender,model design,patient_visit
model_design_sex_gender,39,weekend,float64 matrix column,one row per eligible model encounter,,weekend,Analysis design field defined deterministically in the locked matrix builder; the source field and design group are recorded here.,Computed exactly by design_batch() in 07_prepare_primary_model_matrix.py.,Frozen missing-category indicators or documented median imputation are used; exposure eligibility rules are applied before matrix construction.,Primary 2010-2024 model design only.,"Interpret with the cohort, reference levels, and fixed effects stored in the matrix manifest.",,,sex_gender,model design,patient_visit
model_design_sex_gender,40,weekend_missing,float64 matrix column,one row per eligible model encounter,,weekend_missing,Analysis design field defined deterministically in the locked matrix builder; the source field and design group are recorded here.,Computed exactly by design_batch() in 07_prepare_primary_model_matrix.py.,Frozen missing-category indicators or documented median imputation are used; exposure eligibility rules are applied before matrix construction.,Primary 2010-2024 model design only.,"Interpret with the cohort, reference levels, and fixed effects stored in the matrix manifest.",,,sex_gender,model design,patient_visit
model_design_sex_gender,41,off_hours,float64 matrix column,one row per eligible model encounter,,off_hours,Analysis design field defined deterministically in the locked matrix builder; the source field and design group are recorded here.,Computed exactly by design_batch() in 07_prepare_primary_model_matrix.py.,Frozen missing-category indicators or documented median imputation are used; exposure eligibility rules are applied before matrix construction.,Primary 2010-2024 model design only.,"Interpret with the cohort, reference levels, and fixed effects stored in the matrix manifest.",,,sex_gender,model design,patient_visit
model_design_sex_gender,42,off_hours_missing,float64 matrix column,one row per eligible model encounter,,off_hours_missing,Analysis design field defined deterministically in the locked matrix builder; the source field and design group are recorded here.,Computed exactly by design_batch() in 07_prepare_primary_model_matrix.py.,Frozen missing-category indicators or documented median imputation are used; exposure eligibility rules are applied before matrix construction.,Primary 2010-2024 model design only.,"Interpret with the cohort, reference levels, and fixed effects stored in the matrix manifest.",,,sex_gender,model design,patient_visit
model_design_sex_gender,43,arrival_band__Afternoon,float64 matrix column,one row per eligible model encounter,,arrival_time_band,Indicator for arrival band category Afternoon; the reference category is stored in the matrix manifest.,Computed exactly by design_batch() in 07_prepare_primary_model_matrix.py.,Frozen missing-category indicators or documented median imputation are used; exposure eligibility rules are applied before matrix construction.,Primary 2010-2024 model design only.,"Interpret with the cohort, reference levels, and fixed effects stored in the matrix manifest.",,,sex_gender,model design,patient_visit
model_design_sex_gender,44,arrival_band__Evening,float64 matrix column,one row per eligible model encounter,,arrival_time_band,Indicator for arrival band category Evening; the reference category is stored in the matrix manifest.,Computed exactly by design_batch() in 07_prepare_primary_model_matrix.py.,Frozen missing-category indicators or documented median imputation are used; exposure eligibility rules are applied before matrix construction.,Primary 2010-2024 model design only.,"Interpret with the cohort, reference levels, and fixed effects stored in the matrix manifest.",,,sex_gender,model design,patient_visit
model_design_sex_gender,45,arrival_band__Night,float64 matrix column,one row per eligible model encounter,,arrival_time_band,Indicator for arrival band category Night; the reference category is stored in the matrix manifest.,Computed exactly by design_batch() in 07_prepare_primary_model_matrix.py.,Frozen missing-category indicators or documented median imputation are used; exposure eligibility rules are applied before matrix construction.,Primary 2010-2024 model design only.,"Interpret with the cohort, reference levels, and fixed effects stored in the matrix manifest.",,,sex_gender,model design,patient_visit
model_design_sex_gender,46,arrival_band__Unknown,float64 matrix column,one row per eligible model encounter,,arrival_time_band,Indicator for arrival band category Unknown; the reference category is stored in the matrix manifest.,Computed exactly by design_batch() in 07_prepare_primary_model_matrix.py.,Frozen missing-category indicators or documented median imputation are used; exposure eligibility rules are applied before matrix construction.,Primary 2010-2024 model design only.,"Interpret with the cohort, reference levels, and fixed effects stored in the matrix manifest.",,,sex_gender,model design,patient_visit
model_design_sex_gender,47,arrival_band__<MISSING>,float64 matrix column,one row per eligible model encounter,,arrival_time_band,Indicator for arrival band category <MISSING>; the reference category is stored in the matrix manifest.,Computed exactly by design_batch() in 07_prepare_primary_model_matrix.py.,Frozen missing-category indicators or documented median imputation are used; exposure eligibility rules are applied before matrix construction.,Primary 2010-2024 model design only.,"Interpret with the cohort, reference levels, and fixed effects stored in the matrix manifest.",,,sex_gender,model design,patient_visit
model_design_sex_gender,48,elix_aids_flag,float64 matrix column,one row per eligible model encounter,,elix_aids_flag,Binary AHRQ Elixhauser comorbidity indicator.,Computed exactly by design_batch() in 07_prepare_primary_model_matrix.py.,Frozen missing-category indicators or documented median imputation are used; exposure eligibility rules are applied before matrix construction.,Primary 2010-2024 model design only.,"Interpret with the cohort, reference levels, and fixed effects stored in the matrix manifest.",,,sex_gender,model design,patient_risk
model_design_sex_gender,49,elix_alcohol_flag,float64 matrix column,one row per eligible model encounter,,elix_alcohol_flag,Binary AHRQ Elixhauser comorbidity indicator.,Computed exactly by design_batch() in 07_prepare_primary_model_matrix.py.,Frozen missing-category indicators or documented median imputation are used; exposure eligibility rules are applied before matrix construction.,Primary 2010-2024 model design only.,"Interpret with the cohort, reference levels, and fixed effects stored in the matrix manifest.",,,sex_gender,model design,patient_risk
model_design_sex_gender,50,elix_anemdef_flag,float64 matrix column,one row per eligible model encounter,,elix_anemdef_flag,Binary AHRQ Elixhauser comorbidity indicator.,Computed exactly by design_batch() in 07_prepare_primary_model_matrix.py.,Frozen missing-category indicators or documented median imputation are used; exposure eligibility rules are applied before matrix construction.,Primary 2010-2024 model design only.,"Interpret with the cohort, reference levels, and fixed effects stored in the matrix manifest.",,,sex_gender,model design,patient_risk
model_design_sex_gender,51,elix_arth_flag,float64 matrix column,one row per eligible model encounter,,elix_arth_flag,Binary AHRQ Elixhauser comorbidity indicator.,Computed exactly by design_batch() in 07_prepare_primary_model_matrix.py.,Frozen missing-category indicators or documented median imputation are used; exposure eligibility rules are applied before matrix construction.,Primary 2010-2024 model design only.,"Interpret with the cohort, reference levels, and fixed effects stored in the matrix manifest.",,,sex_gender,model design,patient_risk
model_design_sex_gender,52,elix_autoimmune_flag,float64 matrix column,one row per eligible model encounter,,elix_autoimmune_flag,Binary AHRQ Elixhauser comorbidity indicator.,Computed exactly by design_batch() in 07_prepare_primary_model_matrix.py.,Frozen missing-category indicators or documented median imputation are used; exposure eligibility rules are applied before matrix construction.,Primary 2010-2024 model design only.,"Interpret with the cohort, reference levels, and fixed effects stored in the matrix manifest.",,,sex_gender,model design,patient_risk
model_design_sex_gender,53,elix_bldloss_flag,float64 matrix column,one row per eligible model encounter,,elix_bldloss_flag,Binary AHRQ Elixhauser comorbidity indicator.,Computed exactly by design_batch() in 07_prepare_primary_model_matrix.py.,Frozen missing-category indicators or documented median imputation are used; exposure eligibility rules are applied before matrix construction.,Primary 2010-2024 model design only.,"Interpret with the cohort, reference levels, and fixed effects stored in the matrix manifest.",,,sex_gender,model design,patient_risk
model_design_sex_gender,54,elix_cancer_leuk_flag,float64 matrix column,one row per eligible model encounter,,elix_cancer_leuk_flag,Binary AHRQ Elixhauser comorbidity indicator.,Computed exactly by design_batch() in 07_prepare_primary_model_matrix.py.,Frozen missing-category indicators or documented median imputation are used; exposure eligibility rules are applied before matrix construction.,Primary 2010-2024 model design only.,"Interpret with the cohort, reference levels, and fixed effects stored in the matrix manifest.",,,sex_gender,model design,patient_risk
model_design_sex_gender,55,elix_cancer_lymph_flag,float64 matrix column,one row per eligible model encounter,,elix_cancer_lymph_flag,Binary AHRQ Elixhauser comorbidity indicator.,Computed exactly by design_batch() in 07_prepare_primary_model_matrix.py.,Frozen missing-category indicators or documented median imputation are used; exposure eligibility rules are applied before matrix construction.,Primary 2010-2024 model design only.,"Interpret with the cohort, reference levels, and fixed effects stored in the matrix manifest.",,,sex_gender,model design,patient_risk
model_design_sex_gender,56,elix_cancer_mets_flag,float64 matrix column,one row per eligible model encounter,,elix_cancer_mets_flag,Binary AHRQ Elixhauser comorbidity indicator.,Computed exactly by design_batch() in 07_prepare_primary_model_matrix.py.,Frozen missing-category indicators or documented median imputation are used; exposure eligibility rules are applied before matrix construction.,Primary 2010-2024 model design only.,"Interpret with the cohort, reference levels, and fixed effects stored in the matrix manifest.",,,sex_gender,model design,patient_risk
model_design_sex_gender,57,elix_cancer_nsitu_flag,float64 matrix column,one row per eligible model encounter,,elix_cancer_nsitu_flag,Binary AHRQ Elixhauser comorbidity indicator.,Computed exactly by design_batch() in 07_prepare_primary_model_matrix.py.,Frozen missing-category indicators or documented median imputation are used; exposure eligibility rules are applied before matrix construction.,Primary 2010-2024 model design only.,"Interpret with the cohort, reference levels, and fixed effects stored in the matrix manifest.",,,sex_gender,model design,patient_risk
model_design_sex_gender,58,elix_cancer_solid_flag,float64 matrix column,one row per eligible model encounter,,elix_cancer_solid_flag,Binary AHRQ Elixhauser comorbidity indicator.,Computed exactly by design_batch() in 07_prepare_primary_model_matrix.py.,Frozen missing-category indicators or documented median imputation are used; exposure eligibility rules are applied before matrix construction.,Primary 2010-2024 model design only.,"Interpret with the cohort, reference levels, and fixed effects stored in the matrix manifest.",,,sex_gender,model design,patient_risk
model_design_sex_gender,59,elix_cbvd_poa_flag,float64 matrix column,one row per eligible model encounter,,elix_cbvd_poa_flag,Binary AHRQ Elixhauser comorbidity indicator.,Computed exactly by design_batch() in 07_prepare_primary_model_matrix.py.,Frozen missing-category indicators or documented median imputation are used; exposure eligibility rules are applied before matrix construction.,Primary 2010-2024 model design only.,"Interpret with the cohort, reference levels, and fixed effects stored in the matrix manifest.",,,sex_gender,model design,patient_risk
model_design_sex_gender,60,elix_cbvd_sqla_flag,float64 matrix column,one row per eligible model encounter,,elix_cbvd_sqla_flag,Binary AHRQ Elixhauser comorbidity indicator.,Computed exactly by design_batch() in 07_prepare_primary_model_matrix.py.,Frozen missing-category indicators or documented median imputation are used; exposure eligibility rules are applied before matrix construction.,Primary 2010-2024 model design only.,"Interpret with the cohort, reference levels, and fixed effects stored in the matrix manifest.",,,sex_gender,model design,patient_risk
model_design_sex_gender,61,elix_chf_flag,float64 matrix column,one row per eligible model encounter,,elix_chf_flag,Binary AHRQ Elixhauser comorbidity indicator.,Computed exactly by design_batch() in 07_prepare_primary_model_matrix.py.,Frozen missing-category indicators or documented median imputation are used; exposure eligibility rules are applied before matrix construction.,Primary 2010-2024 model design only.,"Interpret with the cohort, reference levels, and fixed effects stored in the matrix manifest.",,,sex_gender,model design,patient_risk
model_design_sex_gender,62,elix_chrnlung_flag,float64 matrix column,one row per eligible model encounter,,elix_chrnlung_flag,Binary AHRQ Elixhauser comorbidity indicator.,Computed exactly by design_batch() in 07_prepare_primary_model_matrix.py.,Frozen missing-category indicators or documented median imputation are used; exposure eligibility rules are applied before matrix construction.,Primary 2010-2024 model design only.,"Interpret with the cohort, reference levels, and fixed effects stored in the matrix manifest.",,,sex_gender,model design,patient_risk
model_design_sex_gender,63,elix_coag_flag,float64 matrix column,one row per eligible model encounter,,elix_coag_flag,Binary AHRQ Elixhauser comorbidity indicator.,Computed exactly by design_batch() in 07_prepare_primary_model_matrix.py.,Frozen missing-category indicators or documented median imputation are used; exposure eligibility rules are applied before matrix construction.,Primary 2010-2024 model design only.,"Interpret with the cohort, reference levels, and fixed effects stored in the matrix manifest.",,,sex_gender,model design,patient_risk
model_design_sex_gender,64,elix_dementia_flag,float64 matrix column,one row per eligible model encounter,,elix_dementia_flag,Binary AHRQ Elixhauser comorbidity indicator.,Computed exactly by design_batch() in 07_prepare_primary_model_matrix.py.,Frozen missing-category indicators or documented median imputation are used; exposure eligibility rules are applied before matrix construction.,Primary 2010-2024 model design only.,"Interpret with the cohort, reference levels, and fixed effects stored in the matrix manifest.",,,sex_gender,model design,patient_risk
model_design_sex_gender,65,elix_depress_flag,float64 matrix column,one row per eligible model encounter,,elix_depress_flag,Binary AHRQ Elixhauser comorbidity indicator.,Computed exactly by design_batch() in 07_prepare_primary_model_matrix.py.,Frozen missing-category indicators or documented median imputation are used; exposure eligibility rules are applied before matrix construction.,Primary 2010-2024 model design only.,"Interpret with the cohort, reference levels, and fixed effects stored in the matrix manifest.",,,sex_gender,model design,patient_risk
model_design_sex_gender,66,elix_diab_cx_flag,float64 matrix column,one row per eligible model encounter,,elix_diab_cx_flag,Binary AHRQ Elixhauser comorbidity indicator.,Computed exactly by design_batch() in 07_prepare_primary_model_matrix.py.,Frozen missing-category indicators or documented median imputation are used; exposure eligibility rules are applied before matrix construction.,Primary 2010-2024 model design only.,"Interpret with the cohort, reference levels, and fixed effects stored in the matrix manifest.",,,sex_gender,model design,patient_risk
model_design_sex_gender,67,elix_diab_uncx_flag,float64 matrix column,one row per eligible model encounter,,elix_diab_uncx_flag,Binary AHRQ Elixhauser comorbidity indicator.,Computed exactly by design_batch() in 07_prepare_primary_model_matrix.py.,Frozen missing-category indicators or documented median imputation are used; exposure eligibility rules are applied before matrix construction.,Primary 2010-2024 model design only.,"Interpret with the cohort, reference levels, and fixed effects stored in the matrix manifest.",,,sex_gender,model design,patient_risk
model_design_sex_gender,68,elix_dm_flag,float64 matrix column,one row per eligible model encounter,,elix_dm_flag,Binary AHRQ Elixhauser comorbidity indicator.,Computed exactly by design_batch() in 07_prepare_primary_model_matrix.py.,Frozen missing-category indicators or documented median imputation are used; exposure eligibility rules are applied before matrix construction.,Primary 2010-2024 model design only.,"Interpret with the cohort, reference levels, and fixed effects stored in the matrix manifest.",,,sex_gender,model design,patient_risk
model_design_sex_gender,69,elix_dmcx_flag,float64 matrix column,one row per eligible model encounter,,elix_dmcx_flag,Binary AHRQ Elixhauser comorbidity indicator.,Computed exactly by design_batch() in 07_prepare_primary_model_matrix.py.,Frozen missing-category indicators or documented median imputation are used; exposure eligibility rules are applied before matrix construction.,Primary 2010-2024 model design only.,"Interpret with the cohort, reference levels, and fixed effects stored in the matrix manifest.",,,sex_gender,model design,patient_risk
model_design_sex_gender,70,elix_drug_abuse_flag,float64 matrix column,one row per eligible model encounter,,elix_drug_abuse_flag,Binary AHRQ Elixhauser comorbidity indicator.,Computed exactly by design_batch() in 07_prepare_primary_model_matrix.py.,Frozen missing-category indicators or documented median imputation are used; exposure eligibility rules are applied before matrix construction.,Primary 2010-2024 model design only.,"Interpret with the cohort, reference levels, and fixed effects stored in the matrix manifest.",,,sex_gender,model design,patient_risk
model_design_sex_gender,71,elix_drug_flag,float64 matrix column,one row per eligible model encounter,,elix_drug_flag,Binary AHRQ Elixhauser comorbidity indicator.,Computed exactly by design_batch() in 07_prepare_primary_model_matrix.py.,Frozen missing-category indicators or documented median imputation are used; exposure eligibility rules are applied before matrix construction.,Primary 2010-2024 model design only.,"Interpret with the cohort, reference levels, and fixed effects stored in the matrix manifest.",,,sex_gender,model design,patient_risk
model_design_sex_gender,72,elix_hf_flag,float64 matrix column,one row per eligible model encounter,,elix_hf_flag,Binary AHRQ Elixhauser comorbidity indicator.,Computed exactly by design_batch() in 07_prepare_primary_model_matrix.py.,Frozen missing-category indicators or documented median imputation are used; exposure eligibility rules are applied before matrix construction.,Primary 2010-2024 model design only.,"Interpret with the cohort, reference levels, and fixed effects stored in the matrix manifest.",,,sex_gender,model design,patient_risk
model_design_sex_gender,73,elix_hhrwchf_flag,float64 matrix column,one row per eligible model encounter,,elix_hhrwchf_flag,Binary AHRQ Elixhauser comorbidity indicator.,Computed exactly by design_batch() in 07_prepare_primary_model_matrix.py.,Frozen missing-category indicators or documented median imputation are used; exposure eligibility rules are applied before matrix construction.,Primary 2010-2024 model design only.,"Interpret with the cohort, reference levels, and fixed effects stored in the matrix manifest.",,,sex_gender,model design,patient_risk
model_design_sex_gender,74,elix_hhrwhrf_flag,float64 matrix column,one row per eligible model encounter,,elix_hhrwhrf_flag,Binary AHRQ Elixhauser comorbidity indicator.,Computed exactly by design_batch() in 07_prepare_primary_model_matrix.py.,Frozen missing-category indicators or documented median imputation are used; exposure eligibility rules are applied before matrix construction.,Primary 2010-2024 model design only.,"Interpret with the cohort, reference levels, and fixed effects stored in the matrix manifest.",,,sex_gender,model design,patient_risk
model_design_sex_gender,75,elix_hhrwohrf_flag,float64 matrix column,one row per eligible model encounter,,elix_hhrwohrf_flag,Binary AHRQ Elixhauser comorbidity indicator.,Computed exactly by design_batch() in 07_prepare_primary_model_matrix.py.,Frozen missing-category indicators or documented median imputation are used; exposure eligibility rules are applied before matrix construction.,Primary 2010-2024 model design only.,"Interpret with the cohort, reference levels, and fixed effects stored in the matrix manifest.",,,sex_gender,model design,patient_risk
model_design_sex_gender,76,elix_hhrwrf_flag,float64 matrix column,one row per eligible model encounter,,elix_hhrwrf_flag,Binary AHRQ Elixhauser comorbidity indicator.,Computed exactly by design_batch() in 07_prepare_primary_model_matrix.py.,Frozen missing-category indicators or documented median imputation are used; exposure eligibility rules are applied before matrix construction.,Primary 2010-2024 model design only.,"Interpret with the cohort, reference levels, and fixed effects stored in the matrix manifest.",,,sex_gender,model design,patient_risk
model_design_sex_gender,77,elix_hrenworf_flag,float64 matrix column,one row per eligible model encounter,,elix_hrenworf_flag,Binary AHRQ Elixhauser comorbidity indicator.,Computed exactly by design_batch() in 07_prepare_primary_model_matrix.py.,Frozen missing-category indicators or documented median imputation are used; exposure eligibility rules are applied before matrix construction.,Primary 2010-2024 model design only.,"Interpret with the cohort, reference levels, and fixed effects stored in the matrix manifest.",,,sex_gender,model design,patient_risk
model_design_sex_gender,78,elix_hrenwrf_flag,float64 matrix column,one row per eligible model encounter,,elix_hrenwrf_flag,Binary AHRQ Elixhauser comorbidity indicator.,Computed exactly by design_batch() in 07_prepare_primary_model_matrix.py.,Frozen missing-category indicators or documented median imputation are used; exposure eligibility rules are applied before matrix construction.,Primary 2010-2024 model design only.,"Interpret with the cohort, reference levels, and fixed effects stored in the matrix manifest.",,,sex_gender,model design,patient_risk
model_design_sex_gender,79,elix_htn_cx_flag,float64 matrix column,one row per eligible model encounter,,elix_htn_cx_flag,Binary AHRQ Elixhauser comorbidity indicator.,Computed exactly by design_batch() in 07_prepare_primary_model_matrix.py.,Frozen missing-category indicators or documented median imputation are used; exposure eligibility rules are applied before matrix construction.,Primary 2010-2024 model design only.,"Interpret with the cohort, reference levels, and fixed effects stored in the matrix manifest.",,,sex_gender,model design,patient_risk
model_design_sex_gender,80,elix_htn_flag,float64 matrix column,one row per eligible model encounter,,elix_htn_flag,Binary AHRQ Elixhauser comorbidity indicator.,Computed exactly by design_batch() in 07_prepare_primary_model_matrix.py.,Frozen missing-category indicators or documented median imputation are used; exposure eligibility rules are applied before matrix construction.,Primary 2010-2024 model design only.,"Interpret with the cohort, reference levels, and fixed effects stored in the matrix manifest.",,,sex_gender,model design,patient_risk
model_design_sex_gender,81,elix_htn_uncx_flag,float64 matrix column,one row per eligible model encounter,,elix_htn_uncx_flag,Binary AHRQ Elixhauser comorbidity indicator.,Computed exactly by design_batch() in 07_prepare_primary_model_matrix.py.,Frozen missing-category indicators or documented median imputation are used; exposure eligibility rules are applied before matrix construction.,Primary 2010-2024 model design only.,"Interpret with the cohort, reference levels, and fixed effects stored in the matrix manifest.",,,sex_gender,model design,patient_risk
model_design_sex_gender,82,elix_htncx_flag,float64 matrix column,one row per eligible model encounter,,elix_htncx_flag,Binary AHRQ Elixhauser comorbidity indicator.,Computed exactly by design_batch() in 07_prepare_primary_model_matrix.py.,Frozen missing-category indicators or documented median imputation are used; exposure eligibility rules are applied before matrix construction.,Primary 2010-2024 model design only.,"Interpret with the cohort, reference levels, and fixed effects stored in the matrix manifest.",,,sex_gender,model design,patient_risk
model_design_sex_gender,83,elix_htnpreg_flag,float64 matrix column,one row per eligible model encounter,,elix_htnpreg_flag,Binary AHRQ Elixhauser comorbidity indicator.,Computed exactly by design_batch() in 07_prepare_primary_model_matrix.py.,Frozen missing-category indicators or documented median imputation are used; exposure eligibility rules are applied before matrix construction.,Primary 2010-2024 model design only.,"Interpret with the cohort, reference levels, and fixed effects stored in the matrix manifest.",,,sex_gender,model design,patient_risk
model_design_sex_gender,84,elix_htnwchf_flag,float64 matrix column,one row per eligible model encounter,,elix_htnwchf_flag,Binary AHRQ Elixhauser comorbidity indicator.,Computed exactly by design_batch() in 07_prepare_primary_model_matrix.py.,Frozen missing-category indicators or documented median imputation are used; exposure eligibility rules are applied before matrix construction.,Primary 2010-2024 model design only.,"Interpret with the cohort, reference levels, and fixed effects stored in the matrix manifest.",,,sex_gender,model design,patient_risk
model_design_sex_gender,85,elix_htnwochf_flag,float64 matrix column,one row per eligible model encounter,,elix_htnwochf_flag,Binary AHRQ Elixhauser comorbidity indicator.,Computed exactly by design_batch() in 07_prepare_primary_model_matrix.py.,Frozen missing-category indicators or documented median imputation are used; exposure eligibility rules are applied before matrix construction.,Primary 2010-2024 model design only.,"Interpret with the cohort, reference levels, and fixed effects stored in the matrix manifest.",,,sex_gender,model design,patient_risk
model_design_sex_gender,86,elix_hypothy_flag,float64 matrix column,one row per eligible model encounter,,elix_hypothy_flag,Binary AHRQ Elixhauser comorbidity indicator.,Computed exactly by design_batch() in 07_prepare_primary_model_matrix.py.,Frozen missing-category indicators or documented median imputation are used; exposure eligibility rules are applied before matrix construction.,Primary 2010-2024 model design only.,"Interpret with the cohort, reference levels, and fixed effects stored in the matrix manifest.",,,sex_gender,model design,patient_risk
model_design_sex_gender,87,elix_liver_flag,float64 matrix column,one row per eligible model encounter,,elix_liver_flag,Binary AHRQ Elixhauser comorbidity indicator.,Computed exactly by design_batch() in 07_prepare_primary_model_matrix.py.,Frozen missing-category indicators or documented median imputation are used; exposure eligibility rules are applied before matrix construction.,Primary 2010-2024 model design only.,"Interpret with the cohort, reference levels, and fixed effects stored in the matrix manifest.",,,sex_gender,model design,patient_risk
model_design_sex_gender,88,elix_liver_mld_flag,float64 matrix column,one row per eligible model encounter,,elix_liver_mld_flag,Binary AHRQ Elixhauser comorbidity indicator.,Computed exactly by design_batch() in 07_prepare_primary_model_matrix.py.,Frozen missing-category indicators or documented median imputation are used; exposure eligibility rules are applied before matrix construction.,Primary 2010-2024 model design only.,"Interpret with the cohort, reference levels, and fixed effects stored in the matrix manifest.",,,sex_gender,model design,patient_risk
model_design_sex_gender,89,elix_liver_sev_flag,float64 matrix column,one row per eligible model encounter,,elix_liver_sev_flag,Binary AHRQ Elixhauser comorbidity indicator.,Computed exactly by design_batch() in 07_prepare_primary_model_matrix.py.,Frozen missing-category indicators or documented median imputation are used; exposure eligibility rules are applied before matrix construction.,Primary 2010-2024 model design only.,"Interpret with the cohort, reference levels, and fixed effects stored in the matrix manifest.",,,sex_gender,model design,patient_risk
model_design_sex_gender,90,elix_lung_chronic_flag,float64 matrix column,one row per eligible model encounter,,elix_lung_chronic_flag,Binary AHRQ Elixhauser comorbidity indicator.,Computed exactly by design_batch() in 07_prepare_primary_model_matrix.py.,Frozen missing-category indicators or documented median imputation are used; exposure eligibility rules are applied before matrix construction.,Primary 2010-2024 model design only.,"Interpret with the cohort, reference levels, and fixed effects stored in the matrix manifest.",,,sex_gender,model design,patient_risk
model_design_sex_gender,91,elix_lymph_flag,float64 matrix column,one row per eligible model encounter,,elix_lymph_flag,Binary AHRQ Elixhauser comorbidity indicator.,Computed exactly by design_batch() in 07_prepare_primary_model_matrix.py.,Frozen missing-category indicators or documented median imputation are used; exposure eligibility rules are applied before matrix construction.,Primary 2010-2024 model design only.,"Interpret with the cohort, reference levels, and fixed effects stored in the matrix manifest.",,,sex_gender,model design,patient_risk
model_design_sex_gender,92,elix_lytes_flag,float64 matrix column,one row per eligible model encounter,,elix_lytes_flag,Binary AHRQ Elixhauser comorbidity indicator.,Computed exactly by design_batch() in 07_prepare_primary_model_matrix.py.,Frozen missing-category indicators or documented median imputation are used; exposure eligibility rules are applied before matrix construction.,Primary 2010-2024 model design only.,"Interpret with the cohort, reference levels, and fixed effects stored in the matrix manifest.",,,sex_gender,model design,patient_risk
model_design_sex_gender,93,elix_mets_flag,float64 matrix column,one row per eligible model encounter,,elix_mets_flag,Binary AHRQ Elixhauser comorbidity indicator.,Computed exactly by design_batch() in 07_prepare_primary_model_matrix.py.,Frozen missing-category indicators or documented median imputation are used; exposure eligibility rules are applied before matrix construction.,Primary 2010-2024 model design only.,"Interpret with the cohort, reference levels, and fixed effects stored in the matrix manifest.",,,sex_gender,model design,patient_risk
model_design_sex_gender,94,elix_neuro_flag,float64 matrix column,one row per eligible model encounter,,elix_neuro_flag,Binary AHRQ Elixhauser comorbidity indicator.,Computed exactly by design_batch() in 07_prepare_primary_model_matrix.py.,Frozen missing-category indicators or documented median imputation are used; exposure eligibility rules are applied before matrix construction.,Primary 2010-2024 model design only.,"Interpret with the cohort, reference levels, and fixed effects stored in the matrix manifest.",,,sex_gender,model design,patient_risk
model_design_sex_gender,95,elix_neuro_movt_flag,float64 matrix column,one row per eligible model encounter,,elix_neuro_movt_flag,Binary AHRQ Elixhauser comorbidity indicator.,Computed exactly by design_batch() in 07_prepare_primary_model_matrix.py.,Frozen missing-category indicators or documented median imputation are used; exposure eligibility rules are applied before matrix construction.,Primary 2010-2024 model design only.,"Interpret with the cohort, reference levels, and fixed effects stored in the matrix manifest.",,,sex_gender,model design,patient_risk
model_design_sex_gender,96,elix_neuro_oth_flag,float64 matrix column,one row per eligible model encounter,,elix_neuro_oth_flag,Binary AHRQ Elixhauser comorbidity indicator.,Computed exactly by design_batch() in 07_prepare_primary_model_matrix.py.,Frozen missing-category indicators or documented median imputation are used; exposure eligibility rules are applied before matrix construction.,Primary 2010-2024 model design only.,"Interpret with the cohort, reference levels, and fixed effects stored in the matrix manifest.",,,sex_gender,model design,patient_risk
model_design_sex_gender,97,elix_neuro_seiz_flag,float64 matrix column,one row per eligible model encounter,,elix_neuro_seiz_flag,Binary AHRQ Elixhauser comorbidity indicator.,Computed exactly by design_batch() in 07_prepare_primary_model_matrix.py.,Frozen missing-category indicators or documented median imputation are used; exposure eligibility rules are applied before matrix construction.,Primary 2010-2024 model design only.,"Interpret with the cohort, reference levels, and fixed effects stored in the matrix manifest.",,,sex_gender,model design,patient_risk
model_design_sex_gender,98,elix_obese_flag,float64 matrix column,one row per eligible model encounter,,elix_obese_flag,Binary AHRQ Elixhauser comorbidity indicator.,Computed exactly by design_batch() in 07_prepare_primary_model_matrix.py.,Frozen missing-category indicators or documented median imputation are used; exposure eligibility rules are applied before matrix construction.,Primary 2010-2024 model design only.,"Interpret with the cohort, reference levels, and fixed effects stored in the matrix manifest.",,,sex_gender,model design,patient_risk
model_design_sex_gender,99,elix_ohtnpreg_flag,float64 matrix column,one row per eligible model encounter,,elix_ohtnpreg_flag,Binary AHRQ Elixhauser comorbidity indicator.,Computed exactly by design_batch() in 07_prepare_primary_model_matrix.py.,Frozen missing-category indicators or documented median imputation are used; exposure eligibility rules are applied before matrix construction.,Primary 2010-2024 model design only.,"Interpret with the cohort, reference levels, and fixed effects stored in the matrix manifest.",,,sex_gender,model design,patient_risk
model_design_sex_gender,100,elix_para_flag,float64 matrix column,one row per eligible model encounter,,elix_para_flag,Binary AHRQ Elixhauser comorbidity indicator.,Computed exactly by design_batch() in 07_prepare_primary_model_matrix.py.,Frozen missing-category indicators or documented median imputation are used; exposure eligibility rules are applied before matrix construction.,Primary 2010-2024 model design only.,"Interpret with the cohort, reference levels, and fixed effects stored in the matrix manifest.",,,sex_gender,model design,patient_risk
model_design_sex_gender,101,elix_paralysis_flag,float64 matrix column,one row per eligible model encounter,,elix_paralysis_flag,Binary AHRQ Elixhauser comorbidity indicator.,Computed exactly by design_batch() in 07_prepare_primary_model_matrix.py.,Frozen missing-category indicators or documented median imputation are used; exposure eligibility rules are applied before matrix construction.,Primary 2010-2024 model design only.,"Interpret with the cohort, reference levels, and fixed effects stored in the matrix manifest.",,,sex_gender,model design,patient_risk
model_design_sex_gender,102,elix_perivasc_flag,float64 matrix column,one row per eligible model encounter,,elix_perivasc_flag,Binary AHRQ Elixhauser comorbidity indicator.,Computed exactly by design_batch() in 07_prepare_primary_model_matrix.py.,Frozen missing-category indicators or documented median imputation are used; exposure eligibility rules are applied before matrix construction.,Primary 2010-2024 model design only.,"Interpret with the cohort, reference levels, and fixed effects stored in the matrix manifest.",,,sex_gender,model design,patient_risk
model_design_sex_gender,103,elix_psych_flag,float64 matrix column,one row per eligible model encounter,,elix_psych_flag,Binary AHRQ Elixhauser comorbidity indicator.,Computed exactly by design_batch() in 07_prepare_primary_model_matrix.py.,Frozen missing-category indicators or documented median imputation are used; exposure eligibility rules are applied before matrix construction.,Primary 2010-2024 model design only.,"Interpret with the cohort, reference levels, and fixed effects stored in the matrix manifest.",,,sex_gender,model design,patient_risk
model_design_sex_gender,104,elix_psychoses_flag,float64 matrix column,one row per eligible model encounter,,elix_psychoses_flag,Binary AHRQ Elixhauser comorbidity indicator.,Computed exactly by design_batch() in 07_prepare_primary_model_matrix.py.,Frozen missing-category indicators or documented median imputation are used; exposure eligibility rules are applied before matrix construction.,Primary 2010-2024 model design only.,"Interpret with the cohort, reference levels, and fixed effects stored in the matrix manifest.",,,sex_gender,model design,patient_risk
model_design_sex_gender,105,elix_pulmcirc_flag,float64 matrix column,one row per eligible model encounter,,elix_pulmcirc_flag,Binary AHRQ Elixhauser comorbidity indicator.,Computed exactly by design_batch() in 07_prepare_primary_model_matrix.py.,Frozen missing-category indicators or documented median imputation are used; exposure eligibility rules are applied before matrix construction.,Primary 2010-2024 model design only.,"Interpret with the cohort, reference levels, and fixed effects stored in the matrix manifest.",,,sex_gender,model design,patient_risk
model_design_sex_gender,106,elix_renlfail_flag,float64 matrix column,one row per eligible model encounter,,elix_renlfail_flag,Binary AHRQ Elixhauser comorbidity indicator.,Computed exactly by design_batch() in 07_prepare_primary_model_matrix.py.,Frozen missing-category indicators or documented median imputation are used; exposure eligibility rules are applied before matrix construction.,Primary 2010-2024 model design only.,"Interpret with the cohort, reference levels, and fixed effects stored in the matrix manifest.",,,sex_gender,model design,patient_risk
model_design_sex_gender,107,elix_renlfl_mod_flag,float64 matrix column,one row per eligible model encounter,,elix_renlfl_mod_flag,Binary AHRQ Elixhauser comorbidity indicator.,Computed exactly by design_batch() in 07_prepare_primary_model_matrix.py.,Frozen missing-category indicators or documented median imputation are used; exposure eligibility rules are applied before matrix construction.,Primary 2010-2024 model design only.,"Interpret with the cohort, reference levels, and fixed effects stored in the matrix manifest.",,,sex_gender,model design,patient_risk
model_design_sex_gender,108,elix_renlfl_sev_flag,float64 matrix column,one row per eligible model encounter,,elix_renlfl_sev_flag,Binary AHRQ Elixhauser comorbidity indicator.,Computed exactly by design_batch() in 07_prepare_primary_model_matrix.py.,Frozen missing-category indicators or documented median imputation are used; exposure eligibility rules are applied before matrix construction.,Primary 2010-2024 model design only.,"Interpret with the cohort, reference levels, and fixed effects stored in the matrix manifest.",,,sex_gender,model design,patient_risk
model_design_sex_gender,109,elix_thyroid_hypo_flag,float64 matrix column,one row per eligible model encounter,,elix_thyroid_hypo_flag,Binary AHRQ Elixhauser comorbidity indicator.,Computed exactly by design_batch() in 07_prepare_primary_model_matrix.py.,Frozen missing-category indicators or documented median imputation are used; exposure eligibility rules are applied before matrix construction.,Primary 2010-2024 model design only.,"Interpret with the cohort, reference levels, and fixed effects stored in the matrix manifest.",,,sex_gender,model design,patient_risk
model_design_sex_gender,110,elix_thyroid_oth_flag,float64 matrix column,one row per eligible model encounter,,elix_thyroid_oth_flag,Binary AHRQ Elixhauser comorbidity indicator.,Computed exactly by design_batch() in 07_prepare_primary_model_matrix.py.,Frozen missing-category indicators or documented median imputation are used; exposure eligibility rules are applied before matrix construction.,Primary 2010-2024 model design only.,"Interpret with the cohort, reference levels, and fixed effects stored in the matrix manifest.",,,sex_gender,model design,patient_risk
model_design_sex_gender,111,elix_tumor_flag,float64 matrix column,one row per eligible model encounter,,elix_tumor_flag,Binary AHRQ Elixhauser comorbidity indicator.,Computed exactly by design_batch() in 07_prepare_primary_model_matrix.py.,Frozen missing-category indicators or documented median imputation are used; exposure eligibility rules are applied before matrix construction.,Primary 2010-2024 model design only.,"Interpret with the cohort, reference levels, and fixed effects stored in the matrix manifest.",,,sex_gender,model design,patient_risk
model_design_sex_gender,112,elix_ulcer_flag,float64 matrix column,one row per eligible model encounter,,elix_ulcer_flag,Binary AHRQ Elixhauser comorbidity indicator.,Computed exactly by design_batch() in 07_prepare_primary_model_matrix.py.,Frozen missing-category indicators or documented median imputation are used; exposure eligibility rules are applied before matrix construction.,Primary 2010-2024 model design only.,"Interpret with the cohort, reference levels, and fixed effects stored in the matrix manifest.",,,sex_gender,model design,patient_risk
model_design_sex_gender,113,elix_ulcer_peptic_flag,float64 matrix column,one row per eligible model encounter,,elix_ulcer_peptic_flag,Binary AHRQ Elixhauser comorbidity indicator.,Computed exactly by design_batch() in 07_prepare_primary_model_matrix.py.,Frozen missing-category indicators or documented median imputation are used; exposure eligibility rules are applied before matrix construction.,Primary 2010-2024 model design only.,"Interpret with the cohort, reference levels, and fixed effects stored in the matrix manifest.",,,sex_gender,model design,patient_risk
model_design_sex_gender,114,elix_valve_flag,float64 matrix column,one row per eligible model encounter,,elix_valve_flag,Binary AHRQ Elixhauser comorbidity indicator.,Computed exactly by design_batch() in 07_prepare_primary_model_matrix.py.,Frozen missing-category indicators or documented median imputation are used; exposure eligibility rules are applied before matrix construction.,Primary 2010-2024 model design only.,"Interpret with the cohort, reference levels, and fixed effects stored in the matrix manifest.",,,sex_gender,model design,patient_risk
model_design_sex_gender,115,elix_wghtloss_flag,float64 matrix column,one row per eligible model encounter,,elix_wghtloss_flag,Binary AHRQ Elixhauser comorbidity indicator.,Computed exactly by design_batch() in 07_prepare_primary_model_matrix.py.,Frozen missing-category indicators or documented median imputation are used; exposure eligibility rules are applied before matrix construction.,Primary 2010-2024 model design only.,"Interpret with the cohort, reference levels, and fixed effects stored in the matrix manifest.",,,sex_gender,model design,patient_risk
model_design_sex_gender,116,elixhauser_condition_count,float64 matrix column,one row per eligible model encounter,,elixhauser_condition_count,Analysis design field defined deterministically in the locked matrix builder; the source field and design group are recorded here.,Computed exactly by design_batch() in 07_prepare_primary_model_matrix.py.,Frozen missing-category indicators or documented median imputation are used; exposure eligibility rules are applied before matrix construction.,Primary 2010-2024 model design only.,"Interpret with the cohort, reference levels, and fixed effects stored in the matrix manifest.",,,sex_gender,model design,patient_risk
model_design_sex_gender,117,physician_ed_specialist,float64 matrix column,one row per eligible model encounter,,physician_ed_specialist,Analysis design field defined deterministically in the locked matrix builder; the source field and design group are recorded here.,Computed exactly by design_batch() in 07_prepare_primary_model_matrix.py.,Frozen missing-category indicators or documented median imputation are used; exposure eligibility rules are applied before matrix construction.,Primary 2010-2024 model design only.,"Interpret with the cohort, reference levels, and fixed effects stored in the matrix manifest.",,,sex_gender,model design,physician
model_design_sex_gender,118,physician_ed_specialist_missing,float64 matrix column,one row per eligible model encounter,,physician_ed_specialist_missing,Analysis design field defined deterministically in the locked matrix builder; the source field and design group are recorded here.,Computed exactly by design_batch() in 07_prepare_primary_model_matrix.py.,Frozen missing-category indicators or documented median imputation are used; exposure eligibility rules are applied before matrix construction.,Primary 2010-2024 model design only.,"Interpret with the cohort, reference levels, and fixed effects stored in the matrix manifest.",,,sex_gender,model design,physician
model_design_sex_gender,119,experience,float64 matrix column,one row per eligible model encounter,,experience,Years since medical-school graduation after frozen median imputation for invalid/missing values.,Computed exactly by design_batch() in 07_prepare_primary_model_matrix.py.,Frozen missing-category indicators or documented median imputation are used; exposure eligibility rules are applied before matrix construction.,Primary 2010-2024 model design only.,"Interpret with the cohort, reference levels, and fixed effects stored in the matrix manifest.",,,sex_gender,model design,physician
model_design_sex_gender,120,experience_gt10,float64 matrix column,one row per eligible model encounter,,experience_gt10,"Positive-part years-since-medical-school spline max(experience - 10, 0).",Computed exactly by design_batch() in 07_prepare_primary_model_matrix.py.,Frozen missing-category indicators or documented median imputation are used; exposure eligibility rules are applied before matrix construction.,Primary 2010-2024 model design only.,"Interpret with the cohort, reference levels, and fixed effects stored in the matrix manifest.",,,sex_gender,model design,physician
model_design_sex_gender,121,experience_gt20,float64 matrix column,one row per eligible model encounter,,experience_gt20,"Positive-part years-since-medical-school spline max(experience - 20, 0).",Computed exactly by design_batch() in 07_prepare_primary_model_matrix.py.,Frozen missing-category indicators or documented median imputation are used; exposure eligibility rules are applied before matrix construction.,Primary 2010-2024 model design only.,"Interpret with the cohort, reference levels, and fixed effects stored in the matrix manifest.",,,sex_gender,model design,physician
model_design_sex_gender,122,experience_gt30,float64 matrix column,one row per eligible model encounter,,experience_gt30,"Positive-part years-since-medical-school spline max(experience - 30, 0).",Computed exactly by design_batch() in 07_prepare_primary_model_matrix.py.,Frozen missing-category indicators or documented median imputation are used; exposure eligibility rules are applied before matrix construction.,Primary 2010-2024 model design only.,"Interpret with the cohort, reference levels, and fixed effects stored in the matrix manifest.",,,sex_gender,model design,physician
model_design_sex_gender,123,experience_missing,float64 matrix column,one row per eligible model encounter,,experience_missing,Analysis design field defined deterministically in the locked matrix builder; the source field and design group are recorded here.,Computed exactly by design_batch() in 07_prepare_primary_model_matrix.py.,Frozen missing-category indicators or documented median imputation are used; exposure eligibility rules are applied before matrix construction.,Primary 2010-2024 model design only.,"Interpret with the cohort, reference levels, and fixed effects stored in the matrix manifest.",,,sex_gender,model design,physician
model_design_sex_gender,124,log1p_physician_quarter_volume,float64 matrix column,one row per eligible model encounter,,log1p_physician_quarter_volume,Analysis design field defined deterministically in the locked matrix builder; the source field and design group are recorded here.,Computed exactly by design_batch() in 07_prepare_primary_model_matrix.py.,Frozen missing-category indicators or documented median imputation are used; exposure eligibility rules are applied before matrix construction.,Primary 2010-2024 model design only.,"Interpret with the cohort, reference levels, and fixed effects stored in the matrix manifest.",,,sex_gender,model design,physician
model_design_sex_gender,125,physician_quarter_volume_missing,float64 matrix column,one row per eligible model encounter,,physician_quarter_volume_missing,Analysis design field defined deterministically in the locked matrix builder; the source field and design group are recorded here.,Computed exactly by design_batch() in 07_prepare_primary_model_matrix.py.,Frozen missing-category indicators or documented median imputation are used; exposure eligibility rules are applied before matrix construction.,Primary 2010-2024 model design only.,"Interpret with the cohort, reference levels, and fixed effects stored in the matrix manifest.",,,sex_gender,model design,physician
model_design_sex_gender,126,symptom_sign,float64 matrix column,one row per eligible model encounter,,symptom_sign,Prespecified binary heterogeneity modifier.,Computed exactly by design_batch() in 07_prepare_primary_model_matrix.py.,Frozen missing-category indicators or documented median imputation are used; exposure eligibility rules are applied before matrix construction.,Primary 2010-2024 model design only.,"Interpret with the cohort, reference levels, and fixed effects stored in the matrix manifest.",,,sex_gender,model design,heterogeneity_symptom_sign
model_design_sex_gender,127,symptom_sign_x_physician,float64 matrix column,one row per eligible model encounter,,symptom_sign; cohort-specific physician exposure,symptom_sign multiplied by the cohort-specific physician exposure.,Computed exactly by design_batch() in 07_prepare_primary_model_matrix.py.,Frozen missing-category indicators or documented median imputation are used; exposure eligibility rules are applied before matrix construction.,Primary 2010-2024 model design only.,"Interpret with the cohort, reference levels, and fixed effects stored in the matrix manifest.",,,sex_gender,model design,heterogeneity_symptom_sign
model_design_sex_gender,128,symptom_sign_x_patient,float64 matrix column,one row per eligible model encounter,,symptom_sign; cohort-specific patient exposure,symptom_sign multiplied by the cohort-specific patient exposure.,Computed exactly by design_batch() in 07_prepare_primary_model_matrix.py.,Frozen missing-category indicators or documented median imputation are used; exposure eligibility rules are applied before matrix construction.,Primary 2010-2024 model design only.,"Interpret with the cohort, reference levels, and fixed effects stored in the matrix manifest.",,,sex_gender,model design,heterogeneity_symptom_sign
model_design_sex_gender,129,symptom_sign_x_interaction,float64 matrix column,one row per eligible model encounter,,symptom_sign; cohort-specific physician-by-patient interaction,symptom_sign multiplied by the cohort-specific physician-by-patient interaction.,Computed exactly by design_batch() in 07_prepare_primary_model_matrix.py.,Frozen missing-category indicators or documented median imputation are used; exposure eligibility rules are applied before matrix construction.,Primary 2010-2024 model design only.,"Interpret with the cohort, reference levels, and fixed effects stored in the matrix manifest.",,,sex_gender,model design,heterogeneity_symptom_sign
model_design_sex_gender,130,uninsured,float64 matrix column,one row per eligible model encounter,,uninsured,Prespecified binary heterogeneity modifier.,Computed exactly by design_batch() in 07_prepare_primary_model_matrix.py.,Frozen missing-category indicators or documented median imputation are used; exposure eligibility rules are applied before matrix construction.,Primary 2010-2024 model design only.,"Interpret with the cohort, reference levels, and fixed effects stored in the matrix manifest.",,,sex_gender,model design,heterogeneity_uninsured
model_design_sex_gender,131,uninsured_x_physician,float64 matrix column,one row per eligible model encounter,,uninsured; cohort-specific physician exposure,uninsured multiplied by the cohort-specific physician exposure.,Computed exactly by design_batch() in 07_prepare_primary_model_matrix.py.,Frozen missing-category indicators or documented median imputation are used; exposure eligibility rules are applied before matrix construction.,Primary 2010-2024 model design only.,"Interpret with the cohort, reference levels, and fixed effects stored in the matrix manifest.",,,sex_gender,model design,heterogeneity_uninsured
model_design_sex_gender,132,uninsured_x_patient,float64 matrix column,one row per eligible model encounter,,uninsured; cohort-specific patient exposure,uninsured multiplied by the cohort-specific patient exposure.,Computed exactly by design_batch() in 07_prepare_primary_model_matrix.py.,Frozen missing-category indicators or documented median imputation are used; exposure eligibility rules are applied before matrix construction.,Primary 2010-2024 model design only.,"Interpret with the cohort, reference levels, and fixed effects stored in the matrix manifest.",,,sex_gender,model design,heterogeneity_uninsured
model_design_sex_gender,133,uninsured_x_interaction,float64 matrix column,one row per eligible model encounter,,uninsured; cohort-specific physician-by-patient interaction,uninsured multiplied by the cohort-specific physician-by-patient interaction.,Computed exactly by design_batch() in 07_prepare_primary_model_matrix.py.,Frozen missing-category indicators or documented median imputation are used; exposure eligibility rules are applied before matrix construction.,Primary 2010-2024 model design only.,"Interpret with the cohort, reference levels, and fixed effects stored in the matrix manifest.",,,sex_gender,model design,heterogeneity_uninsured
model_design_sex_gender,134,ed_specialist,float64 matrix column,one row per eligible model encounter,,ed_specialist,Prespecified binary heterogeneity modifier.,Computed exactly by design_batch() in 07_prepare_primary_model_matrix.py.,Frozen missing-category indicators or documented median imputation are used; exposure eligibility rules are applied before matrix construction.,Primary 2010-2024 model design only.,"Interpret with the cohort, reference levels, and fixed effects stored in the matrix manifest.",,,sex_gender,model design,heterogeneity_ed_specialist
model_design_sex_gender,135,ed_specialist_x_physician,float64 matrix column,one row per eligible model encounter,,ed_specialist; cohort-specific physician exposure,ed_specialist multiplied by the cohort-specific physician exposure.,Computed exactly by design_batch() in 07_prepare_primary_model_matrix.py.,Frozen missing-category indicators or documented median imputation are used; exposure eligibility rules are applied before matrix construction.,Primary 2010-2024 model design only.,"Interpret with the cohort, reference levels, and fixed effects stored in the matrix manifest.",,,sex_gender,model design,heterogeneity_ed_specialist
model_design_sex_gender,136,ed_specialist_x_patient,float64 matrix column,one row per eligible model encounter,,ed_specialist; cohort-specific patient exposure,ed_specialist multiplied by the cohort-specific patient exposure.,Computed exactly by design_batch() in 07_prepare_primary_model_matrix.py.,Frozen missing-category indicators or documented median imputation are used; exposure eligibility rules are applied before matrix construction.,Primary 2010-2024 model design only.,"Interpret with the cohort, reference levels, and fixed effects stored in the matrix manifest.",,,sex_gender,model design,heterogeneity_ed_specialist
model_design_sex_gender,137,ed_specialist_x_interaction,float64 matrix column,one row per eligible model encounter,,ed_specialist; cohort-specific physician-by-patient interaction,ed_specialist multiplied by the cohort-specific physician-by-patient interaction.,Computed exactly by design_batch() in 07_prepare_primary_model_matrix.py.,Frozen missing-category indicators or documented median imputation are used; exposure eligibility rules are applied before matrix construction.,Primary 2010-2024 model design only.,"Interpret with the cohort, reference levels, and fixed effects stored in the matrix manifest.",,,sex_gender,model design,heterogeneity_ed_specialist
model_design_sex_gender,138,age65plus,float64 matrix column,one row per eligible model encounter,,age65plus,Prespecified binary heterogeneity modifier.,Computed exactly by design_batch() in 07_prepare_primary_model_matrix.py.,Frozen missing-category indicators or documented median imputation are used; exposure eligibility rules are applied before matrix construction.,Primary 2010-2024 model design only.,"Interpret with the cohort, reference levels, and fixed effects stored in the matrix manifest.",,,sex_gender,model design,heterogeneity_age65plus
model_design_sex_gender,139,age65plus_x_physician,float64 matrix column,one row per eligible model encounter,,age65plus; cohort-specific physician exposure,age65plus multiplied by the cohort-specific physician exposure.,Computed exactly by design_batch() in 07_prepare_primary_model_matrix.py.,Frozen missing-category indicators or documented median imputation are used; exposure eligibility rules are applied before matrix construction.,Primary 2010-2024 model design only.,"Interpret with the cohort, reference levels, and fixed effects stored in the matrix manifest.",,,sex_gender,model design,heterogeneity_age65plus
model_design_sex_gender,140,age65plus_x_patient,float64 matrix column,one row per eligible model encounter,,age65plus; cohort-specific patient exposure,age65plus multiplied by the cohort-specific patient exposure.,Computed exactly by design_batch() in 07_prepare_primary_model_matrix.py.,Frozen missing-category indicators or documented median imputation are used; exposure eligibility rules are applied before matrix construction.,Primary 2010-2024 model design only.,"Interpret with the cohort, reference levels, and fixed effects stored in the matrix manifest.",,,sex_gender,model design,heterogeneity_age65plus
model_design_sex_gender,141,age65plus_x_interaction,float64 matrix column,one row per eligible model encounter,,age65plus; cohort-specific physician-by-patient interaction,age65plus multiplied by the cohort-specific physician-by-patient interaction.,Computed exactly by design_batch() in 07_prepare_primary_model_matrix.py.,Frozen missing-category indicators or documented median imputation are used; exposure eligibility rules are applied before matrix construction.,Primary 2010-2024 model design only.,"Interpret with the cohort, reference levels, and fixed effects stored in the matrix manifest.",,,sex_gender,model design,heterogeneity_age65plus
model_design_sex_gender,142,high_comorbidity,float64 matrix column,one row per eligible model encounter,,high_comorbidity,Prespecified binary heterogeneity modifier.,Computed exactly by design_batch() in 07_prepare_primary_model_matrix.py.,Frozen missing-category indicators or documented median imputation are used; exposure eligibility rules are applied before matrix construction.,Primary 2010-2024 model design only.,"Interpret with the cohort, reference levels, and fixed effects stored in the matrix manifest.",,,sex_gender,model design,heterogeneity_high_comorbidity
model_design_sex_gender,143,high_comorbidity_x_physician,float64 matrix column,one row per eligible model encounter,,high_comorbidity; cohort-specific physician exposure,high_comorbidity multiplied by the cohort-specific physician exposure.,Computed exactly by design_batch() in 07_prepare_primary_model_matrix.py.,Frozen missing-category indicators or documented median imputation are used; exposure eligibility rules are applied before matrix construction.,Primary 2010-2024 model design only.,"Interpret with the cohort, reference levels, and fixed effects stored in the matrix manifest.",,,sex_gender,model design,heterogeneity_high_comorbidity
model_design_sex_gender,144,high_comorbidity_x_patient,float64 matrix column,one row per eligible model encounter,,high_comorbidity; cohort-specific patient exposure,high_comorbidity multiplied by the cohort-specific patient exposure.,Computed exactly by design_batch() in 07_prepare_primary_model_matrix.py.,Frozen missing-category indicators or documented median imputation are used; exposure eligibility rules are applied before matrix construction.,Primary 2010-2024 model design only.,"Interpret with the cohort, reference levels, and fixed effects stored in the matrix manifest.",,,sex_gender,model design,heterogeneity_high_comorbidity
model_design_sex_gender,145,high_comorbidity_x_interaction,float64 matrix column,one row per eligible model encounter,,high_comorbidity; cohort-specific physician-by-patient interaction,high_comorbidity multiplied by the cohort-specific physician-by-patient interaction.,Computed exactly by design_batch() in 07_prepare_primary_model_matrix.py.,Frozen missing-category indicators or documented median imputation are used; exposure eligibility rules are applied before matrix construction.,Primary 2010-2024 model design only.,"Interpret with the cohort, reference levels, and fixed effects stored in the matrix manifest.",,,sex_gender,model design,heterogeneity_high_comorbidity
model_design_sex_gender,146,icd10_era,float64 matrix column,one row per eligible model encounter,,icd10_era,Prespecified binary heterogeneity modifier.,Computed exactly by design_batch() in 07_prepare_primary_model_matrix.py.,Frozen missing-category indicators or documented median imputation are used; exposure eligibility rules are applied before matrix construction.,Primary 2010-2024 model design only.,"Interpret with the cohort, reference levels, and fixed effects stored in the matrix manifest.",,,sex_gender,model design,heterogeneity_icd10_era
model_design_sex_gender,147,icd10_era_x_physician,float64 matrix column,one row per eligible model encounter,,icd10_era; cohort-specific physician exposure,icd10_era multiplied by the cohort-specific physician exposure.,Computed exactly by design_batch() in 07_prepare_primary_model_matrix.py.,Frozen missing-category indicators or documented median imputation are used; exposure eligibility rules are applied before matrix construction.,Primary 2010-2024 model design only.,"Interpret with the cohort, reference levels, and fixed effects stored in the matrix manifest.",,,sex_gender,model design,heterogeneity_icd10_era
model_design_sex_gender,148,icd10_era_x_patient,float64 matrix column,one row per eligible model encounter,,icd10_era; cohort-specific patient exposure,icd10_era multiplied by the cohort-specific patient exposure.,Computed exactly by design_batch() in 07_prepare_primary_model_matrix.py.,Frozen missing-category indicators or documented median imputation are used; exposure eligibility rules are applied before matrix construction.,Primary 2010-2024 model design only.,"Interpret with the cohort, reference levels, and fixed effects stored in the matrix manifest.",,,sex_gender,model design,heterogeneity_icd10_era
model_design_sex_gender,149,icd10_era_x_interaction,float64 matrix column,one row per eligible model encounter,,icd10_era; cohort-specific physician-by-patient interaction,icd10_era multiplied by the cohort-specific physician-by-patient interaction.,Computed exactly by design_batch() in 07_prepare_primary_model_matrix.py.,Frozen missing-category indicators or documented median imputation are used; exposure eligibility rules are applied before matrix construction.,Primary 2010-2024 model design only.,"Interpret with the cohort, reference levels, and fixed effects stored in the matrix manifest.",,,sex_gender,model design,heterogeneity_icd10_era
model_design_sex_gender,150,high_experience,float64 matrix column,one row per eligible model encounter,,high_experience,Prespecified binary heterogeneity modifier.,Computed exactly by design_batch() in 07_prepare_primary_model_matrix.py.,Frozen missing-category indicators or documented median imputation are used; exposure eligibility rules are applied before matrix construction.,Primary 2010-2024 model design only.,"Interpret with the cohort, reference levels, and fixed effects stored in the matrix manifest.",,,sex_gender,model design,heterogeneity_high_experience
model_design_sex_gender,151,high_experience_x_physician,float64 matrix column,one row per eligible model encounter,,high_experience; cohort-specific physician exposure,high_experience multiplied by the cohort-specific physician exposure.,Computed exactly by design_batch() in 07_prepare_primary_model_matrix.py.,Frozen missing-category indicators or documented median imputation are used; exposure eligibility rules are applied before matrix construction.,Primary 2010-2024 model design only.,"Interpret with the cohort, reference levels, and fixed effects stored in the matrix manifest.",,,sex_gender,model design,heterogeneity_high_experience
model_design_sex_gender,152,high_experience_x_patient,float64 matrix column,one row per eligible model encounter,,high_experience; cohort-specific patient exposure,high_experience multiplied by the cohort-specific patient exposure.,Computed exactly by design_batch() in 07_prepare_primary_model_matrix.py.,Frozen missing-category indicators or documented median imputation are used; exposure eligibility rules are applied before matrix construction.,Primary 2010-2024 model design only.,"Interpret with the cohort, reference levels, and fixed effects stored in the matrix manifest.",,,sex_gender,model design,heterogeneity_high_experience
model_design_sex_gender,153,high_experience_x_interaction,float64 matrix column,one row per eligible model encounter,,high_experience; cohort-specific physician-by-patient interaction,high_experience multiplied by the cohort-specific physician-by-patient interaction.,Computed exactly by design_batch() in 07_prepare_primary_model_matrix.py.,Frozen missing-category indicators or documented median imputation are used; exposure eligibility rules are applied before matrix construction.,Primary 2010-2024 model design only.,"Interpret with the cohort, reference levels, and fixed effects stored in the matrix manifest.",,,sex_gender,model design,heterogeneity_high_experience
model_design_sex_gender,154,high_physician_volume,float64 matrix column,one row per eligible model encounter,,high_physician_volume,Prespecified binary heterogeneity modifier.,Computed exactly by design_batch() in 07_prepare_primary_model_matrix.py.,Frozen missing-category indicators or documented median imputation are used; exposure eligibility rules are applied before matrix construction.,Primary 2010-2024 model design only.,"Interpret with the cohort, reference levels, and fixed effects stored in the matrix manifest.",,,sex_gender,model design,heterogeneity_high_physician_volume
model_design_sex_gender,155,high_physician_volume_x_physician,float64 matrix column,one row per eligible model encounter,,high_physician_volume; cohort-specific physician exposure,high_physician_volume multiplied by the cohort-specific physician exposure.,Computed exactly by design_batch() in 07_prepare_primary_model_matrix.py.,Frozen missing-category indicators or documented median imputation are used; exposure eligibility rules are applied before matrix construction.,Primary 2010-2024 model design only.,"Interpret with the cohort, reference levels, and fixed effects stored in the matrix manifest.",,,sex_gender,model design,heterogeneity_high_physician_volume
model_design_sex_gender,156,high_physician_volume_x_patient,float64 matrix column,one row per eligible model encounter,,high_physician_volume; cohort-specific patient exposure,high_physician_volume multiplied by the cohort-specific patient exposure.,Computed exactly by design_batch() in 07_prepare_primary_model_matrix.py.,Frozen missing-category indicators or documented median imputation are used; exposure eligibility rules are applied before matrix construction.,Primary 2010-2024 model design only.,"Interpret with the cohort, reference levels, and fixed effects stored in the matrix manifest.",,,sex_gender,model design,heterogeneity_high_physician_volume
model_design_sex_gender,157,high_physician_volume_x_interaction,float64 matrix column,one row per eligible model encounter,,high_physician_volume; cohort-specific physician-by-patient interaction,high_physician_volume multiplied by the cohort-specific physician-by-patient interaction.,Computed exactly by design_batch() in 07_prepare_primary_model_matrix.py.,Frozen missing-category indicators or documented median imputation are used; exposure eligibility rules are applied before matrix construction.,Primary 2010-2024 model design only.,"Interpret with the cohort, reference levels, and fixed effects stored in the matrix manifest.",,,sex_gender,model design,heterogeneity_high_physician_volume
model_design_sex_gender,158,facility_rural,float64 matrix column,one row per eligible model encounter,,facility_rural,Prespecified binary heterogeneity modifier.,Computed exactly by design_batch() in 07_prepare_primary_model_matrix.py.,Frozen missing-category indicators or documented median imputation are used; exposure eligibility rules are applied before matrix construction.,Primary 2010-2024 model design only.,"Interpret with the cohort, reference levels, and fixed effects stored in the matrix manifest.",,,sex_gender,model design,heterogeneity_facility_rural
model_design_sex_gender,159,facility_rural_x_physician,float64 matrix column,one row per eligible model encounter,,facility_rural; cohort-specific physician exposure,facility_rural multiplied by the cohort-specific physician exposure.,Computed exactly by design_batch() in 07_prepare_primary_model_matrix.py.,Frozen missing-category indicators or documented median imputation are used; exposure eligibility rules are applied before matrix construction.,Primary 2010-2024 model design only.,"Interpret with the cohort, reference levels, and fixed effects stored in the matrix manifest.",,,sex_gender,model design,heterogeneity_facility_rural
model_design_sex_gender,160,facility_rural_x_patient,float64 matrix column,one row per eligible model encounter,,facility_rural; cohort-specific patient exposure,facility_rural multiplied by the cohort-specific patient exposure.,Computed exactly by design_batch() in 07_prepare_primary_model_matrix.py.,Frozen missing-category indicators or documented median imputation are used; exposure eligibility rules are applied before matrix construction.,Primary 2010-2024 model design only.,"Interpret with the cohort, reference levels, and fixed effects stored in the matrix manifest.",,,sex_gender,model design,heterogeneity_facility_rural
model_design_sex_gender,161,facility_rural_x_interaction,float64 matrix column,one row per eligible model encounter,,facility_rural; cohort-specific physician-by-patient interaction,facility_rural multiplied by the cohort-specific physician-by-patient interaction.,Computed exactly by design_batch() in 07_prepare_primary_model_matrix.py.,Frozen missing-category indicators or documented median imputation are used; exposure eligibility rules are applied before matrix construction.,Primary 2010-2024 model design only.,"Interpret with the cohort, reference levels, and fixed effects stored in the matrix manifest.",,,sex_gender,model design,heterogeneity_facility_rural
model_design_sex_gender,162,facility_for_profit,float64 matrix column,one row per eligible model encounter,,facility_for_profit,Prespecified binary heterogeneity modifier.,Computed exactly by design_batch() in 07_prepare_primary_model_matrix.py.,Frozen missing-category indicators or documented median imputation are used; exposure eligibility rules are applied before matrix construction.,Primary 2010-2024 model design only.,"Interpret with the cohort, reference levels, and fixed effects stored in the matrix manifest.",,,sex_gender,model design,heterogeneity_facility_for_profit
model_design_sex_gender,163,facility_for_profit_x_physician,float64 matrix column,one row per eligible model encounter,,facility_for_profit; cohort-specific physician exposure,facility_for_profit multiplied by the cohort-specific physician exposure.,Computed exactly by design_batch() in 07_prepare_primary_model_matrix.py.,Frozen missing-category indicators or documented median imputation are used; exposure eligibility rules are applied before matrix construction.,Primary 2010-2024 model design only.,"Interpret with the cohort, reference levels, and fixed effects stored in the matrix manifest.",,,sex_gender,model design,heterogeneity_facility_for_profit
model_design_sex_gender,164,facility_for_profit_x_patient,float64 matrix column,one row per eligible model encounter,,facility_for_profit; cohort-specific patient exposure,facility_for_profit multiplied by the cohort-specific patient exposure.,Computed exactly by design_batch() in 07_prepare_primary_model_matrix.py.,Frozen missing-category indicators or documented median imputation are used; exposure eligibility rules are applied before matrix construction.,Primary 2010-2024 model design only.,"Interpret with the cohort, reference levels, and fixed effects stored in the matrix manifest.",,,sex_gender,model design,heterogeneity_facility_for_profit
model_design_sex_gender,165,facility_for_profit_x_interaction,float64 matrix column,one row per eligible model encounter,,facility_for_profit; cohort-specific physician-by-patient interaction,facility_for_profit multiplied by the cohort-specific physician-by-patient interaction.,Computed exactly by design_batch() in 07_prepare_primary_model_matrix.py.,Frozen missing-category indicators or documented median imputation are used; exposure eligibility rules are applied before matrix construction.,Primary 2010-2024 model design only.,"Interpret with the cohort, reference levels, and fixed effects stored in the matrix manifest.",,,sex_gender,model design,heterogeneity_facility_for_profit
model_design_sex_gender,166,classified_subjectivity_high,float64 matrix column,one row per eligible model encounter,,presentation_subjectivity_review.csv,1 for a nonambiguous higher-uncertainty proxy category and 0 for a lower-uncertainty proxy category; ambiguous rows are excluded from the exact sensitivity.,Computed exactly by design_batch() in 07_prepare_primary_model_matrix.py.,Frozen missing-category indicators or documented median imputation are used; exposure eligibility rules are applied before matrix construction.,Primary 2010-2024 model design only.,Not a validated measure of clinical subjectivity.,,,sex_gender,model design,heterogeneity_classified_subjectivity_high
model_design_sex_gender,167,classified_subjectivity_high_x_physician,float64 matrix column,one row per eligible model encounter,,classified_subjectivity_high; cohort-specific physician exposure,classified_subjectivity_high multiplied by the cohort-specific physician exposure.,Computed exactly by design_batch() in 07_prepare_primary_model_matrix.py.,Frozen missing-category indicators or documented median imputation are used; exposure eligibility rules are applied before matrix construction.,Primary 2010-2024 model design only.,"Interpret with the cohort, reference levels, and fixed effects stored in the matrix manifest.",,,sex_gender,model design,heterogeneity_classified_subjectivity_high
model_design_sex_gender,168,classified_subjectivity_high_x_patient,float64 matrix column,one row per eligible model encounter,,classified_subjectivity_high; cohort-specific patient exposure,classified_subjectivity_high multiplied by the cohort-specific patient exposure.,Computed exactly by design_batch() in 07_prepare_primary_model_matrix.py.,Frozen missing-category indicators or documented median imputation are used; exposure eligibility rules are applied before matrix construction.,Primary 2010-2024 model design only.,"Interpret with the cohort, reference levels, and fixed effects stored in the matrix manifest.",,,sex_gender,model design,heterogeneity_classified_subjectivity_high
model_design_sex_gender,169,classified_subjectivity_high_x_interaction,float64 matrix column,one row per eligible model encounter,,classified_subjectivity_high; cohort-specific physician-by-patient interaction,classified_subjectivity_high multiplied by the cohort-specific physician-by-patient interaction.,Computed exactly by design_batch() in 07_prepare_primary_model_matrix.py.,Frozen missing-category indicators or documented median imputation are used; exposure eligibility rules are applied before matrix construction.,Primary 2010-2024 model design only.,"Interpret with the cohort, reference levels, and fixed effects stored in the matrix manifest.",,,sex_gender,model design,heterogeneity_classified_subjectivity_high
model_outcome_catalog,1,los_hours_primary_0_168,float64 matrix outcome,one row per eligible model encounter,,los_hours_clock_raw,Clock-based LOS retained only when nonnegative and no more than 168 hours.,See 07_prepare_primary_model_matrix.py and the source field dictionary.,"Negative, >168-hour, invalid-hour, and source-missing values are excluded; they are not recoded to zero.",Primary only for 2010-2024.,Administrative timing proxy; not clinical throughput detail.,,,race; sex_gender,model outcome,outcome
model_outcome_catalog,2,total_charge_reported_real_2024,float64 matrix outcome,one row per eligible model encounter,,total_charge_reported; BLS CPI-U CUUR0000SA0,Nonnegative facility-reported total charge multiplied by the quarter CPI-U factor to 2024 dollars.,See 07_prepare_primary_model_matrix.py and the source field dictionary.,Negative and missing charges remain missing.,Comparable as inflation-standardized reported charges subject to source-schema and charging-practice changes.,"Not cost, payment, reimbursement, or actual spending.",,,race; sex_gender,model outcome,outcome
model_outcome_catalog,3,total_charge_reported,float64 matrix outcome,one row per eligible model encounter,,total_charge_reported,Visit-level analysis outcome preserved or derived under the locked model-matrix rules.,See 07_prepare_primary_model_matrix.py and the source field dictionary.,Outcome-specific eligibility is documented in the matrix manifest; missing values are never silently zero-filled.,Primary 2010-2024 model outcome unless separately documented.,,,,race; sex_gender,model outcome,outcome
model_outcome_catalog,4,total_charge_real_2024,float64 matrix outcome,one row per eligible model encounter,,total_charge_real_2024,Visit-level analysis outcome preserved or derived under the locked model-matrix rules.,See 07_prepare_primary_model_matrix.py and the source field dictionary.,Outcome-specific eligibility is documented in the matrix manifest; missing values are never silently zero-filled.,Primary 2010-2024 model outcome unless separately documented.,,,,race; sex_gender,model outcome,outcome
model_outcome_catalog,5,component_charge_sum_real_2024,float64 matrix outcome,one row per eligible model encounter,,component_charge_sum_real_2024,Visit-level analysis outcome preserved or derived under the locked model-matrix rules.,See 07_prepare_primary_model_matrix.py and the source field dictionary.,Outcome-specific eligibility is documented in the matrix manifest; missing values are never silently zero-filled.,Primary 2010-2024 model outcome unless separately documented.,,,,race; sex_gender,model outcome,outcome
model_outcome_catalog,6,procedure_count_analysis,float64 matrix outcome,one row per eligible model encounter,,procedure_count_analysis,Visit-level analysis outcome preserved or derived under the locked model-matrix rules.,See 07_prepare_primary_model_matrix.py and the source field dictionary.,Outcome-specific eligibility is documented in the matrix manifest; missing values are never silently zero-filled.,Primary 2010-2024 model outcome unless separately documented.,,,,race; sex_gender,model outcome,outcome
model_outcome_catalog,7,any_procedure_flag,float64 matrix outcome,one row per eligible model encounter,,any_procedure_flag,Visit-level analysis outcome preserved or derived under the locked model-matrix rules.,See 07_prepare_primary_model_matrix.py and the source field dictionary.,Outcome-specific eligibility is documented in the matrix manifest; missing values are never silently zero-filled.,Primary 2010-2024 model outcome unless separately documented.,,,,race; sex_gender,model outcome,outcome
model_outcome_catalog,8,high_procedure_flag,float64 matrix outcome,one row per eligible model encounter,,high_procedure_flag,Visit-level analysis outcome preserved or derived under the locked model-matrix rules.,See 07_prepare_primary_model_matrix.py and the source field dictionary.,Outcome-specific eligibility is documented in the matrix manifest; missing values are never silently zero-filled.,Primary 2010-2024 model outcome unless separately documented.,,,,race; sex_gender,model outcome,outcome
model_outcome_catalog,9,routine_discharge_flag,float64 matrix outcome,one row per eligible model encounter,,routine_discharge_flag,Visit-level analysis outcome preserved or derived under the locked model-matrix rules.,See 07_prepare_primary_model_matrix.py and the source field dictionary.,Outcome-specific eligibility is documented in the matrix manifest; missing values are never silently zero-filled.,Primary 2010-2024 model outcome unless separately documented.,,,,race; sex_gender,model outcome,outcome
model_outcome_catalog,10,transfer_flag,float64 matrix outcome,one row per eligible model encounter,,transfer_flag,Visit-level analysis outcome preserved or derived under the locked model-matrix rules.,See 07_prepare_primary_model_matrix.py and the source field dictionary.,Outcome-specific eligibility is documented in the matrix manifest; missing values are never silently zero-filled.,Primary 2010-2024 model outcome unless separately documented.,,,,race; sex_gender,model outcome,outcome
model_outcome_catalog,11,hospice_flag,float64 matrix outcome,one row per eligible model encounter,,hospice_flag,Visit-level analysis outcome preserved or derived under the locked model-matrix rules.,See 07_prepare_primary_model_matrix.py and the source field dictionary.,Outcome-specific eligibility is documented in the matrix manifest; missing values are never silently zero-filled.,Primary 2010-2024 model outcome unless separately documented.,,,,race; sex_gender,model outcome,outcome
model_outcome_catalog,12,mortality_flag,float64 matrix outcome,one row per eligible model encounter,,mortality_flag,Visit-level analysis outcome preserved or derived under the locked model-matrix rules.,See 07_prepare_primary_model_matrix.py and the source field dictionary.,Outcome-specific eligibility is documented in the matrix manifest; missing values are never silently zero-filled.,Primary 2010-2024 model outcome unless separately documented.,,,,race; sex_gender,model outcome,outcome
model_outcome_catalog,13,left_discontinued_care_flag,float64 matrix outcome,one row per eligible model encounter,,left_discontinued_care_flag,Visit-level analysis outcome preserved or derived under the locked model-matrix rules.,See 07_prepare_primary_model_matrix.py and the source field dictionary.,Outcome-specific eligibility is documented in the matrix manifest; missing values are never silently zero-filled.,Primary 2010-2024 model outcome unless separately documented.,,,,race; sex_gender,model outcome,outcome
model_outcome_catalog,14,pharmchgs_real_2024,float64 matrix outcome,one row per eligible model encounter,,pharmchgs_real_2024,Visit-level analysis outcome preserved or derived under the locked model-matrix rules.,See 07_prepare_primary_model_matrix.py and the source field dictionary.,Outcome-specific eligibility is documented in the matrix manifest; missing values are never silently zero-filled.,Primary 2010-2024 model outcome unless separately documented.,,,,race; sex_gender,model outcome,outcome
model_outcome_catalog,15,medchgs_real_2024,float64 matrix outcome,one row per eligible model encounter,,medchgs_real_2024,Visit-level analysis outcome preserved or derived under the locked model-matrix rules.,See 07_prepare_primary_model_matrix.py and the source field dictionary.,Outcome-specific eligibility is documented in the matrix manifest; missing values are never silently zero-filled.,Primary 2010-2024 model outcome unless separately documented.,,,,race; sex_gender,model outcome,outcome
model_outcome_catalog,16,labchgs_real_2024,float64 matrix outcome,one row per eligible model encounter,,labchgs_real_2024,Visit-level analysis outcome preserved or derived under the locked model-matrix rules.,See 07_prepare_primary_model_matrix.py and the source field dictionary.,Outcome-specific eligibility is documented in the matrix manifest; missing values are never silently zero-filled.,Primary 2010-2024 model outcome unless separately documented.,,,,race; sex_gender,model outcome,outcome
model_outcome_catalog,17,radchgs_real_2024,float64 matrix outcome,one row per eligible model encounter,,radchgs_real_2024,Visit-level analysis outcome preserved or derived under the locked model-matrix rules.,See 07_prepare_primary_model_matrix.py and the source field dictionary.,Outcome-specific eligibility is documented in the matrix manifest; missing values are never silently zero-filled.,Primary 2010-2024 model outcome unless separately documented.,,,,race; sex_gender,model outcome,outcome
model_outcome_catalog,18,cardiochgs_real_2024,float64 matrix outcome,one row per eligible model encounter,,cardiochgs_real_2024,Visit-level analysis outcome preserved or derived under the locked model-matrix rules.,See 07_prepare_primary_model_matrix.py and the source field dictionary.,Outcome-specific eligibility is documented in the matrix manifest; missing values are never silently zero-filled.,Primary 2010-2024 model outcome unless separately documented.,,,,race; sex_gender,model outcome,outcome
model_outcome_catalog,19,oprmchgs_real_2024,float64 matrix outcome,one row per eligible model encounter,,oprmchgs_real_2024,Visit-level analysis outcome preserved or derived under the locked model-matrix rules.,See 07_prepare_primary_model_matrix.py and the source field dictionary.,Outcome-specific eligibility is documented in the matrix manifest; missing values are never silently zero-filled.,Primary 2010-2024 model outcome unless separately documented.,,,,race; sex_gender,model outcome,outcome
model_outcome_catalog,20,aneschgs_real_2024,float64 matrix outcome,one row per eligible model encounter,,aneschgs_real_2024,Visit-level analysis outcome preserved or derived under the locked model-matrix rules.,See 07_prepare_primary_model_matrix.py and the source field dictionary.,Outcome-specific eligibility is documented in the matrix manifest; missing values are never silently zero-filled.,Primary 2010-2024 model outcome unless separately documented.,,,,race; sex_gender,model outcome,outcome
model_outcome_catalog,21,recovchgs_real_2024,float64 matrix outcome,one row per eligible model encounter,,recovchgs_real_2024,Visit-level analysis outcome preserved or derived under the locked model-matrix rules.,See 07_prepare_primary_model_matrix.py and the source field dictionary.,Outcome-specific eligibility is documented in the matrix manifest; missing values are never silently zero-filled.,Primary 2010-2024 model outcome unless separately documented.,,,,race; sex_gender,model outcome,outcome
model_outcome_catalog,22,erchgs_real_2024,float64 matrix outcome,one row per eligible model encounter,,erchgs_real_2024,Visit-level analysis outcome preserved or derived under the locked model-matrix rules.,See 07_prepare_primary_model_matrix.py and the source field dictionary.,Outcome-specific eligibility is documented in the matrix manifest; missing values are never silently zero-filled.,Primary 2010-2024 model outcome unless separately documented.,,,,race; sex_gender,model outcome,outcome
model_outcome_catalog,23,traumachgs_real_2024,float64 matrix outcome,one row per eligible model encounter,,traumachgs_real_2024,Visit-level analysis outcome preserved or derived under the locked model-matrix rules.,See 07_prepare_primary_model_matrix.py and the source field dictionary.,Outcome-specific eligibility is documented in the matrix manifest; missing values are never silently zero-filled.,Primary 2010-2024 model outcome unless separately documented.,,,,race; sex_gender,model outcome,outcome
model_outcome_catalog,24,obserchgs_real_2024,float64 matrix outcome,one row per eligible model encounter,,obserchgs_real_2024,Visit-level analysis outcome preserved or derived under the locked model-matrix rules.,See 07_prepare_primary_model_matrix.py and the source field dictionary.,Outcome-specific eligibility is documented in the matrix manifest; missing values are never silently zero-filled.,Primary 2010-2024 model outcome unless separately documented.,,,,race; sex_gender,model outcome,outcome
model_outcome_catalog,25,gastrochgs_real_2024,float64 matrix outcome,one row per eligible model encounter,,gastrochgs_real_2024,Visit-level analysis outcome preserved or derived under the locked model-matrix rules.,See 07_prepare_primary_model_matrix.py and the source field dictionary.,Outcome-specific eligibility is documented in the matrix manifest; missing values are never silently zero-filled.,Primary 2010-2024 model outcome unless separately documented.,,,,race; sex_gender,model outcome,outcome
model_outcome_catalog,26,lithochgs_real_2024,float64 matrix outcome,one row per eligible model encounter,,lithochgs_real_2024,Visit-level analysis outcome preserved or derived under the locked model-matrix rules.,See 07_prepare_primary_model_matrix.py and the source field dictionary.,Outcome-specific eligibility is documented in the matrix manifest; missing values are never silently zero-filled.,Primary 2010-2024 model outcome unless separately documented.,,,,race; sex_gender,model outcome,outcome
model_outcome_catalog,27,othchgs_real_2024,float64 matrix outcome,one row per eligible model encounter,,othchgs_real_2024,Visit-level analysis outcome preserved or derived under the locked model-matrix rules.,See 07_prepare_primary_model_matrix.py and the source field dictionary.,Outcome-specific eligibility is documented in the matrix manifest; missing values are never silently zero-filled.,Primary 2010-2024 model outcome unless separately documented.,,,,race; sex_gender,model outcome,outcome
model_outcome_catalog,28,higher_discretion_procedure_count,float64 matrix outcome,one row per eligible model encounter,,visit_procedure; treatment_discretion_review.csv,Number of coded procedures mapped to a provisional higher-discretion candidate group.,See 07_prepare_primary_model_matrix.py and the source field dictionary.,Outcome-specific eligibility is documented in the matrix manifest; missing values are never silently zero-filled.,Primary 2010-2024 model outcome unless separately documented.,Evidence-informed and provisional pending clinician review.,,,race; sex_gender,model outcome,outcome
model_outcome_catalog,29,lower_discretion_procedure_count,float64 matrix outcome,one row per eligible model encounter,,visit_procedure; treatment_discretion_review.csv,Number of coded procedures mapped to a provisional lower-discretion candidate group.,See 07_prepare_primary_model_matrix.py and the source field dictionary.,Outcome-specific eligibility is documented in the matrix manifest; missing values are never silently zero-filled.,Primary 2010-2024 model outcome unless separately documented.,Evidence-informed and provisional pending clinician review.,,,race; sex_gender,model outcome,outcome
model_outcome_catalog,30,ambiguous_discretion_procedure_count,float64 matrix outcome,one row per eligible model encounter,,visit_procedure; treatment_discretion_review.csv,"Number of coded procedures that remain ambiguous, unclassified, or unmatched in the provisional discretion crosswalk.",See 07_prepare_primary_model_matrix.py and the source field dictionary.,Outcome-specific eligibility is documented in the matrix manifest; missing values are never silently zero-filled.,Primary 2010-2024 model outcome unless separately documented.,Ambiguity is preserved rather than forced into a binary group.,,,race; sex_gender,model outcome,outcome
model_outcome_catalog,31,any_higher_discretion_candidate_flag,float64 matrix outcome,one row per eligible model encounter,,higher_discretion_procedure_count,1 when the higher-discretion candidate count is greater than zero.,See 07_prepare_primary_model_matrix.py and the source field dictionary.,Outcome-specific eligibility is documented in the matrix manifest; missing values are never silently zero-filled.,Primary 2010-2024 model outcome unless separately documented.,,,,race; sex_gender,model outcome,outcome
model_outcome_catalog,32,any_lower_discretion_candidate_flag,float64 matrix outcome,one row per eligible model encounter,,lower_discretion_procedure_count,1 when the lower-discretion candidate count is greater than zero.,See 07_prepare_primary_model_matrix.py and the source field dictionary.,Outcome-specific eligibility is documented in the matrix manifest; missing values are never silently zero-filled.,Primary 2010-2024 model outcome unless separately documented.,,,,race; sex_gender,model outcome,outcome
model_outcome_catalog,33,log1p_los_hours_primary,float64 matrix outcome,one row per eligible model encounter,,los_hours_primary_0_168,Natural log of 1 plus the primary 0-168-hour LOS measure.,log1p(los_hours_primary_0_168).,Defined only in a matrix whose source LOS is observed.,Not constructed for 2005-2008.,,,,race; sex_gender,model outcome,outcome
model_outcome_catalog,34,log1p_total_charge_reported_real_2024,float64 matrix outcome,one row per eligible model encounter,,total_charge_reported_real_2024,Natural log of 1 plus nonnegative facility-reported total charges inflated to 2024 dollars.,log1p(total_charge_reported_real_2024).,Outcome-specific eligibility is documented in the matrix manifest; missing values are never silently zero-filled.,Primary 2010-2024 model outcome unless separately documented.,"Facility-reported charge transformation, not cost or payment.",,,race; sex_gender,model outcome,outcome
model_outcome_catalog,35,any_positive_total_charge_reported,float64 matrix outcome,one row per eligible model encounter,,total_charge_reported_real_2024,1 when real reported total charges are strictly positive; 0 at zero.,I(total_charge_reported_real_2024 > 0).,Outcome-specific eligibility is documented in the matrix manifest; missing values are never silently zero-filled.,Primary 2010-2024 model outcome unless separately documented.,,,,race; sex_gender,model outcome,outcome
model_outcome_catalog,36,los_hours_winsor_yq_p995,float64 matrix outcome,one row per eligible model encounter,,los_hours_primary_0_168; visit_year; visit_quarter,Primary LOS capped at its eligible year-quarter 99.5th percentile.,"min(LOS, eligible year-quarter p99.5).",Outcome-specific eligibility is documented in the matrix manifest; missing values are never silently zero-filled.,Primary 2010-2024 model outcome unless separately documented.,,,,race; sex_gender,model outcome,outcome
model_outcome_catalog,37,total_charge_real_winsor_yq_p995,float64 matrix outcome,one row per eligible model encounter,,total_charge_reported_real_2024; visit_year; visit_quarter,Real reported total charges capped at the eligible year-quarter 99.5th percentile.,"min(real reported charge, eligible year-quarter p99.5).",Outcome-specific eligibility is documented in the matrix manifest; missing values are never silently zero-filled.,Primary 2010-2024 model outcome unless separately documented.,"Facility-reported charges, not cost or payment.",,,race; sex_gender,model outcome,outcome
model_outcome_catalog,38,total_charge_real_winsor_yq_p999,float64 matrix outcome,one row per eligible model encounter,,total_charge_reported_real_2024; visit_year; visit_quarter,Real reported total charges capped at the eligible year-quarter 99.9th percentile.,"min(real reported charge, eligible year-quarter p99.9).",Outcome-specific eligibility is documented in the matrix manifest; missing values are never silently zero-filled.,Primary 2010-2024 model outcome unless separately documented.,"Facility-reported charges, not cost or payment.",,,race; sex_gender,model outcome,outcome
model_outcome_catalog,39,total_charge_reported_real_2024_medical_cpi,float64 matrix outcome,one row per eligible model encounter,,total_charge_reported; BLS Medical Care CPI CUUR0000SAM,Nonnegative facility-reported total charge multiplied by the quarter Medical Care CPI factor to 2024 dollars.,total_charge_reported * medical_cpi_factor_to_2024.,Outcome-specific eligibility is documented in the matrix manifest; missing values are never silently zero-filled.,Primary 2010-2024 model outcome unless separately documented.,Alternative inflation sensitivity; not cost or payment.,,,race; sex_gender,model outcome,outcome
model_outcome_catalog,40,higher_minus_lower_discretion_procedure_count,float64 matrix outcome,one row per eligible model encounter,,higher_discretion_procedure_count; lower_discretion_procedure_count,Higher-discretion candidate procedure count minus lower-discretion candidate procedure count.,See 07_prepare_primary_model_matrix.py and the source field dictionary.,Outcome-specific eligibility is documented in the matrix manifest; missing values are never silently zero-filled.,Primary 2010-2024 model outcome unless separately documented.,Exploratory contrast based on a provisional crosswalk.,,,race; sex_gender,model outcome,outcome
model_outcome_catalog,41,any_higher_minus_any_lower_discretion_candidate,float64 matrix outcome,one row per eligible model encounter,,any_higher_discretion_candidate_flag; any_lower_discretion_candidate_flag,Any higher-discretion candidate indicator minus any lower-discretion candidate indicator.,See 07_prepare_primary_model_matrix.py and the source field dictionary.,Outcome-specific eligibility is documented in the matrix manifest; missing values are never silently zero-filled.,Primary 2010-2024 model outcome unless separately documented.,Exploratory contrast based on a provisional crosswalk.,,,race; sex_gender,model outcome,outcome
model_outcome_catalog,42,home_health_flag,float64 matrix outcome,one row per eligible model encounter,,disposition_group,1 when the standardized ED disposition is Home health; 0 otherwise.,I(disposition_group == 'Home health').,Outcome-specific eligibility is documented in the matrix manifest; missing values are never silently zero-filled.,Primary 2010-2024 model outcome unless separately documented.,ED disposition only; it is not a confirmed same-facility inpatient admission.,,,race; sex_gender,model outcome,outcome
